{
  "name": "wood_block",
  "x": 0.13589246342357328,
  "y": 0.00031201101290851015,
  "z": 0.8211303014139834,
  "qx": -0.008765759698686636,
  "qy": 0.38911324950747744,
  "qz": -0.00192059580208667,
  "qw": 0.9211462163122647,
  "source_topic": "/world/robot_world/dynamic_pose/info"
}