{
  "trial_id": "fixed_truth_001",
  "use_truth": true,
  "success": false,
  "failure_type": "grasp_no_lift",
  "t_start": 1778483484.204127,
  "stage": "done",
  "truth_before": {
    "name": "wood_block",
    "x": 0.12,
    "y": -9.24232548089882e-18,
    "z": 0.7749956925160869,
    "qx": 8.463591743827726e-17,
    "qy": 9.756986077476205e-17,
    "qz": 3.2246226615193523e-16,
    "qw": 1.0,
    "source_topic": "/world/robot_world/dynamic_pose/info"
  },
  "target_source": "gazebo_truth",
  "perception": null,
  "target_world_xyz": [
    0.12,
    -9.24232548089882e-18,
    0.7749956925160869
  ],
  "target_base_xy": [
    0.32,
    -9.24232548089882e-18
  ],
  "waypoints_base": {
    "pregrasp": [
      0.32,
      -9.24232548089882e-18,
      0.22
    ],
    "down": [
      0.32,
      -9.24232548089882e-18,
      0.095
    ],
    "lift": [
      0.32,
      -9.24232548089882e-18,
      0.26
    ]
  },
  "q_targets": {
    "pregrasp": [
      0.00010309216788884567,
      -0.4062114622697853,
      -0.8294959146137042,
      -0.5929708640771049,
      0.0196379773038577
    ],
    "down": [
      0.00011928429679878376,
      -0.6245948568969568,
      -0.9967723258545318,
      -0.6739493379088033,
      0.019610880624052057
    ],
    "lift": [
      0.00011734982326749045,
      -0.4077330952668855,
      -0.727865814617655,
      -0.5020797733005911,
      0.019667863599773027
    ]
  },
  "truth_after": {
    "name": "wood_block",
    "x": 0.12,
    "y": -9.24232548089882e-18,
    "z": 0.7749956925160869,
    "qx": 8.463591743827726e-17,
    "qy": 9.756986077476205e-17,
    "qz": 3.2246226615193523e-16,
    "qw": 1.0,
    "source_topic": "/world/robot_world/dynamic_pose/info"
  },
  "t_end": 1778483551.9109294,
  "duration_s": 67.70680236816406
}