{
  "trial_id": "scheme_a_clean_stepclose_075_050_snapshot",
  "use_truth": true,
  "success": false,
  "failure_type": "grasp_no_lift",
  "t_start": 1780037535.598109,
  "params": {
    "pre_z_base": 0.22,
    "down_z_base": 0.02,
    "lift_z_base": 0.26,
    "x_offset": 0.0,
    "y_offset": 0.0,
    "close": 0.0,
    "close_seq": "0.75,0.70,0.65,0.60,0.55,0.50",
    "close_wait": 0.5,
    "gripper_close_duration": 1.0,
    "down_duration": 2.5,
    "lift_duration": 3.5
  },
  "stage": "done",
  "joint_after_open_1": {
    "joint1": 0.0001433400658718762,
    "joint2": -0.012482937639758907,
    "joint3": -0.013239424704806003,
    "joint4": -0.0037735340133717658,
    "joint5": 0.00015117699412830132,
    "l_in_joint": -0.761395292563064,
    "l_out_joint": 0.7615496576588304,
    "l_joint": -0.761515030147864,
    "r_in_joint": -0.7613807104938091,
    "r_out_joint": 0.7615676110088732,
    "r_joint": 0.7615651177365407
  },
  "joint_after_open_2": {
    "joint2": 0.7252266883935772,
    "joint3": -1.6005952467228235,
    "joint1": 1.294241611013143e-06,
    "joint4": -1.646542877894892,
    "r_joint": 0.799999214387881,
    "l_joint": -0.7999785723897704,
    "l_in_joint": -0.7999374192769503,
    "l_out_joint": 0.8000050759682724,
    "r_in_joint": -0.7999641086583701,
    "joint5": 9.594794419717759e-07,
    "r_out_joint": 0.8000003032380771
  },
  "truth_before": {
    "name": "wood_block",
    "x": 0.1200000885936214,
    "y": 3.742673007594814e-08,
    "z": 0.7744187261356542,
    "qx": -4.857855037283084e-07,
    "qy": 1.1494365408631252e-06,
    "qz": -7.029469735141359e-10,
    "qw": 0.9999999999992214,
    "source_topic": "/world/robot_world/dynamic_pose/info"
  },
  "target_source": "gazebo_truth",
  "perception": null,
  "target_world_xyz": [
    0.1200000885936214,
    3.742673007594814e-08,
    0.7744187261356542
  ],
  "target_base_xy": [
    0.3200000885936214,
    3.742673007594814e-08
  ],
  "waypoints_base": {
    "pregrasp": [
      0.3200000885936214,
      3.742673007594814e-08,
      0.22
    ],
    "down": [
      0.3200000885936214,
      3.742673007594814e-08,
      0.02
    ],
    "lift": [
      0.3200000885936214,
      3.742673007594814e-08,
      0.26
    ]
  },
  "q_targets": {
    "pregrasp": [
      0.00017727698854995953,
      -0.41553254459118577,
      -0.8042446598927832,
      -0.6196361547918253,
      0.032058586159027576
    ],
    "down": [
      0.00019281154187015176,
      -0.8878658224691861,
      -0.9792675749728572,
      -0.6128983667400089,
      0.032060644674185616
    ],
    "lift": [
      0.0001545306709930053,
      -0.4146461876077217,
      -0.7078865772752713,
      -0.5234657322336843,
      0.0321050053740412
    ]
  },
  "joint_after_down": {
    "joint1": 0.0003861151721490663,
    "joint2": -0.7960465191289187,
    "joint3": -0.9239452061053633,
    "joint4": -0.6297443119205328,
    "joint5": 0.03187643738243927,
    "l_in_joint": -0.8175445158693183,
    "l_out_joint": 0.7948936911491705,
    "l_joint": -0.8029002630106974,
    "r_in_joint": -0.8321522345486936,
    "r_out_joint": 0.8000054323808463,
    "r_joint": 0.7999999991651552
  },
  "truth_after_down": {
    "name": "wood_block",
    "x": 0.12127196096886961,
    "y": -0.0007810839086386784,
    "z": 0.7729415380496577,
    "qx": 0.023716351493198222,
    "qy": -0.016739810296874925,
    "qz": -0.008234482516350004,
    "qw": 0.9995446496884287,
    "source_topic": "/world/robot_world/dynamic_pose/info"
  },
  "close_sequence": [
    0.75,
    0.7,
    0.65,
    0.6,
    0.55,
    0.5
  ],
  "joint_after_close_0": {
    "joint2": -0.8816917419174181,
    "joint3": -0.9580477348926463,
    "joint1": -0.0001529339120874859,
    "joint4": -0.6130326622121279,
    "r_joint": 0.7659844594800497,
    "l_joint": -0.7682986708521231,
    "l_in_joint": -0.7582323380713422,
    "l_out_joint": 0.7628633728866897,
    "r_in_joint": -0.8129900573920874,
    "joint5": 0.030943791507186857,
    "r_out_joint": 0.765985278152417
  },
  "joint_after_close_1": {
    "joint1": 0.00017048219921401517,
    "joint2": -0.8846160698919292,
    "joint3": -0.9687492716805803,
    "joint4": -0.6131820996818012,
    "joint5": 0.031709574249303256,
    "l_in_joint": -0.7246866569710011,
    "l_out_joint": 0.7178937371900792,
    "l_joint": -0.7211873220158235,
    "r_in_joint": -0.754346455582564,
    "r_out_joint": 0.719466655818736,
    "r_joint": 0.7194668220165445
  },
  "joint_after_close_2": {
    "joint1": 0.00017028917661973488,
    "joint2": -0.8852309219816793,
    "joint3": -0.9730420751374168,
    "joint4": -0.6131308520218771,
    "joint5": 0.03185581146710062,
    "l_in_joint": -0.6836148417047486,
    "l_out_joint": 0.6694378159799304,
    "l_joint": -0.6718154614706884,
    "r_in_joint": -0.6972438227960145,
    "r_out_joint": 0.6702254300611382,
    "r_joint": 0.670225486949246
  },
  "joint_after_close_3": {
    "joint1": 0.00017217670415472185,
    "joint2": -0.8857734771000995,
    "joint3": -0.9748240087027715,
    "joint4": -0.6131063944521042,
    "joint5": 0.03186310156923346,
    "l_in_joint": -0.6387824929310661,
    "l_out_joint": 0.6207124185355054,
    "l_joint": -0.6226854002829755,
    "r_in_joint": -0.6457004833359922,
    "r_out_joint": 0.620991562567023,
    "r_joint": 0.6209916295691448
  },
  "joint_after_close_4": {
    "joint1": 0.00018116942320140912,
    "joint2": -0.8861717946128943,
    "joint3": -0.9757841770737941,
    "joint4": -0.6130946284695318,
    "joint5": 0.031908876507356375,
    "l_in_joint": -0.592920370148003,
    "l_out_joint": 0.5720668338774189,
    "l_joint": -0.5737488554780691,
    "r_in_joint": -0.5965205912437057,
    "r_out_joint": 0.5718900081231897,
    "r_joint": 0.5718899617523034
  },
  "joint_after_close_5": {
    "joint2": -0.8862640648504946,
    "joint3": -0.9763183741141372,
    "joint1": 0.0001897599903361119,
    "joint4": -0.6130729922258458,
    "r_joint": 0.5221426864679513,
    "l_joint": -0.5241168781544021,
    "l_in_joint": -0.5452798581538422,
    "l_out_joint": 0.5227643810388191,
    "r_in_joint": -0.5466839498386886,
    "joint5": 0.03195360833974796,
    "r_out_joint": 0.5221427431931743
  },
  "joint_after_lift": {
    "joint1": 0.00014429781633559934,
    "joint2": -0.4703502417316879,
    "joint3": -0.7505869193672267,
    "joint4": -0.5314841535438987,
    "joint5": 0.032204494934364336,
    "l_in_joint": -0.5037464008696709,
    "l_out_joint": 0.4997257238692346,
    "l_joint": -0.499502346951474,
    "r_in_joint": -0.498922570355415,
    "r_out_joint": 0.5000401702922411,
    "r_joint": 0.5000002533697178
  },
  "truth_after": {
    "name": "wood_block",
    "x": 0.13780662245828448,
    "y": 0.0026671353746214404,
    "z": 0.7737955790381706,
    "qx": 0.052061853445416535,
    "qy": -0.712244859561584,
    "qz": 0.035603246904814256,
    "qw": 0.6990917194859072,
    "source_topic": "/world/robot_world/dynamic_pose/info"
  },
  "t_end": 1780037712.2305527,
  "duration_s": 176.63244366645813
}