{
  "trial_id": "scheme_a_holdactive_multilift_to055_wait8",
  "mode": "hold_close_multilift_probe",
  "params": {
    "trial_id": "scheme_a_holdactive_multilift_to055_wait8",
    "skip_home": false,
    "pre_z_base": 0.22,
    "down_z_base": 0.02,
    "lift_seq": "0.035,0.060,0.090,0.130,0.180,0.220,0.260",
    "x_offset": 0.0,
    "y_offset": 0.0,
    "close_seq": "0.75,0.70,0.65,0.60,0.55",
    "gripper_step_dt": 1.0,
    "gripper_hold_s": 120.0,
    "wait_before_lift": 8.0,
    "down_duration": 2.5,
    "lift_duration": 1.6,
    "hold_after_each_lift": 0.6,
    "clamp_dz": 0.012,
    "success_dz": 0.035,
    "max_clamp_xy": 0.035
  },
  "close_values": [
    0.75,
    0.7,
    0.65,
    0.6,
    0.55
  ],
  "lift_zs": [
    0.035,
    0.06,
    0.09,
    0.13,
    0.18,
    0.22,
    0.26
  ],
  "success": false,
  "clamped": false,
  "failure_type": "partial_contact_not_clamped",
  "diagnosis": "object moved slightly but did not reach clamp threshold; tune close endpoint and x/y offset",
  "t_start": 1780038737.3412046,
  "stage": "done",
  "truth_before": {
    "name": "wood_block",
    "x": 0.11999999999993319,
    "y": -4.1369357394531673e-14,
    "z": 0.7746136865125702,
    "qx": 4.556914871879698e-13,
    "qy": -7.360192885841253e-13,
    "qz": 6.630863770837215e-17,
    "qw": 1.0,
    "source_topic": "/world/robot_world/dynamic_pose/info"
  },
  "target_world_xyz": [
    0.11999999999993319,
    -4.1369357394531673e-14,
    0.7746136865125702
  ],
  "target_base_xy": [
    0.3199999999999332,
    -4.1369357394531673e-14
  ],
  "waypoints_base": {
    "pregrasp": [
      0.3199999999999332,
      -4.1369357394531673e-14,
      0.22
    ],
    "down": [
      0.3199999999999332,
      -4.1369357394531673e-14,
      0.02
    ],
    "lift_1": [
      0.3199999999999332,
      -4.1369357394531673e-14,
      0.035
    ],
    "lift_2": [
      0.3199999999999332,
      -4.1369357394531673e-14,
      0.06
    ],
    "lift_3": [
      0.3199999999999332,
      -4.1369357394531673e-14,
      0.09
    ],
    "lift_4": [
      0.3199999999999332,
      -4.1369357394531673e-14,
      0.13
    ],
    "lift_5": [
      0.3199999999999332,
      -4.1369357394531673e-14,
      0.18
    ],
    "lift_6": [
      0.3199999999999332,
      -4.1369357394531673e-14,
      0.22
    ],
    "lift_7": [
      0.3199999999999332,
      -4.1369357394531673e-14,
      0.26
    ]
  },
  "q_targets": {
    "pregrasp": [
      0.00025875661389259926,
      -0.39142679778865563,
      -0.8708818626099302,
      -0.5479665373906695,
      0.04741454952052493
    ],
    "down": [
      0.0002866554332541343,
      -0.8660071742627056,
      -1.040300854338117,
      -0.5433815270147253,
      0.04741588446393863
    ],
    "lift_1": [
      0.0002430293565418393,
      -0.8077269853598325,
      -1.0474106579583171,
      -0.5665916822747348,
      0.0474009791155723
    ],
    "lift_2": [
      0.00026192452804589317,
      -0.7176024722459271,
      -1.0515889303892587,
      -0.5976030977300102,
      0.0473806912742499
    ],
    "lift_3": [
      0.0002340833920119746,
      -0.6219011398984688,
      -1.0443362048689713,
      -0.6217093120782765,
      0.04736523442060768
    ],
    "lift_4": [
      0.000283619862053037,
      -0.5170311696508124,
      -1.01538887912198,
      -0.6305354131110418,
      0.04735949888799393
    ],
    "lift_5": [
      0.00023400443342609233,
      -0.42641023140913453,
      -0.9498587705790066,
      -0.6020090995326304,
      0.04737897372593024
    ],
    "lift_6": [
      0.0002752348575754861,
      -0.3904660726500132,
      -0.873566936146474,
      -0.5450105981680061,
      0.04741657838342608
    ],
    "lift_7": [
      0.000273637510222787,
      -0.39311912204280547,
      -0.7719446171757098,
      -0.4531577849641759,
      0.04747730972148096
    ]
  },
  "truth_after_down": {
    "name": "wood_block",
    "x": 0.12145664129771891,
    "y": -0.000787308914359961,
    "z": 0.7730361716781882,
    "qx": 0.024575832841301822,
    "qy": -0.013947404941284776,
    "qz": -0.009086725388753348,
    "qw": 0.9995593678002671,
    "source_topic": "/world/robot_world/dynamic_pose/info"
  },
  "delta_after_down": {
    "dx": 0.0014566412977857213,
    "dy": -0.0007873089143185917,
    "dz": -0.0015775148343820655,
    "abs_xy": 0.0016557956386524244
  },
  "actual_r_joint_before_lift": 0.7296024367162337,
  "truth_after_hold_close": {
    "name": "wood_block",
    "x": 0.12092618948173553,
    "y": -0.00011924792732860181,
    "z": 0.7731196305303949,
    "qx": 0.008884402059465378,
    "qy": -0.027936384892420122,
    "qz": -0.006292523320262912,
    "qw": 0.9995504139109004,
    "source_topic": "/world/robot_world/dynamic_pose/info"
  },
  "delta_after_hold_close": {
    "dx": 0.000926189481802342,
    "dy": -0.00011924792728723245,
    "dz": -0.0014940559821753352,
    "abs_xy": 0.0009338345808351669
  },
  "lift_results": [
    {
      "name": "lift_1",
      "target_z_base": 0.035,
      "actual_r_joint": 0.6116666318548322,
      "truth": {
        "name": "wood_block",
        "x": 0.11895734820094936,
        "y": -0.0008525296221802109,
        "z": 0.7768327868507684,
        "qx": 0.026141121018895142,
        "qy": -0.07054942614282853,
        "qz": -0.00821196616530822,
        "qw": 0.9971318788778608,
        "source_topic": "/world/robot_world/dynamic_pose/info"
      },
      "delta": {
        "dx": -0.001042651798983829,
        "dy": -0.0008525296221388415,
        "dz": 0.0022191003381981655,
        "abs_xy": 0.0013468220114582368
      },
      "clamped_at_step": false,
      "success_at_step": false
    },
    {
      "name": "lift_2",
      "target_z_base": 0.06,
      "actual_r_joint": 0.55006422839086,
      "truth": {
        "name": "wood_block",
        "x": 0.11556655250435613,
        "y": 0.0032402120701501605,
        "z": 0.7740691823039627,
        "qx": 0.022995674276252973,
        "qy": -0.008500927657369303,
        "qz": 0.0767075913923791,
        "qw": 0.9967521650923686,
        "source_topic": "/world/robot_world/dynamic_pose/info"
      },
      "delta": {
        "dx": -0.004433447495577059,
        "dy": 0.00324021207019153,
        "dz": -0.0005445042086075214,
        "abs_xy": 0.005491305032126095
      },
      "clamped_at_step": false,
      "success_at_step": false
    },
    {
      "name": "lift_3",
      "target_z_base": 0.09,
      "actual_r_joint": 0.5500000132972023,
      "truth": {
        "name": "wood_block",
        "x": 0.1146863694247061,
        "y": 0.004357556943602541,
        "z": 0.7737241990490933,
        "qx": -0.0068394460168886935,
        "qy": -0.009943640793457106,
        "qz": 0.08522655788625423,
        "qw": 0.9962885023008213,
        "source_topic": "/world/robot_world/dynamic_pose/info"
      },
      "delta": {
        "dx": -0.005313630575227088,
        "dy": 0.004357556943643911,
        "dz": -0.0008894874634769456,
        "abs_xy": 0.006871897293112537
      },
      "clamped_at_step": false,
      "success_at_step": false
    },
    {
      "name": "lift_4",
      "target_z_base": 0.13,
      "actual_r_joint": 0.5499999994556515,
      "truth": {
        "name": "wood_block",
        "x": 0.11507666053710164,
        "y": 0.004135652819043206,
        "z": 0.7746731986340948,
        "qx": -0.001752296835330384,
        "qy": -0.00254529832973612,
        "qz": 0.08524514671918418,
        "qw": 0.9963552157102599,
        "source_topic": "/world/robot_world/dynamic_pose/info"
      },
      "delta": {
        "dx": -0.00492333946283155,
        "dy": 0.004135652819084575,
        "dz": 5.9512121524551986e-05,
        "abs_xy": 0.0064298441432336945
      },
      "clamped_at_step": false,
      "success_at_step": false
    },
    {
      "name": "lift_5",
      "target_z_base": 0.18,
      "actual_r_joint": 0.5499999995576,
      "truth": {
        "name": "wood_block",
        "x": 0.11517771657582199,