{
  "trial_id": "scheme_a_fixed_close07",
  "use_truth": true,
  "success": false,
  "failure_type": "grasp_no_lift",
  "t_start": 1779957788.6290038,
  "params": {
    "pre_z_base": 0.22,
    "down_z_base": 0.02,
    "lift_z_base": 0.26,
    "x_offset": 0.0,
    "y_offset": 0.0,
    "close": 0.7,
    "close_seq": "",
    "close_wait": 1.0,
    "gripper_close_duration": 1.5,
    "down_duration": 2.5,
    "lift_duration": 3.5
  },
  "stage": "done",
  "truth_before": {
    "name": "wood_block",
    "x": 0.12000471124244777,
    "y": 9.696268644830682e-07,
    "z": 0.774837384708035,
    "qx": -2.8624872077466904e-07,
    "qy": 1.5400372899345176e-05,
    "qz": -1.7559432079971224e-05,
    "qw": 0.9999999997272064,
    "source_topic": "/world/robot_world/dynamic_pose/info"
  },
  "target_source": "gazebo_truth",
  "perception": null,
  "target_world_xyz": [
    0.12000471124244777,
    9.696268644830682e-07,
    0.774837384708035
  ],
  "target_base_xy": [
    0.3200047112424478,
    9.696268644830682e-07
  ],
  "waypoints_base": {
    "pregrasp": [
      0.3200047112424478,
      9.696268644830682e-07,
      0.22
    ],
    "down": [
      0.3200047112424478,
      9.696268644830682e-07,
      0.02
    ],
    "lift": [
      0.3200047112424478,
      9.696268644830682e-07,
      0.26
    ]
  },
  "q_targets": {
    "pregrasp": [
      0.0004800911588317053,
      -0.4034927499457975,
      -0.837004970627851,
      -0.58494242076518,
      0.08441287566433013
    ],
    "down": [
      0.0004739810894059019,
      -0.8769428328174319,
      -1.0093235100337228,
      -0.5791082077771618,
      0.08441684790045705
    ],
    "lift": [
      0.0004824878050437932,
      -0.4035949247531191,
      -0.7401244465761454,
      -0.4887499449256139,
      0.08451984432221954
    ]
  },
  "truth_after_down": {
    "name": "wood_block",
    "x": 0.12054882637585693,
    "y": -9.572361999045781e-05,
    "z": 0.7738107425138051,
    "qx": 0.007790968979986446,
    "qy": -0.009755267836261107,
    "qz": -0.0058416579607159964,
    "qw": 0.9999050007796069,
    "source_topic": "/world/robot_world/dynamic_pose/info"
  },
  "close_sequence": [
    0.7
  ],
  "truth_after": {
    "name": "wood_block",
    "x": 0.12438245150182976,
    "y": -0.005447347838115508,
    "z": 0.774179006892694,
    "qx": 0.022106401100795585,
    "qy": 0.03791631364060633,
    "qz": 0.05324469616170167,
    "qw": 0.9976164907021766,
    "source_topic": "/world/robot_world/dynamic_pose/info"
  },
  "t_end": 1779957917.92993,
  "duration_s": 129.3009262084961
}