{
  "trial_id": "scheme_a_holdactive_multilift_to055",
  "mode": "hold_close_multilift_probe",
  "params": {
    "trial_id": "scheme_a_holdactive_multilift_to055",
    "skip_home": false,
    "pre_z_base": 0.22,
    "down_z_base": 0.02,
    "lift_seq": "0.035,0.060,0.090,0.130,0.180,0.220,0.260",
    "x_offset": 0.0,
    "y_offset": 0.0,
    "close_seq": "0.75,0.70,0.65,0.60,0.55",
    "gripper_step_dt": 1.0,
    "gripper_hold_s": 90.0,
    "wait_before_lift": 1.0,
    "down_duration": 2.5,
    "lift_duration": 1.6,
    "hold_after_each_lift": 0.6,
    "clamp_dz": 0.012,
    "success_dz": 0.035,
    "max_clamp_xy": 0.035
  },
  "close_values": [
    0.75,
    0.7,
    0.65,
    0.6,
    0.55
  ],
  "lift_zs": [
    0.035,
    0.06,
    0.09,
    0.13,
    0.18,
    0.22,
    0.26
  ],
  "success": false,
  "clamped": false,
  "failure_type": "partial_contact_not_clamped",
  "diagnosis": "object moved slightly but did not reach clamp threshold; tune close endpoint and x/y offset",
  "t_start": 1780038500.840378,
  "stage": "done",
  "truth_before": {
    "name": "wood_block",
    "x": 0.12000000055083021,
    "y": -6.372334042570677e-10,
    "z": 0.7746432290068711,
    "qx": 6.767465656074118e-09,
    "qy": 5.84984496728876e-09,
    "qz": -1.181745074697152e-15,
    "qw": 0.9999999999999999,
    "source_topic": "/world/robot_world/dynamic_pose/info"
  },
  "target_world_xyz": [
    0.12000000055083021,
    -6.372334042570677e-10,
    0.7746432290068711
  ],
  "target_base_xy": [
    0.3200000005508302,
    -6.372334042570677e-10
  ],
  "waypoints_base": {
    "pregrasp": [
      0.3200000005508302,
      -6.372334042570677e-10,
      0.22
    ],
    "down": [
      0.3200000005508302,
      -6.372334042570677e-10,
      0.02
    ],
    "lift_1": [
      0.3200000005508302,
      -6.372334042570677e-10,
      0.035
    ],
    "lift_2": [
      0.3200000005508302,
      -6.372334042570677e-10,
      0.06
    ],
    "lift_3": [
      0.3200000005508302,
      -6.372334042570677e-10,
      0.09
    ],
    "lift_4": [
      0.3200000005508302,
      -6.372334042570677e-10,
      0.13
    ],
    "lift_5": [
      0.3200000005508302,
      -6.372334042570677e-10,
      0.18
    ],
    "lift_6": [
      0.3200000005508302,
      -6.372334042570677e-10,
      0.22
    ],
    "lift_7": [
      0.3200000005508302,
      -6.372334042570677e-10,
      0.26
    ]
  },
  "q_targets": {
    "pregrasp": [
      0.0002823720883525638,
      -0.39736677879352933,
      -0.8540338380608636,
      -0.5664917719882109,
      0.05106970639907509
    ],
    "down": [
      0.00030492679158298754,
      -0.8713818294118639,
      -1.0249330432791062,
      -0.5612431997400953,
      0.05107165917395038
    ],
    "lift_1": [
      0.00026397698551061406,
      -0.8133484421873303,
      -1.0316667014554322,
      -0.5847108497525563,
      0.0510555518215488
    ],
    "lift_2": [
      0.0002794279597082316,
      -0.7236025587381071,
      -1.035292672678785,
      -0.6160709692061508,
      0.05103369453984772
    ],
    "lift_3": [
      0.0002565897793095145,
      -0.6282318561118626,
      -1.0275202419470946,
      -0.6404870830360402,
      0.05101695399017814
    ],
    "lift_4": [
      0.00029785869840039255,
      -0.5235615750415941,
      -0.99813955311229,
      -0.6495713264968618,
      0.05101071561692452
    ],
    "lift_5": [
      0.00025842857845726944,
      -0.43279042187912353,
      -0.9325156702409199,
      -0.6210968411774929,
      0.05103136889324753
    ],
    "lift_6": [
      0.00029869824346313514,
      -0.39645661377907376,
      -0.8565337792275441,
      -0.5638158522085457,
      0.05107168799688076
    ],
    "lift_7": [
      0.0002899044097092151,
      -0.39838730372665204,
      -0.7557728817572279,
      -0.47136207930096263,
      0.05113691312325573
    ]
  },
  "truth_after_down": {
    "name": "wood_block",
    "x": 0.12146341191100453,
    "y": -0.0007782101284317526,
    "z": 0.7730949645235026,
    "qx": 0.02433257826007724,
    "qy": -0.012987587386534665,
    "qz": -0.009047312530955542,
    "qw": 0.9995786083870851,
    "source_topic": "/world/robot_world/dynamic_pose/info"
  },
  "delta_after_down": {
    "dx": 0.0014634113601743187,
    "dy": -0.0007782094911983484,
    "dz": -0.0015482644833685333,
    "abs_xy": 0.0016574627661816244
  },
  "actual_r_joint_before_lift": 0.7978711334364836,
  "truth_after_hold_close": {
    "name": "wood_block",
    "x": 0.12087959761473041,
    "y": -0.000610245854216174,
    "z": 0.7726368734220984,
    "qx": 0.018943940016922213,
    "qy": -0.027230509107890807,
    "qz": -0.006508876127053166,
    "qw": 0.9994284671960886,
    "source_topic": "/world/robot_world/dynamic_pose/info"
  },
  "delta_after_hold_close": {
    "dx": 0.0008795970639002004,
    "dy": -0.0006102452169827697,
    "dz": -0.00200635558477269,
    "abs_xy": 0.0010705560329437225
  },
  "lift_results": [
    {
      "name": "lift_1",
      "target_z_base": 0.035,
      "actual_r_joint": 0.6786642045981103,
      "truth": {
        "name": "wood_block",
        "x": 0.1194225227570112,
        "y": -0.0010543198827255814,
        "z": 0.7755143559708654,
        "qx": 0.028110504574713792,
        "qy": -0.050901285274311335,
        "qz": -0.010057550539563006,
        "qw": 0.9982573337407156,
        "source_topic": "/world/robot_world/dynamic_pose/info"
      },
      "delta": {
        "dx": -0.0005774777938190034,
        "dy": -0.0010543192454921771,
        "dz": 0.0008711269639942731,
        "abs_xy": 0.0012021105081352784
      },
      "clamped_at_step": false,
      "success_at_step": false
    },
    {
      "name": "lift_2",
      "target_z_base": 0.06,
      "actual_r_joint": 0.5556342728948385,
      "truth": {
        "name": "wood_block",
        "x": 0.1136122742611677,
        "y": 0.004446198181214013,
        "z": 0.7760792007169158,
        "qx": 0.03149532959541961,
        "qy": -0.021827324368889768,
        "qz": 0.0912834079593873,
        "qw": 0.9950874090027927,
        "source_topic": "/world/robot_world/dynamic_pose/info"
      },
      "delta": {
        "dx": -0.0063877262896625125,
        "dy": 0.004446198818447417,
        "dz": 0.0014359717100447256,
        "abs_xy": 0.007782784275875107
      },
      "clamped_at_step": false,
      "success_at_step": false
    },
    {
      "name": "lift_3",
      "target_z_base": 0.09,
      "actual_r_joint": 0.5500012982434078,
      "truth": {
        "name": "wood_block",
        "x": 0.11394118195556102,
        "y": 0.00600384451901277,
        "z": 0.7741995047106237,
        "qx": -0.005576555436127323,
        "qy": 0.007323523394498331,
        "qz": 0.09632590873364766,
        "qw": 0.9953072828735833,
        "source_topic": "/world/robot_world/dynamic_pose/info"
      },
      "delta": {
        "dx": -0.006058818595269189,
        "dy": 0.006003845156246174,
        "dz": -0.0004437242962473942,
        "abs_xy": 0.008529679913722457
      },
      "clamped_at_step": false,
      "success_at_step": false
    },
    {
      "name": "lift_4",
      "target_z_base": 0.13,
      "actual_r_joint": 0.5499999996613754,
      "truth": {
        "name": "wood_block",
        "x": 0.11368963948618918,
        "y": 0.005770767016030579,
        "z": 0.7747938382504859,
        "qx": -0.00142171995614328,
        "qy": 0.0018671077116057763,
        "qz": 0.09632282517697627,
        "qw": 0.9953473795470028,
        "source_topic": "/world/robot_world/dynamic_pose/info"
      },
      "delta": {
        "dx": -0.006310361064641029,
        "dy": 0.005770767653263983,
        "dz": 0.00015060924361476324,
        "abs_xy": 0.008551164603379785
      },
      "clamped_at_step": false,
      "success_at_step": false
    },
    {
      "name": "lift_5",
      "target_z_base": 0.18,
      "actual_r_joint": 0.5499999995448968,
      "truth": {
        "name": "wood_block",
        "x": 0.11362528892006621,