{
  "trial_id": "scheme_a_close_window_probe_075_050",
  "use_truth": true,
  "success": false,
  "failure_type": "runtime_error",
  "t_start": 1780037766.3503263,
  "params": {
    "pre_z_base": 0.22,
    "down_z_base": 0.02,
    "lift_z_base": 0.26,
    "x_offset": 0.0,
    "y_offset": 0.0,
    "close": 0.0,
    "close_seq": "0.75,0.70,0.65,0.60,0.55,0.50",
    "close_wait": 0.7,
    "gripper_close_duration": 1.0,
    "down_duration": 2.5,
    "lift_duration": 3.5
  },
  "stage": "close_5_0.5",
  "joint_after_open_1": {
    "joint1": 0.0001448076082389811,
    "joint2": -0.012578897201060773,
    "joint3": -0.01307731908878166,
    "joint4": -0.003975258212809547,
    "joint5": 0.0002476250241357996,
    "l_in_joint": -0.6845151304139515,
    "l_out_joint": 0.6846531982967309,
    "l_joint": -0.6846371691233479,
    "r_in_joint": -0.6844628024419755,
    "r_out_joint": 0.6846992537465898,
    "r_joint": 0.6846953502554383
  },
  "joint_after_open_2": {
    "joint1": 1.2923778410925808e-06,
    "joint2": 0.7252322774381496,
    "joint3": -1.6005868655552835,
    "joint4": -1.646541048566843,
    "joint5": 1.4069373158792373e-06,
    "l_in_joint": -0.7999372043624347,
    "l_out_joint": 0.8000037010771627,
    "l_joint": -0.7999773905136827,
    "r_in_joint": -0.7999634638938006,
    "r_out_joint": 0.7999990104371126,
    "r_joint": 0.7999979277371049
  },
  "truth_before": {
    "name": "wood_block",
    "x": 0.12000000569626519,
    "y": 3.5396027643361932e-09,
    "z": 0.7744469891589393,
    "qx": -2.1847227495376478e-13,
    "qy": 1.7753049300017365e-08,
    "qz": 7.078934544712764e-08,
    "qw": 0.9999999999999973,
    "source_topic": "/world/robot_world/dynamic_pose/info"
  },
  "target_source": "gazebo_truth",
  "perception": null,
  "target_world_xyz": [
    0.12000000569626519,
    3.5396027643361932e-09,
    0.7744469891589393
  ],
  "target_base_xy": [
    0.3200000056962652,
    3.5396027643361932e-09
  ],
  "waypoints_base": {
    "pregrasp": [
      0.3200000056962652,
      3.5396027643361932e-09,
      0.22
    ],
    "down": [
      0.3200000056962652,
      3.5396027643361932e-09,
      0.02
    ],
    "lift": [
      0.3200000056962652,
      3.5396027643361932e-09,
      0.26
    ]
  },
  "q_targets": {
    "pregrasp": [
      -0.00039564482546752225,
      -0.41294298119103184,
      -0.8112029876189487,
      -0.6123635262730986,
      -0.07165004286888381
    ],
    "down": [
      -0.00041589204614730127,
      -0.8855007613737297,
      -0.9856729248568404,
      -0.605815244548407,
      -0.07165322190385906
    ],
    "lift": [
      -0.00036939656322604444,
      -0.412254090679159,
      -0.7147429754721027,
      -0.5162019611812919,
      -0.07172427129926104
    ]
  },
  "joint_after_down": {
    "joint1": -0.0005017438976304904,
    "joint2": -0.7935084876514821,
    "joint3": -0.9301955586399586,
    "joint4": -0.6227334881194398,
    "joint5": -0.07061901433187928,
    "l_in_joint": -0.8155802326777288,
    "l_out_joint": 0.7940724821416174,
    "l_joint": -0.8031830281657493,
    "r_in_joint": -0.8186179347990356,
    "r_out_joint": 0.8000041443756576,
    "r_joint": 0.7999999992683383
  },
  "truth_after_down": {
    "name": "wood_block",
    "x": 0.12106317943322562,
    "y": 0.0004487420979408952,
    "z": 0.7723281849243696,
    "qx": 0.0009757692691721168,
    "qy": -0.020219279176673998,
    "qz": -0.00936656727756151,
    "qw": 0.9997512170741999,
    "source_topic": "/world/robot_world/dynamic_pose/info"
  },
  "close_sequence": [
    0.75,
    0.7,
    0.65,
    0.6,
    0.55,
    0.5
  ],
  "joint_after_close_0": {
    "joint1": -0.00018408679638871078,
    "joint2": -0.8796955367596027,
    "joint3": -0.9650792604108765,
    "joint4": -0.605957695704077,
    "joint5": -0.07053021329390446,
    "l_in_joint": -0.8041772568486555,
    "l_out_joint": 0.7648006731811738,
    "l_joint": -0.7662185938816423,
    "r_in_joint": -0.7510271432465374,
    "r_out_joint": 0.7659845096667921,
    "r_joint": 0.7659844595946148
  },
  "truth_after_close_0": {
    "name": "wood_block",
    "x": 0.11994782052895098,
    "y": 0.0004876718848712009,
    "z": 0.7723817740961284,
    "qx": 0.0036896142037841384,
    "qy": -0.046299637482107435,
    "qz": -0.012438526382707203,
    "qw": 0.9988433377549651,
    "source_topic": "/world/robot_world/dynamic_pose/info"
  },
  "joint_after_close_1": {
    "joint1": -0.0003878604392302991,
    "joint2": -0.8830019030271965,
    "joint3": -0.9782147206663236,
    "joint4": -0.6059784335756937,
    "joint5": -0.07142708842202115,
    "l_in_joint": -0.7365154960141654,
    "l_out_joint": 0.7155804558359601,
    "l_joint": -0.7168849159411548,
    "r_in_joint": -0.7210350255755863,
    "r_out_joint": 0.7162221466369795,
    "r_joint": 0.7162221491891843
  },
  "truth_after_close_1": {
    "name": "wood_block",
    "x": 0.12021697831494274,
    "y": 0.00034599840669844096,
    "z": 0.773024819395284,
    "qx": 0.004842426359568505,
    "qy": -0.04011282341476638,
    "qz": -0.010907992973932563,
    "qw": 0.9991238802040159,
    "source_topic": "/world/robot_world/dynamic_pose/info"
  },
  "joint_after_close_2": {
    "joint2": -0.8836283337238612,
    "joint3": -0.9814436228658744,
    "joint1": -0.00042490911575214556,
    "joint4": -0.6059987966086575,
    "r_joint": 0.6666552073359008,
    "l_joint": -0.6676390946409769,
    "l_in_joint": -0.6833362585559247,
    "l_out_joint": 0.6662466623261682,
    "r_in_joint": -0.676949594533196,
    "joint5": -0.07164925676744045,
    "r_out_joint": 0.6666552984813725
  },
  "truth_after_close_2": {
    "name": "wood_block",
    "x": 0.12067626548587397,
    "y": 0.000280539450366065,
    "z": 0.7736391666054199,
    "qx": 0.005369795195251358,
    "qy": -0.030445678021526347,
    "qz": -0.01032485050030183,
    "qw": 0.9994686705702771,
    "source_topic": "/world/robot_world/dynamic_pose/info"
  },
  "joint_after_close_3": {
    "joint2": -0.8837989768829817,
    "joint3": -0.9824165001687173,
    "joint1": -0.0004359848071404815,
    "joint4": -0.6059985246676978,
    "r_joint": 0.6176695458651402,
    "l_joint": -0.6189429072921876,
    "l_in_joint": -0.6354466190234237,
    "l_out_joint": 0.617551423295802,
    "r_in_joint": -0.6313225323972299,
    "joint5": -0.07170461442538575,
    "r_out_joint": 0.6176695866689541
  },
  "truth_after_close_3": {
    "name": "wood_block",
    "x": 0.12113062272793072,
    "y": 0.00022223709448897003,
    "z": 0.7741655930515865,
    "qx": 0.00597887904774373,
    "qy": -0.021287922378243194,
    "qz": -0.00995395579527935,
    "qw": 0.9997059548338081,
    "source_topic": "/world/robot_world/dynamic_pose/info"
  },
  "joint_after_close_4": {
    "joint1": -0.000443159419702387,
    "joint2": -0.8839364187158176,
    "joint3": -0.9827456182049426,
    "joint4": -0.6060030555183307,
    "joint5": -0.07173081993530336,
    "l_in_joint": -0.5891868439682859,
    "l_out_joint": 0.5692106707950823,
    "l_joint": -0.5705769129558524,
    "r_in_joint": -0.5857911614798196,
    "r_out_joint": 0.5689655136307232,
    "r_joint": 0.5689654925949499
  },
  "truth_after_close_4": {
    "name": "wood_block",
    "x": 0.1215022067895295,
    "y": 0.00034555985666559946,
    "z": 0.7744718993074691,
    "qx": 0.0029229598004438047,
    "qy": -0.013451937195259332,
    "qz": -0.009549927466650707,
    "qw": 0.9998596404381375,
    "source_topic": "/world/robot_world/dynamic_pose/info"
  },
  "joint_after_close_5": {
    "joint1": -0.0004580309702078419,
    "joint2": -0.8837574115904517,
    "joint3": -0.983036662289482,
    "joint4": -0.6060021833302871,
    "joint5": -0.07180220391065772,
    "l_in_joint": -0.5407929542940361,
    "l_out_joint": 0.5195147448166432,
    "l_joint": -0.5207522712825202,
    "r_in_joint": -0.5388144631602427,
    "r_out_joint": 0.5188001639153523,
    "r_joint": 0.518800171439605
  },