{
  "trial_id": "scheme_a_stepclose_to055_lift_snapshot",
  "use_truth": true,
  "success": false,
  "failure_type": "ik_fail",
  "t_start": 1780038008.3847642,
  "params": {
    "pre_z_base": 0.22,
    "down_z_base": 0.02,
    "lift_z_base": 0.26,
    "x_offset": 0.0,
    "y_offset": 0.0,
    "close": 0.0,
    "close_seq": "0.75,0.70,0.65,0.60,0.55",
    "close_wait": 0.7,
    "gripper_close_duration": 1.0,
    "down_duration": 2.5,
    "lift_duration": 3.5
  },
  "stage": "observe",
  "joint_after_open_1": {
    "joint1": 0.00013378218825037833,
    "joint2": -0.018193488158106667,
    "joint3": -0.016905270511529416,
    "joint4": -0.004601803838881081,
    "joint5": -0.0005504515777166212,
    "l_in_joint": -0.6842300357275847,
    "l_out_joint": 0.6846564182392599,
    "l_joint": -0.6846353586896076,
    "r_in_joint": -0.6846526564875742,
    "r_out_joint": 0.6846994123926209,
    "r_joint": 0.6846953502515417
  },
  "joint_after_open_2": {
    "joint2": 0.725198013196443,
    "joint3": -1.600610299206884,
    "joint1": 1.2374881793149137e-06,
    "joint4": -1.6465447238861515,
    "r_joint": 0.7999979277364482,
    "l_joint": -0.7999773668749461,
    "l_in_joint": -0.7999362005578676,
    "l_out_joint": 0.8000037756983224,
    "r_in_joint": -0.7999629439272196,
    "joint5": -3.284552536625941e-06,
    "r_out_joint": 0.7999990142472974
  },
  "truth_before": {
    "name": "wood_block",
    "x": 0.1815688950411036,
    "y": -0.007963663897228074,
    "z": 0.7741099084901248,
    "qx": -0.053304632652796814,
    "qy": -0.05270824053379368,
    "qz": -0.047027656875414846,
    "qw": 0.9960767324892147,
    "source_topic": "/world/robot_world/dynamic_pose/info"
  },
  "target_source": "gazebo_truth",
  "perception": null,
  "target_world_xyz": [
    0.1815688950411036,
    -0.007963663897228074,
    0.7741099084901248
  ],
  "target_base_xy": [
    0.3815688950411036,
    -0.007963663897228074
  ],
  "waypoints_base": {
    "pregrasp": [
      0.3815688950411036,
      -0.007963663897228074,
      0.22
    ],
    "down": [
      0.3815688950411036,
      -0.007963663897228074,
      0.02
    ],
    "lift": [
      0.3815688950411036,
      -0.007963663897228074,
      0.26
    ]
  },
  "error": "ik_fail_lift_ik_error_-31",
  "t_end": 1780038057.2535012,
  "duration_s": 48.86873698234558
}