{
  "trial_id": "scheme_a_tippad_close_window_probe_075_050",
  "use_truth": true,
  "success": false,
  "failure_type": "probe_stop_after_close",
  "t_start": 1780043845.353677,
  "params": {
    "pre_z_base": 0.22,
    "down_z_base": 0.02,
    "lift_z_base": 0.26,
    "x_offset": 0.0,
    "y_offset": 0.0,
    "close": 0.0,
    "close_seq": "0.75,0.70,0.65,0.60,0.55,0.50",
    "close_wait": 0.7,
    "gripper_close_duration": 1.0,
    "down_duration": 2.5,
    "lift_duration": 3.5
  },
  "stage": "probe_close_done",
  "joint_after_open_1": {
    "joint1": 9.445566711028958e-05,
    "joint2": -0.0033308358288172087,
    "joint3": -0.002642932628975789,
    "joint4": -1.2493047096437322e-06,
    "joint5": 2.8537943550889307e-08,
    "l_in_joint": -0.7999890053623198,
    "l_out_joint": 0.8000000010160756,
    "l_joint": -0.799999970260481,
    "r_in_joint": -0.7999887904411574,
    "r_out_joint": 0.8000000011567615,
    "r_joint": 0.8000000015043884
  },
  "joint_after_open_2": {
    "joint1": 9.47283698318147e-07,
    "joint2": 0.7252889628636621,
    "joint3": -1.600523523805593,
    "joint4": -1.6465176973652444,
    "joint5": -4.9514580538395e-08,
    "l_in_joint": -0.799938000277736,
    "l_out_joint": 0.800005868403567,
    "l_joint": -0.7999790889555563,
    "r_in_joint": -0.7999648908230463,
    "r_out_joint": 0.8000010974481637,
    "r_joint": 0.7999999989330554
  },
  "truth_before": {
    "name": "wood_block",
    "x": 0.12,
    "y": 5.7395541939616496e-18,
    "z": 0.774643228441102,
    "qx": 3.6869334596361185e-17,
    "qy": -1.1870011211623849e-16,
    "qz": 7.60399161457638e-18,
    "qw": 1.0,
    "source_topic": "/world/robot_world/dynamic_pose/info"
  },
  "target_source": "gazebo_truth",
  "perception": null,
  "target_world_xyz": [
    0.12,
    5.7395541939616496e-18,
    0.774643228441102
  ],
  "target_base_xy": [
    0.32,
    5.7395541939616496e-18
  ],
  "waypoints_base": {
    "pregrasp": [
      0.32,
      5.7395541939616496e-18,
      0.22
    ],
    "down": [
      0.32,
      5.7395541939616496e-18,
      0.02
    ],
    "lift": [
      0.32,
      5.7395541939616496e-18,
      0.26
    ]
  },
  "q_targets": {
    "pregrasp": [
      0.00010309216849096775,
      -0.40621146237749123,
      -0.8294959143183487,
      -0.5929708643924919,
      0.019637977336278464
    ],
    "down": [
      0.00013649305828961913,
      -0.8794099509710119,
      -1.0024408053217817,
      -0.586902365981267,
      0.01963903398523276
    ],
    "lift": [
      9.708174942023412e-05,
      -0.406034542604975,
      -0.7327727042868186,
      -0.49682989359546587,
      0.019669860066729456
    ]
  },
  "joint_after_down": {
    "joint1": 2.9354782035814176e-05,
    "joint2": -0.7960712504352032,
    "joint3": -0.9693642165952054,
    "joint4": -0.6034576593594502,
    "joint5": 0.018814457880663667,
    "l_in_joint": -0.8016491014783176,
    "l_out_joint": 0.7953506557448417,
    "l_joint": -0.8022093877665092,
    "r_in_joint": -0.8054753591062119,
    "r_out_joint": 0.8000083356313198,
    "r_joint": 0.7999999991681016
  },
  "truth_after_down": {
    "name": "wood_block",
    "x": 0.12070242749924764,
    "y": -3.9222543885931225e-05,
    "z": 0.7737436650415067,
    "qx": 0.00854908575122289,
    "qy": -0.011350682328891084,
    "qz": -0.007748179656117068,
    "qw": 0.9998690118488038,
    "source_topic": "/world/robot_world/dynamic_pose/info"
  },
  "close_sequence": [
    0.75,
    0.7,
    0.65,
    0.6,
    0.55,
    0.5
  ],
  "joint_after_close_0": {
    "joint1": -0.0001126508359341868,
    "joint2": -0.8753823710427803,
    "joint3": -0.9892853504764378,
    "joint4": -0.587064172852329,
    "joint5": 0.018837951846487337,
    "l_in_joint": -0.7693172676537232,
    "l_out_joint": 0.7636424980492015,
    "l_joint": -0.7678445047709955,
    "r_in_joint": -0.806013969889672,
    "r_out_joint": 0.7659846032183958,
    "r_joint": 0.7659844594886666
  },
  "truth_after_close_0": {
    "name": "wood_block",
    "x": 0.12053119662222558,
    "y": 0.0002925758048178154,
    "z": 0.7739814532598168,
    "qx": 0.0034922391788977884,
    "qy": -0.016462457598144964,
    "qz": -0.009314433578822291,
    "qw": 0.9998149994286205,
    "source_topic": "/world/robot_world/dynamic_pose/info"
  },
  "joint_after_close_1": {
    "joint2": -0.8784238499415934,
    "joint3": -0.9992164760689265,
    "joint1": 0.00012117227438593354,
    "joint4": -0.587122900134286,
    "r_joint": 0.7162545612989167,
    "l_joint": -0.7175157485421322,
    "l_in_joint": -0.7364116447527538,
    "l_out_joint": 0.7153948708485839,
    "r_in_joint": -0.7417009476004529,
    "joint5": 0.019495066543301704,
    "r_out_joint": 0.716256225622345
  },
  "truth_after_close_1": {
    "name": "wood_block",
    "x": 0.12064234697953961,
    "y": 0.0004194171376782043,
    "z": 0.7744615737165017,
    "qx": 0.00033489252766495236,
    "qy": -0.011393977739619279,
    "qz": -0.008091705999462448,
    "qw": 0.9999022899325125,
    "source_topic": "/world/robot_world/dynamic_pose/info"
  },
  "joint_after_close_2": {
    "joint1": 0.0001398901343029129,
    "joint2": -0.879010848925035,
    "joint3": -1.0017641291783046,
    "joint4": -0.5870722787687287,
    "joint5": 0.019605542375831023,
    "l_in_joint": -0.6873258678480452,
    "l_out_joint": 0.6659501165165417,
    "l_joint": -0.667307324894544,
    "r_in_joint": -0.6862568316523953,
    "r_out_joint": 0.666226445223839,
    "r_joint": 0.6662261655777343
  },
  "truth_after_close_2": {
    "name": "wood_block",
    "x": 0.12067393767043337,
    "y": 0.0003108431795882297,
    "z": 0.774925809612612,
    "qx": 0.002806562233057541,
    "qy": -0.011188427284672717,
    "qz": -0.007871918529993093,
    "qw": 0.9999024828461948,
    "source_topic": "/world/robot_world/dynamic_pose/info"
  },
  "joint_after_close_3": {
    "joint1": 0.00013385600860154782,
    "joint2": -0.8790730277811298,
    "joint3": -1.00189459717141,
    "joint4": -0.5870374134779806,
    "joint5": 0.019617594101643814,
    "l_in_joint": -0.6380559083652224,
    "l_out_joint": 0.6163544539048186,
    "l_joint": -0.6174457544035782,
    "r_in_joint": -0.6372415183062621,
    "r_out_joint": 0.6162960934338246,
    "r_joint": 0.6162960347391919
  },
  "truth_after_close_3": {
    "name": "wood_block",
    "x": 0.12074848502047457,
    "y": 0.00021261703304792476,
    "z": 0.7751374989900199,
    "qx": 0.00485787002669041,
    "qy": -0.011306750417755475,
    "qz": -0.00787751180966448,
    "qw": 0.9998932459525282,
    "source_topic": "/world/robot_world/dynamic_pose/info"
  },
  "joint_after_close_4": {
    "joint1": 0.0001356961917275635,
    "joint2": -0.8790838269384481,
    "joint3": -1.0018419538861691,
    "joint4": -0.587022219135884,
    "joint5": 0.019644405214067337,
    "l_in_joint": -0.5895724041724534,
    "l_out_joint": 0.5666081359512022,
    "l_joint": -0.5675000333154392,
    "r_in_joint": -0.5877783928247826,
    "r_out_joint": 0.5662598048107788,
    "r_joint": 0.5662598264400893
  },
  "truth_after_close_4": {
    "name": "wood_block",
    "x": 0.1208452413521786,
    "y": 0.00013773592993694672,
    "z": 0.7751893899583913,
    "qx": 0.0058903045061477095,
    "qy": -0.010540618093471059,
    "qz": -0.008456505576164742,
    "qw": 0.9998913376944881,
    "source_topic": "/world/robot_world/dynamic_pose/info"
  },
  "joint_after_close_5": {
    "joint1": 0.000163978833218393,
    "joint2": -0.8792453570980459,
    "joint3": -1.0023120859805807,
    "joint4": -0.5869915788293729,
    "joint5": 0.019969266284479977,
    "l_in_joint": -0.5454576196487099,
    "l_out_joint": 0.516800674819446,
    "l_joint": -0.5173808791239214,
    "r_in_joint": -0.535481854114376,
    "r_out_joint": 0.5162982621242599,
    "r_joint": 0.5162966812477559
  },
  "truth_after_close_5": {
    "name": "wood_block",
    "x": 0.12082716716087294,
    "y": 0.0004248365686677941,
    "z": 0.7751328955092222,
    "qx": 0.007178030139719175,