{
  "trial_id": "scheme_a_tippad_holdactive_multilift_to050_waitjoint",
  "mode": "hold_close_multilift_probe",
  "params": {
    "trial_id": "scheme_a_tippad_holdactive_multilift_to050_waitjoint",
    "skip_home": false,
    "pre_z_base": 0.22,
    "down_z_base": 0.02,
    "lift_seq": "0.035,0.060,0.090,0.130,0.180,0.220,0.260",
    "x_offset": 0.0,
    "y_offset": 0.0,
    "close_seq": "0.75,0.70,0.65,0.60,0.55,0.50",
    "gripper_step_dt": 1.0,
    "gripper_hold_s": 160.0,
    "wait_before_lift": 1.0,
    "wait_for_close_timeout": 70.0,
    "wait_for_close_tol": 0.03,
    "down_duration": 2.5,
    "lift_duration": 1.6,
    "hold_after_each_lift": 0.6,
    "clamp_dz": 0.012,
    "success_dz": 0.035,
    "max_clamp_xy": 0.035
  },
  "close_values": [
    0.75,
    0.7,
    0.65,
    0.6,
    0.55,
    0.5
  ],
  "lift_zs": [
    0.035,
    0.06,
    0.09,
    0.13,
    0.18,
    0.22,
    0.26
  ],
  "success": false,
  "clamped": false,
  "failure_type": "partial_contact_not_clamped",
  "diagnosis": "object moved slightly but did not reach clamp threshold; tune close endpoint and x/y offset",
  "t_start": 1780044022.6001012,
  "stage": "done",
  "truth_before": {
    "name": "wood_block",
    "x": 0.12000162297572821,
    "y": -9.326250387170597e-07,
    "z": 0.7745945808992319,
    "qx": 1.0172345352475751e-05,
    "qy": 1.770735256731124e-05,
    "qz": 5.073200491344607e-07,
    "qw": 0.9999999997913578,
    "source_topic": "/world/robot_world/dynamic_pose/info"
  },
  "target_world_xyz": [
    0.12000162297572821,
    -9.326250387170597e-07,
    0.7745945808992319
  ],
  "target_base_xy": [
    0.3200016229757282,
    -9.326250387170597e-07
  ],
  "waypoints_base": {
    "pregrasp": [
      0.3200016229757282,
      -9.326250387170597e-07,
      0.22
    ],
    "down": [
      0.3200016229757282,
      -9.326250387170597e-07,
      0.02
    ],
    "lift_1": [
      0.3200016229757282,
      -9.326250387170597e-07,
      0.035
    ],
    "lift_2": [
      0.3200016229757282,
      -9.326250387170597e-07,
      0.06
    ],
    "lift_3": [
      0.3200016229757282,
      -9.326250387170597e-07,
      0.09
    ],
    "lift_4": [
      0.3200016229757282,
      -9.326250387170597e-07,
      0.13
    ],
    "lift_5": [
      0.3200016229757282,
      -9.326250387170597e-07,
      0.18
    ],
    "lift_6": [
      0.3200016229757282,
      -9.326250387170597e-07,
      0.22
    ],
    "lift_7": [
      0.3200016229757282,
      -9.326250387170597e-07,
      0.26
    ]
  },
  "q_targets": {
    "pregrasp": [
      0.0001742828193378358,
      -0.4155217123055679,
      -0.8042922419350309,
      -0.6195707262239273,
      0.0320622688506658
    ],
    "down": [
      0.0001898181826340649,
      -0.8878545242686777,
      -0.9793099670155005,
      -0.6128355708055482,
      0.03206432645624844
    ],
    "lift_1": [
      0.0001459828753550689,
      -0.8305619503257449,
      -0.9849902201885122,
      -0.6370071737324497,
      0.03205315599224176
    ],
    "lift_2": [
      0.00019407007154957878,
      -0.7419042180116976,
      -0.9870555194573034,
      -0.6693100495259278,
      0.0320376807282842
    ],
    "lift_3": [
      0.00014300342033415886,
      -0.6474957165845837,
      -0.9778178406694994,
      -0.6945487663604722,
      0.0320261241264596
    ],
    "lift_4": [
      0.00020330708834486724,
      -0.5434112864739001,
      -0.947181926600979,
      -0.7042744877978806,
      0.03202140719881601
    ],
    "lift_5": [
      0.000149838192933241,
      -0.4523477887014328,
      -0.8811668559331578,
      -0.6757356924403527,
      0.03203557801473572
    ],
    "lift_6": [
      0.00019677818801040495,
      -0.41482227246083647,
      -0.8061124676066308,
      -0.6177111535404569,
      0.0320631490133973
    ],
    "lift_7": [
      0.00015860753464198323,
      -0.4147347605323172,
      -0.7077332807347739,
      -0.5235071334078374,
      0.032108382176777486
    ]
  },
  "truth_after_down": {
    "name": "wood_block",
    "x": 0.1207519528227888,
    "y": -5.032995650857626e-05,
    "z": 0.7739677818902405,
    "qx": 0.007788722982475731,
    "qy": -0.007216953180149398,
    "qz": -0.006821228910154682,
    "qw": 0.9999203579371975,
    "source_topic": "/world/robot_world/dynamic_pose/info"
  },
  "delta_after_down": {
    "dx": 0.0007503298470605962,
    "dy": -4.93973314698592e-05,
    "dz": -0.0006267990089914299,
    "abs_xy": 0.0007519541048137984
  },
  "actual_r_joint_before_lift": 0.5176666659355168,
  "close_reached_before_lift": true,
  "waited_for_close_wall_s": 32.22256422042847,
  "truth_after_hold_close": {
    "name": "wood_block",
    "x": 0.12106751873831276,
    "y": 0.00024787016549450284,
    "z": 0.7748019532560989,
    "qx": 0.0034582943763701306,
    "qy": -0.005781599263554481,
    "qz": -0.008684437649702066,
    "qw": 0.9999395951019594,
    "source_topic": "/world/robot_world/dynamic_pose/info"
  },
  "delta_after_hold_close": {
    "dx": 0.0010658957625845483,
    "dy": 0.0002488027905332199,
    "dz": 0.00020737235686696387,
    "abs_xy": 0.001094548585158655
  },
  "lift_results": [
    {
      "name": "lift_1",
      "target_z_base": 0.035,
      "actual_r_joint": 0.5000052991647936,
      "truth": {
        "name": "wood_block",
        "x": 0.1164783953638901,
        "y": 0.00045506832783444735,
        "z": 0.7763555241810471,
        "qx": -0.02082335342439432,
        "qy": -0.008828429676746786,
        "qz": 0.02686690909636639,
        "qw": 0.9993831177167308,
        "source_topic": "/world/robot_world/dynamic_pose/info"
      },
      "delta": {
        "dx": -0.0035232276118381117,
        "dy": 0.0004560009528731644,
        "dz": 0.001760943281815197,
        "abs_xy": 0.003552614484269257
      },
      "clamped_at_step": false,
      "success_at_step": false
    },
    {
      "name": "lift_2",
      "target_z_base": 0.06,
      "actual_r_joint": 0.5000000008916592,
      "truth": {
        "name": "wood_block",
        "x": 0.1132088152250063,
        "y": -0.004754601427191373,
        "z": 0.7714865969385419,
        "qx": 0.024029374494367248,
        "qy": 0.020370592478576578,
        "qz": -0.01083522366136924,
        "qw": 0.9994449589905836,
        "source_topic": "/world/robot_world/dynamic_pose/info"
      },
      "delta": {
        "dx": -0.006792807750721913,
        "dy": -0.004753668802152656,
        "dz": -0.0031079839606900084,
        "abs_xy": 0.008290935062996644
      },
      "clamped_at_step": false,
      "success_at_step": false
    },
    {
      "name": "lift_3",
      "target_z_base": 0.09,
      "actual_r_joint": 0.49999999944758244,
      "truth": {
        "name": "wood_block",
        "x": 0.11267193286831283,
        "y": -0.004436835161537929,
        "z": 0.7738931918925387,
        "qx": 0.0156713992957997,
        "qy": 0.016741542756618603,
        "qz": -0.008351030968744223,
        "qw": 0.9997021497786223,
        "source_topic": "/world/robot_world/dynamic_pose/info"
      },
      "delta": {
        "dx": -0.007329690107415382,
        "dy": -0.004435902536499212,
        "dz": -0.0007013890066932538,
        "abs_xy": 0.008567472695262182
      },
      "clamped_at_step": false,
      "success_at_step": false
    },
    {
      "name": "lift_4",
      "target_z_base": 0.13,
      "actual_r_joint": 0.4999999995032934,
      "truth": {
        "name": "wood_block",
        "x": 0.11207066104218845,
        "y": -0.003865733938568159,
        "z": 0.7747140969664299,
        "qx": 0.004350281102569362,
        "qy": 0.004620669280325959,
        "qz": -0.008332844743132973,
        "qw": 0.9999451425794403,
        "source_topic": "/world/robot_world/dynamic_pose/info"
      },
      "delta": {
        "dx": -0.00793096193353976,
        "dy": -0.003864801313529442,
        "dz": 0.0001195160671979556,
        "abs_xy": 0.008822519276505755
      },
      "clamped_at_step": false,