{
  "trial_id": "scheme_a_stepclose_to055_lift_snapshot_retry",
  "use_truth": true,
  "success": false,
  "failure_type": "grasp_no_lift",
  "t_start": 1780038259.455607,
  "params": {
    "pre_z_base": 0.22,
    "down_z_base": 0.02,
    "lift_z_base": 0.26,
    "x_offset": 0.0,
    "y_offset": 0.0,
    "close": 0.0,
    "close_seq": "0.75,0.70,0.65,0.60,0.55",
    "close_wait": 0.7,
    "gripper_close_duration": 1.0,
    "down_duration": 2.5,
    "lift_duration": 3.5
  },
  "stage": "done",
  "joint_after_open_1": {
    "joint2": -0.003328969483298676,
    "joint3": -0.002641533127897384,
    "joint1": 9.440779973847101e-05,
    "joint4": -1.0830652397163293e-06,
    "r_joint": 0.8000000015122096,
    "l_joint": -0.799999970372066,
    "l_in_joint": -0.7999890122827072,
    "l_out_joint": 0.8000000010387156,
    "r_in_joint": -0.7999887994643197,
    "joint5": 8.197455550097603e-09,
    "r_out_joint": 0.8000000011605822
  },
  "joint_after_open_2": {
    "joint1": 9.469932740152519e-07,
    "joint2": 0.725288974226752,
    "joint3": -1.60052351524547,
    "joint4": -1.6465176963877532,
    "joint5": -4.96341651929963e-08,
    "l_in_joint": -0.7999380001942914,
    "l_out_joint": 0.8000058684064775,
    "l_joint": -0.7999790889160183,
    "r_in_joint": -0.7999648907888731,
    "r_out_joint": 0.8000010974496695,
    "r_joint": 0.7999999989330557
  },
  "truth_before": {
    "name": "wood_block",
    "x": 0.12,
    "y": 1.874194660525765e-17,
    "z": 0.7748369546794055,
    "qx": 1.1399023543222247e-16,
    "qy": -3.811141430140333e-17,
    "qz": -3.5625874195319416e-17,
    "qw": 1.0,
    "source_topic": "/world/robot_world/dynamic_pose/info"
  },
  "target_source": "gazebo_truth",
  "perception": null,
  "target_world_xyz": [
    0.12,
    1.874194660525765e-17,
    0.7748369546794055
  ],
  "target_base_xy": [
    0.32,
    1.874194660525765e-17
  ],
  "waypoints_base": {
    "pregrasp": [
      0.32,
      1.874194660525765e-17,
      0.22
    ],
    "down": [
      0.32,
      1.874194660525765e-17,
      0.02
    ],
    "lift": [
      0.32,
      1.874194660525765e-17,
      0.26
    ]
  },
  "q_targets": {
    "pregrasp": [
      0.0001335394109206473,
      -0.40364085739227307,
      -0.8365394771514386,
      -0.585467182466241,
      0.029404450014703123
    ],
    "down": [
      0.00019329006428773653,
      -0.8770783608382782,
      -1.0089007592827375,
      -0.5796123166208069,
      0.02940568507701159
    ],
    "lift": [
      0.00014921137283659906,
      -0.4036930153019464,
      -0.7396839805567847,
      -0.48929951949028055,
      0.029447532255365543
    ]
  },
  "joint_after_down": {
    "joint1": 0.00036705497724393634,
    "joint2": -0.7857982435702092,
    "joint3": -0.9530077082446257,
    "joint4": -0.5966461934905821,
    "joint5": 0.029230286682678287,
    "l_in_joint": -0.816278862230492,
    "l_out_joint": 0.7950041043791242,
    "l_joint": -0.8029980264954505,
    "r_in_joint": -0.8354498710852418,
    "r_out_joint": 0.8000048831860244,
    "r_joint": 0.7999999991797172
  },
  "truth_after_down": {
    "name": "wood_block",
    "x": 0.12125113800685128,
    "y": -0.0007642443420800566,
    "z": 0.7728375564122881,
    "qx": 0.023454525126174994,
    "qy": -0.018450121547624546,
    "qz": -0.008249062290064658,
    "qw": 0.9995206007068179,
    "source_topic": "/world/robot_world/dynamic_pose/info"
  },
  "close_sequence": [
    0.75,
    0.7,
    0.65,
    0.6,
    0.55
  ],
  "joint_after_close_0": {
    "joint1": -5.015048337414667e-05,
    "joint2": -0.8718547018612166,
    "joint3": -0.9905715352586689,
    "joint4": -0.5797942240089878,
    "joint5": 0.028443077250582975,
    "l_in_joint": -0.7615604040149399,
    "l_out_joint": 0.7632182316590392,
    "l_joint": -0.7681174254794287,
    "r_in_joint": -0.8094473865271714,
    "r_out_joint": 0.765984975664599,
    "r_joint": 0.7659844594901782
  },
  "truth_after_close_0": {
    "name": "wood_block",
    "x": 0.12071214330399489,
    "y": -0.0002210333286716644,
    "z": 0.7729286474004589,
    "qx": 0.009881489256421317,
    "qy": -0.030460010910165158,
    "qz": -0.0052219432962417114,
    "qw": 0.9994734990051706,
    "source_topic": "/world/robot_world/dynamic_pose/info"
  },
  "joint_after_close_1": {
    "joint1": 0.00018735787397915427,
    "joint2": -0.874464830483884,
    "joint3": -1.0023018805605826,
    "joint4": -0.5797958465290155,
    "joint5": 0.029291003690880443,
    "l_in_joint": -0.7253194471672175,
    "l_out_joint": 0.7155460318828502,
    "l_joint": -0.7173332855576061,
    "r_in_joint": -0.7343667640514582,
    "r_out_joint": 0.7162920369586575,
    "r_joint": 0.7162913933529798
  },
  "truth_after_close_1": {
    "name": "wood_block",
    "x": 0.12091289065252296,
    "y": -0.00013271756064234388,
    "z": 0.7738015880450877,
    "qx": 0.006100404652566132,
    "qy": -0.02454042617874916,
    "qz": -0.0034124497438401905,
    "qw": 0.9996744008589927,
    "source_topic": "/world/robot_world/dynamic_pose/info"
  },
  "joint_after_close_2": {
    "joint2": -0.875260802084754,
    "joint3": -1.0048749315451337,
    "joint1": 0.00019676720982453875,
    "joint4": -0.5797857348862935,
    "r_joint": 0.6669729238560064,
    "l_joint": -0.668059077103491,
    "l_in_joint": -0.6800160486760898,
    "l_out_joint": 0.6665784272945553,
    "r_in_joint": -0.6816116769298821,
    "joint5": 0.02934739753444825,
    "r_out_joint": 0.6669729248228052
  },
  "truth_after_close_2": {
    "name": "wood_block",
    "x": 0.12137567093111,
    "y": -6.271106902421102e-05,
    "z": 0.7743882066121195,
    "qx": 0.0037938971350219316,
    "qy": -0.014997215264265248,
    "qz": -0.0026673197119361737,
    "qw": 0.9998767800506223,
    "source_topic": "/world/robot_world/dynamic_pose/info"
  },
  "joint_after_close_3": {
    "joint1": 0.00018618228968361936,
    "joint2": -0.875650762573151,
    "joint3": -1.0058055520820175,
    "joint4": -0.5797707912195745,
    "joint5": 0.02928714930487442,
    "l_in_joint": -0.6331931800992331,
    "l_out_joint": 0.6178473191617122,
    "l_joint": -0.619236771474841,
    "r_in_joint": -0.6338889702647167,
    "r_out_joint": 0.6179359973839034,
    "r_joint": 0.6179358585014986
  },
  "truth_after_close_3": {
    "name": "wood_block",
    "x": 0.12168003675151513,
    "y": -4.886756021871783e-05,
    "z": 0.7745874624244529,
    "qx": 0.0031231478959063974,
    "qy": -0.00961806079474504,
    "qz": -0.0023623097393933464,
    "qw": 0.9999460777194259,
    "source_topic": "/world/robot_world/dynamic_pose/info"
  },
  "joint_after_close_4": {
    "joint1": 0.00018741910639595192,
    "joint2": -0.8757705384350729,
    "joint3": -1.0062503676885315,
    "joint4": -0.5797575998727791,
    "joint5": 0.029296296879165143,
    "l_in_joint": -0.5853931889658099,
    "l_out_joint": 0.5685949366551691,
    "l_joint": -0.5698038834235407,
    "r_in_joint": -0.5853405440067029,
    "r_out_joint": 0.5683278232683586,
    "r_joint": 0.5683277650309998
  },
  "truth_after_close_4": {
    "name": "wood_block",
    "x": 0.1219386547979902,
    "y": -6.358092524349557e-05,
    "z": 0.7746781446084666,
    "qx": 0.0030180568518145164,
    "qy": -0.005983684497753139,
    "qz": -0.0020361792155220966,
    "qw": 0.9999754701125787,
    "source_topic": "/world/robot_world/dynamic_pose/info"
  },
  "joint_after_lift": {
    "joint1": 0.00017886354986592048,
    "joint2": -0.4573788865558276,
    "joint3": -0.7783977175625502,
    "joint4": -0.4974164851586633,
    "joint5": 0.029570417326077375,
    "l_in_joint": -0.5495121775410406,
    "l_out_joint": 0.5497934971744584,
    "l_joint": -0.5495047391974239,
    "r_in_joint": -0.5485914997751514,
    "r_out_joint": 0.5500324858125806,
    "r_joint": 0.5500001105353243
  },
  "truth_after": {
    "name": "wood_block",
    "x": 0.1606395421913242,
    "y": 0.006847900610056379,
    "z": 0.7741623067959649,
    "qx": -0.013042386462185113,
    "qy": -0.011624942171997003,