{
  "trial_id": "scheme_a_highfriction_close07",
  "use_truth": true,
  "success": false,
  "failure_type": "grasp_no_lift",
  "t_start": 1779958182.7338383,
  "params": {
    "pre_z_base": 0.22,
    "down_z_base": 0.02,
    "lift_z_base": 0.26,
    "x_offset": 0.0,
    "y_offset": 0.0,
    "close": 0.7,
    "close_seq": "",
    "close_wait": 1.0,
    "gripper_close_duration": 1.5,
    "down_duration": 2.5,
    "lift_duration": 3.5
  },
  "stage": "done",
  "truth_before": {
    "name": "wood_block",
    "x": 0.12,
    "y": 1.391403834158852e-17,
    "z": 0.7749916695260781,
    "qx": 2.754324564814652e-16,
    "qy": -4.798046327401037e-16,
    "qz": -3.8976992337652826e-17,
    "qw": 1.0,
    "source_topic": "/world/robot_world/dynamic_pose/info"
  },
  "target_source": "gazebo_truth",
  "perception": null,
  "target_world_xyz": [
    0.12,
    1.391403834158852e-17,
    0.7749916695260781
  ],
  "target_base_xy": [
    0.32,
    1.391403834158852e-17
  ],
  "waypoints_base": {
    "pregrasp": [
      0.32,
      1.391403834158852e-17,
      0.22
    ],
    "down": [
      0.32,
      1.391403834158852e-17,
      0.02
    ],
    "lift": [
      0.32,
      1.391403834158852e-17,
      0.26
    ]
  },
  "q_targets": {
    "pregrasp": [
      0.000103092169561921,
      -0.4062114625291405,
      -0.8294959139037547,
      -0.592970864833045,
      0.0196379776435757
    ],
    "down": [
      0.00013649296739851207,
      -0.879409951190817,
      -1.0024408048218967,
      -0.5869023663451709,
      0.01963903390230869
    ],
    "lift": [
      9.708200371791885e-05,
      -0.4060345432043887,
      -0.7327727035990397,
      -0.49682989339268424,
      0.019669859904119832
    ]
  },
  "truth_after_down": {
    "name": "wood_block",
    "x": 0.120562894864135,
    "y": 9.084056129886217e-06,
    "z": 0.7738782813832078,
    "qx": 0.0068920800506123165,
    "qy": -0.010173391783106764,
    "qz": -0.007050744718066683,
    "qw": 0.9998996391294098,
    "source_topic": "/world/robot_world/dynamic_pose/info"
  },
  "close_sequence": [
    0.7
  ],
  "truth_after": {
    "name": "wood_block",
    "x": 0.12518787170795587,
    "y": 0.004519214547981129,
    "z": 0.7742040330829193,
    "qx": -0.01621701185038437,
    "qy": 0.01613480860276796,
    "qz": -0.08432201000139065,
    "qw": 0.996175925781848,
    "source_topic": "/world/robot_world/dynamic_pose/info"
  },
  "t_end": 1779958316.8750591,
  "duration_s": 134.14122080802917
}