{
  "trial_id": "scheme_a_clean_close07_snapshot",
  "use_truth": true,
  "success": false,
  "failure_type": "grasp_no_lift",
  "t_start": 1780037415.950683,
  "params": {
    "pre_z_base": 0.22,
    "down_z_base": 0.02,
    "lift_z_base": 0.26,
    "x_offset": 0.0,
    "y_offset": 0.0,
    "close": 0.7,
    "close_seq": "",
    "close_wait": 1.0,
    "gripper_close_duration": 1.5,
    "down_duration": 2.5,
    "lift_duration": 3.5
  },
  "stage": "done",
  "joint_after_open_1": {
    "joint1": 9.665333555361666e-05,
    "joint2": -0.0034629990659175896,
    "joint3": -0.0027174075123750675,
    "joint4": -7.040130822839384e-05,
    "joint5": 8.455417580623205e-06,
    "l_in_joint": -0.4897202962262183,
    "l_out_joint": 0.48070395012067524,
    "l_joint": -0.4896236784444302,
    "r_in_joint": -0.4897390416853442,
    "r_out_joint": 0.48073208322155625,
    "r_joint": 0.48905555569621734
  },
  "joint_after_open_2": {
    "joint1": 9.596532508144873e-07,
    "joint2": 0.7252881664501655,
    "joint3": -1.6005239859744602,
    "joint4": -1.6465181044267534,
    "joint5": -7.808600544859946e-11,
    "l_in_joint": -0.7999323682613112,
    "l_out_joint": 0.8000000752560672,
    "l_joint": -0.7999734931159418,
    "r_in_joint": -0.7999592936135297,
    "r_out_joint": 0.79999536472318,
    "r_joint": 0.7999944135005959
  },
  "truth_before": {
    "name": "wood_block",
    "x": 0.12,
    "y": 2.1996368110152317e-18,
    "z": 0.7744842922850685,
    "qx": 3.0320507095840383e-16,
    "qy": -5.178717934361977e-16,
    "qz": -2.042506676062023e-17,
    "qw": 1.0,
    "source_topic": "/world/robot_world/dynamic_pose/info"
  },
  "target_source": "gazebo_truth",
  "perception": null,
  "target_world_xyz": [
    0.12,
    2.1996368110152317e-18,
    0.7744842922850685
  ],
  "target_base_xy": [
    0.32,
    2.1996368110152317e-18
  ],
  "waypoints_base": {
    "pregrasp": [
      0.32,
      2.1996368110152317e-18,
      0.22
    ],
    "down": [
      0.32,
      2.1996368110152317e-18,
      0.02
    ],
    "lift": [
      0.32,
      2.1996368110152317e-18,
      0.26
    ]
  },
  "q_targets": {
    "pregrasp": [
      0.0001030921684816698,
      -0.4062114623598757,
      -0.8294959143676147,
      -0.5929708643389648,
      0.019637977300335514
    ],
    "down": [
      0.00013649296804149808,
      -0.8794099510342557,
      -1.0024408052516869,
      -0.5869023658661899,
      0.019639033513105173
    ],
    "lift": [
      9.708197649308537e-05,
      -0.406034543088833,
      -0.7327727038446682,
      -0.4968298932116888,
      0.019669858985726377
    ]
  },
  "joint_after_down": {
    "joint2": -0.787922909227843,
    "joint3": -0.9464398497974807,
    "joint1": 0.00035310426759790653,
    "joint4": -0.6039533621157983,
    "r_joint": 0.7999999991866839,
    "l_joint": -0.8029618910166068,
    "l_in_joint": -0.8171789926155102,
    "l_out_joint": 0.794975682852507,
    "r_in_joint": -0.8338114419650141,
    "joint5": 0.01986378642555656,
    "r_out_joint": 0.8000049021996722
  },
  "truth_after_down": {
    "name": "wood_block",
    "x": 0.12125968687497383,
    "y": -0.0008507803116611261,
    "z": 0.7728292351295216,
    "qx": 0.02471879485438789,
    "qy": -0.017886288768619085,
    "qz": -0.00783540371460539,
    "qw": 0.9995037110004451,
    "source_topic": "/world/robot_world/dynamic_pose/info"
  },
  "close_sequence": [
    0.7
  ],
  "joint_after_close_0": {
    "joint1": -1.3759176055251338e-06,
    "joint2": -0.8750037955499506,
    "joint3": -0.9877559174311008,
    "joint4": -0.5871914121662205,
    "joint5": 0.018935799318413996,
    "l_in_joint": -0.7243440489278286,
    "l_out_joint": 0.7187011395310197,
    "l_joint": -0.7227870387475677,
    "r_in_joint": -0.7605097974421544,
    "r_out_joint": 0.7207165539846331,
    "r_joint": 0.7207162527849207
  },
  "joint_after_lift": {
    "joint1": 9.716488118623496e-05,
    "joint2": -0.4598980215426419,
    "joint3": -0.7700405870654686,
    "joint4": -0.5049091430845314,
    "joint5": 0.019664488962012866,
    "l_in_joint": -0.6988077011047364,
    "l_out_joint": 0.7000754940465814,
    "l_joint": -0.6996207476408844,
    "r_in_joint": -0.6984357394088874,
    "r_out_joint": 0.70003158193879,
    "r_joint": 0.7000001420152031
  },
  "truth_after": {
    "name": "wood_block",
    "x": 0.11832081996733175,
    "y": -0.0028064923536408348,
    "z": 0.7745929592185399,
    "qx": 0.005894847149677337,
    "qy": -0.012935613475627829,
    "qz": 0.031121044154171447,
    "qw": 0.9994145292579277,
    "source_topic": "/world/robot_world/dynamic_pose/info"
  },
  "t_end": 1780037508.4663813,
  "duration_s": 92.51569819450378
}