{
  "trial_id": "scheme_a_fixed_smoke",
  "use_truth": true,
  "success": false,
  "failure_type": "grasp_no_lift",
  "t_start": 1779957605.6033187,
  "params": {
    "pre_z_base": 0.22,
    "down_z_base": 0.02,
    "lift_z_base": 0.26,
    "x_offset": 0.0,
    "y_offset": 0.0,
    "close": 0.4,
    "close_seq": "",
    "close_wait": 1.0,
    "gripper_close_duration": 1.5,
    "down_duration": 2.5,
    "lift_duration": 3.5
  },
  "stage": "done",
  "truth_before": {
    "name": "wood_block",
    "x": 0.12,
    "y": -9.532482614051617e-18,
    "z": 0.7748792744718488,
    "qx": -5.4723784078962444e-17,
    "qy": -9.773922029727498e-17,
    "qz": 1.9368834900135805e-16,
    "qw": 1.0,
    "source_topic": "/world/robot_world/dynamic_pose/info"
  },
  "target_source": "gazebo_truth",
  "perception": null,
  "target_world_xyz": [
    0.12,
    -9.532482614051617e-18,
    0.7748792744718488
  ],
  "target_base_xy": [
    0.32,
    -9.532482614051617e-18
  ],
  "waypoints_base": {
    "pregrasp": [
      0.32,
      -9.532482614051617e-18,
      0.22
    ],
    "down": [
      0.32,
      -9.532482614051617e-18,
      0.02
    ],
    "lift": [
      0.32,
      -9.532482614051617e-18,
      0.26
    ]
  },
  "q_targets": {
    "pregrasp": [
      0.00010309216803779832,
      -0.40621146227098415,
      -0.8294959146128019,
      -0.5929708640758325,
      0.01963797730384094
    ],
    "down": [
      0.00013649294912540616,
      -0.8794099510043542,
      -1.0024408053570566,
      -0.5869023657036047,
      0.019639033488729293
    ],
    "lift": [
      9.708206656475137e-05,
      -0.40603454310599063,
      -0.7327727041573984,
      -0.4968298925675261,
      0.01966985943458464
    ]
  },
  "truth_after_down": {
    "name": "wood_block",
    "x": 0.1203404598045942,
    "y": 6.665580259834361e-05,
    "z": 0.7742433377471796,
    "qx": 0.004256965193675403,
    "qy": -0.008133036964462277,
    "qz": -0.00557500726993581,
    "qw": 0.9999423239622447,
    "source_topic": "/world/robot_world/dynamic_pose/info"
  },
  "close_sequence": [
    0.4
  ],
  "truth_after": {
    "name": "wood_block",
    "x": 0.13702073241351748,
    "y": -0.0018472584682377752,
    "z": 0.7673796461618713,
    "qx": 0.04434258804087783,
    "qy": -0.12818836365246747,
    "qz": -0.007188830822030318,
    "qw": 0.990731951145895,
    "source_topic": "/world/robot_world/dynamic_pose/info"
  },
  "t_end": 1779957742.0498302,
  "duration_s": 136.4465115070343
}