{
  "trial_id": "scheme_a_bigpad_close07",
  "use_truth": true,
  "success": false,
  "failure_type": "grasp_no_lift",
  "t_start": 1779958755.2432597,
  "params": {
    "pre_z_base": 0.22,
    "down_z_base": 0.02,
    "lift_z_base": 0.26,
    "x_offset": 0.0,
    "y_offset": 0.0,
    "close": 0.7,
    "close_seq": "",
    "close_wait": 1.0,
    "gripper_close_duration": 1.5,
    "down_duration": 2.5,
    "lift_duration": 3.5
  },
  "stage": "done",
  "truth_before": {
    "name": "wood_block",
    "x": 0.12,
    "y": -1.2951673514221757e-18,
    "z": 0.7749936906292919,
    "qx": -1.554059209571518e-18,
    "qy": -1.3249262347469647e-16,
    "qz": 1.4426077168961642e-16,
    "qw": 1.0,
    "source_topic": "/world/robot_world/dynamic_pose/info"
  },
  "target_source": "gazebo_truth",
  "perception": null,
  "target_world_xyz": [
    0.12,
    -1.2951673514221757e-18,
    0.7749936906292919
  ],
  "target_base_xy": [
    0.32,
    -1.2951673514221757e-18
  ],
  "waypoints_base": {
    "pregrasp": [
      0.32,
      -1.2951673514221757e-18,
      0.22
    ],
    "down": [
      0.32,
      -1.2951673514221757e-18,
      0.02
    ],
    "lift": [
      0.32,
      -1.2951673514221757e-18,
      0.26
    ]
  },
  "q_targets": {
    "pregrasp": [
      0.0001030921678966785,
      -0.4062114623459711,
      -0.8294959144057352,
      -0.5929708642983242,
      0.019637977293959417
    ],
    "down": [
      0.00013649293323382788,
      -0.8794099510048579,
      -1.0024408053798706,
      -0.5869023656333052,
      0.019639033609972482
    ],
    "lift": [
      9.70817539714364e-05,
      -0.4060345424474261,
      -0.7327727047793658,
      -0.49682989304539144,
      0.019669859415937782
    ]
  },
  "truth_after_down": {
    "name": "wood_block",
    "x": 0.12136478687316127,
    "y": -0.0008743209734700439,
    "z": 0.7729560125798042,
    "qx": 0.025048623434236913,
    "qy": -0.014681102036477961,
    "qz": -0.007805399000235773,
    "qw": 0.9995479515528464,
    "source_topic": "/world/robot_world/dynamic_pose/info"
  },
  "close_sequence": [
    0.7
  ],
  "truth_after": {
    "name": "wood_block",
    "x": 0.11688151681958085,
    "y": -0.0027811558352132133,
    "z": 0.7741591400986874,
    "qx": 0.01033744208018402,
    "qy": -0.0128022346349816,
    "qz": 0.02609991306346286,
    "qw": 0.9995239039751223,
    "source_topic": "/world/robot_world/dynamic_pose/info"
  },
  "t_end": 1779958878.3033257,
  "duration_s": 123.06006598472595
}