{
  "trial_id": "scheme_a_holdactive_multilift_to055_waitjoint",
  "mode": "hold_close_multilift_probe",
  "params": {
    "trial_id": "scheme_a_holdactive_multilift_to055_waitjoint",
    "skip_home": false,
    "pre_z_base": 0.22,
    "down_z_base": 0.02,
    "lift_seq": "0.035,0.060,0.090,0.130,0.180,0.220,0.260",
    "x_offset": 0.0,
    "y_offset": 0.0,
    "close_seq": "0.75,0.70,0.65,0.60,0.55",
    "gripper_step_dt": 1.0,
    "gripper_hold_s": 140.0,
    "wait_before_lift": 1.0,
    "wait_for_close_timeout": 60.0,
    "wait_for_close_tol": 0.03,
    "down_duration": 2.5,
    "lift_duration": 1.6,
    "hold_after_each_lift": 0.6,
    "clamp_dz": 0.012,
    "success_dz": 0.035,
    "max_clamp_xy": 0.035
  },
  "close_values": [
    0.75,
    0.7,
    0.65,
    0.6,
    0.55
  ],
  "lift_zs": [
    0.035,
    0.06,
    0.09,
    0.13,
    0.18,
    0.22,
    0.26
  ],
  "success": false,
  "clamped": false,
  "failure_type": "partial_contact_not_clamped",
  "diagnosis": "object moved slightly but did not reach clamp threshold; tune close endpoint and x/y offset",
  "t_start": 1780038981.1073778,
  "stage": "done",
  "truth_before": {
    "name": "wood_block",
    "x": 0.12000000000004507,
    "y": -3.703068813764437e-14,
    "z": 0.7746212961437287,
    "qx": 4.0420452170581654e-13,
    "qy": 4.912030407241778e-13,
    "qz": -1.9871209666632028e-16,
    "qw": 1.0,
    "source_topic": "/world/robot_world/dynamic_pose/info"
  },
  "target_world_xyz": [
    0.12000000000004507,
    -3.703068813764437e-14,
    0.7746212961437287
  ],
  "target_base_xy": [
    0.3200000000000451,
    -3.703068813764437e-14
  ],
  "waypoints_base": {
    "pregrasp": [
      0.3200000000000451,
      -3.703068813764437e-14,
      0.22
    ],
    "down": [
      0.3200000000000451,
      -3.703068813764437e-14,
      0.02
    ],
    "lift_1": [
      0.3200000000000451,
      -3.703068813764437e-14,
      0.035
    ],
    "lift_2": [
      0.3200000000000451,
      -3.703068813764437e-14,
      0.06
    ],
    "lift_3": [
      0.3200000000000451,
      -3.703068813764437e-14,
      0.09
    ],
    "lift_4": [
      0.3200000000000451,
      -3.703068813764437e-14,
      0.13
    ],
    "lift_5": [
      0.3200000000000451,
      -3.703068813764437e-14,
      0.18
    ],
    "lift_6": [
      0.3200000000000451,
      -3.703068813764437e-14,
      0.22
    ],
    "lift_7": [
      0.3200000000000451,
      -3.703068813764437e-14,
      0.26
    ]
  },
  "q_targets": {
    "pregrasp": [
      3.7505755004352834e-05,
      -0.3946739491421384,
      -0.8616023565421564,
      -0.5581928804703857,
      0.0116593471789092
    ],
    "down": [
      8.211693151377459e-05,
      -0.8689664034847336,
      -1.0318391359842265,
      -0.5532066299017119,
      0.011659694740289528
    ],
    "lift_1": [
      3.478234598562429e-05,
      -0.810780001552804,
      -1.038777003383232,
      -0.5766032135741782,
      0.011654563945338368
    ],
    "lift_2": [
      9.379558185916544e-05,
      -0.7208918836839464,
      -1.0426226300299404,
      -0.6077775215205595,
      0.011647083796538903
    ],
    "lift_3": [
      4.321825717301173e-05,
      -0.6253696002418839,
      -1.0350870679874076,
      -0.6320615595214755,
      0.011641801825032608
    ],
    "lift_4": [
      9.10798294934546e-05,
      -0.52061239072058,
      -1.0058960358042752,
      -0.6410274308676285,
      0.011639577853533315
    ],
    "lift_5": [
      4.0394047504152386e-05,
      -0.42993294792426323,
      -0.9402938945980156,
      -0.6125040550494799,
      0.011646628545001154
    ],
    "lift_6": [
      7.789245092751196e-05,
      -0.3937557474990351,
      -0.8641896495994734,
      -0.5553704454881362,
      0.011659795479197906
    ],
    "lift_7": [
      5.15728768884102e-05,
      -0.3960011107015872,
      -0.763050577674711,
      -0.46319370678739735,
      0.01168144526945803
    ]
  },
  "truth_after_down": {
    "name": "wood_block",
    "x": 0.12137806160335682,
    "y": -0.000898107315255734,
    "z": 0.7728769969030425,
    "qx": 0.02557491706674055,
    "qy": -0.01511673124862096,
    "qz": -0.007858209233978572,
    "qw": 0.9995277167747882,
    "source_topic": "/world/robot_world/dynamic_pose/info"
  },
  "delta_after_down": {
    "dx": 0.0013780616033117477,
    "dy": -0.0008981073152187033,
    "dz": -0.001744299240686198,
    "abs_xy": 0.0016448861760533743
  },
  "actual_r_joint_before_lift": null,
  "close_reached_before_lift": true,
  "waited_for_close_wall_s": 51.01409673690796,
  "truth_after_hold_close": {
    "name": "wood_block",
    "x": 0.12166728017676277,
    "y": 1.059894366380152e-06,
    "z": 0.774192992351992,
    "qx": 0.002005026410159927,
    "qy": -0.01366459447793955,
    "qz": -0.002180492942703039,
    "qw": 0.9999022473108933,
    "source_topic": "/world/robot_world/dynamic_pose/info"
  },
  "delta_after_hold_close": {
    "dx": 0.0016672801767177031,
    "dy": 1.0598944034108401e-06,
    "dz": -0.00042830379173663946,
    "abs_xy": 0.0016672805136065023
  },
  "lift_results": [
    {
      "name": "lift_1",
      "target_z_base": 0.035,
      "actual_r_joint": 0.5500601286846163,
      "truth": {
        "name": "wood_block",
        "x": 0.11952245983722778,
        "y": 0.0005902652308148111,
        "z": 0.7768454013472474,
        "qx": 0.01237790582659734,
        "qy": -0.050784607662615215,
        "qz": 0.019786321704734454,
        "qw": 0.9984368846077848,
        "source_topic": "/world/robot_world/dynamic_pose/info"
      },
      "delta": {
        "dx": -0.00047754016281728595,
        "dy": 0.0005902652308518418,
        "dz": 0.002224105203518789,
        "abs_xy": 0.0007592480818916424
      },
      "clamped_at_step": false,
      "success_at_step": false
    },
    {
      "name": "lift_2",
      "target_z_base": 0.06,
      "actual_r_joint": 0.5500000162024183,
      "truth": {
        "name": "wood_block",
        "x": 0.1084598539651841,
        "y": 0.002990153140068692,
        "z": 0.7758527018633911,
        "qx": 0.017893589083474395,
        "qy": -0.061231337384539286,
        "qz": 0.0872953423351353,
        "qw": 0.9941378506014164,
        "source_topic": "/world/robot_world/dynamic_pose/info"
      },
      "delta": {
        "dx": -0.011540146034860976,
        "dy": 0.0029901531401057228,
        "dz": 0.001231405719662404,
        "abs_xy": 0.011921240971778132
      },
      "clamped_at_step": false,
      "success_at_step": false
    },
    {
      "name": "lift_3",
      "target_z_base": 0.09,
      "actual_r_joint": 0.5499999994181682,
      "truth": {
        "name": "wood_block",
        "x": 0.11091518133110773,
        "y": 0.003597509619551474,
        "z": 0.7738388768207972,
        "qx": 0.005816979075890586,
        "qy": 0.017341252528917373,
        "qz": 0.09177475293691309,
        "qw": 0.9956117910302827,
        "source_topic": "/world/robot_world/dynamic_pose/info"
      },
      "delta": {
        "dx": -0.009084818668937344,
        "dy": 0.0035975096195885047,
        "dz": -0.000782419322931438,
        "abs_xy": 0.009771182411075148
      },
      "clamped_at_step": false,
      "success_at_step": false
    },
    {
      "name": "lift_4",
      "target_z_base": 0.13,
      "actual_r_joint": 0.5499999994965961,
      "truth": {
        "name": "wood_block",
        "x": 0.11026832583158482,
        "y": 0.0037490218953190758,
        "z": 0.7746832842640874,
        "qx": 0.0016092395422431058,
        "qy": 0.004736720557391188,
        "qz": 0.09188535841104123,
        "qw": 0.9957570259536869,
        "source_topic": "/world/robot_world/dynamic_pose/info"
      },
      "delta": {
        "dx": -0.009731674168460255,
        "dy": 0.0037490218953561065,
        "dz": 6.19881203587358e-05,
        "abs_xy": 0.010428837293434782
      },
      "clamped_at_step": false,
      "success_at_step": false
    },
    {
      "name": "lift_5",
      "target_z_base": 0.18,