{
  "trial_id": "step7_root_slow_c08",
  "mode": "positive_close_root_probe",
  "params": {
    "trial_id": "step7_root_slow_c08",
    "skip_home": false,
    "pre_z_base": 0.22,
    "down_z_base": 0.02,
    "lift_z_base": 0.06,
    "x_offset": 0.0,
    "y_offset": 0.0,
    "close_seq": "1.2,1.1,1.0,0.95,0.9,0.85,0.8",
    "gripper_duration": 3.0,
    "gripper_settle": 4.0,
    "down_duration": 3.0,
    "lift_duration": 3.0,
    "hold_after_lift": 1.0,
    "clamp_dz": 0.012,
    "success_dz": 0.035,
    "max_clamp_xy": 0.035
  },
  "close_values": [
    1.2,
    1.1,
    1.0,
    0.95,
    0.9,
    0.85,
    0.8
  ],
  "success": false,
  "clamped": false,
  "failure_type": "not_clamped",
  "diagnosis": "r_joint did not reach target, but block still did not move. Likely gripper contact/controller/contact model abnormal.",
  "t_start": 1778571355.610284,
  "stage": "done",
  "truth_before": {
    "name": "wood_block",
    "x": 0.11999984919305905,
    "y": -1.454748590297935e-07,
    "z": 0.7743251916350078,
    "qx": 1.9664683308571883e-06,
    "qy": -2.038545120404049e-06,
    "qz": -6.582451664590616e-11,
    "qw": 0.9999999999959887,
    "source_topic": "/world/robot_world/dynamic_pose/info"
  },
  "target_world_xyz": [
    0.11999984919305905,
    -1.454748590297935e-07,
    0.7743251916350078
  ],
  "target_base_xy": [
    0.31999984919305907,
    -1.454748590297935e-07
  ],
  "waypoints_base": {
    "pregrasp": [
      0.31999984919305907,
      -1.454748590297935e-07,
      0.22
    ],
    "down": [
      0.31999984919305907,
      -1.454748590297935e-07,
      0.02
    ],
    "lift": [
      0.31999984919305907,
      -1.454748590297935e-07,
      0.06
    ]
  },
  "q_targets": {
    "pregrasp": [
      -0.00022608021701677958,
      -0.41149213432227477,
      -0.8151586226570132,
      -0.6081683543889023,
      -0.04307162163057196
    ],
    "down": [
      -0.0002548681533034312,
      -0.8841771460049836,
      -0.9893006535844802,
      -0.6017232406821108,
      -0.043073224166859915
    ],
    "lift": [
      -0.00022587524448719023,
      -0.7376861921886264,
      -0.998042262866708,
      -0.6572946789094054,
      -0.04305023814159181
    ]
  },
  "truth_after_down": {
    "name": "wood_block",
    "x": 0.11999994821489893,
    "y": -4.995413185781105e-08,
    "z": 0.7749769590709275,
    "qx": 5.605398041334899e-08,
    "qy": -5.810852212695662e-08,
    "qz": -6.58244958854187e-11,
    "qw": 0.9999999999999967,
    "source_topic": "/world/robot_world/dynamic_pose/info"
  },
  "delta_after_down": {
    "dx": 9.902183988053093e-08,
    "dy": 9.552072717198246e-08,
    "dz": 0.000651767435919659,
    "abs_xy": 1.3758464337559556e-07
  },
  "close_results": [
    {
      "i": 0,
      "target_r_joint": 1.2,
      "actual_r_joint": 1.302151668477922,
      "truth": {
        "name": "wood_block",
        "x": 0.11999995029308716,
        "y": -4.794942215978514e-08,
        "z": 0.7749906361235552,
        "qx": 1.595979041758393e-08,
        "qy": -1.6544763284579182e-08,
        "qz": -6.582446876908027e-11,
        "qw": 0.9999999999999997,
        "source_topic": "/world/robot_world/dynamic_pose/info"
      },
      "delta": {
        "dx": 1.0110002811314356e-07,
        "dy": 9.752543687000836e-08,
        "dz": 0.0006654444885474398,
        "abs_xy": 1.4047215567921068e-07
      }
    },
    {
      "i": 1,
      "target_r_joint": 1.1,
      "actual_r_joint": 1.2176812780112276,
      "truth": {
        "name": "wood_block",
        "x": 0.12002227393657751,
        "y": 0.00027629154872787663,
        "z": 0.7747096093883495,
        "qx": -0.005589154421342313,
        "qy": 0.00018386473314950825,
        "qz": 8.961547320494845e-05,
        "qw": 0.9999843596355301,
        "source_topic": "/world/robot_world/dynamic_pose/info"
      },
      "delta": {
        "dx": 2.242474351846213e-05,
        "dy": 0.00027643702358690644,
        "dz": 0.0003844177533417481,
        "abs_xy": 0.00027734508672672874
      }
    },
    {
      "i": 2,
      "target_r_joint": 1.0,
      "actual_r_joint": 1.1810016114257602,
      "truth": {
        "name": "wood_block",
        "x": 0.12004675245968927,
        "y": 0.00014812799629009492,
        "z": 0.7748165228230331,
        "qx": -0.002955826564683323,
        "qy": 0.00020415176841705312,
        "qz": 2.883750131519823e-05,
        "qw": 0.9999956102802519,
        "source_topic": "/world/robot_world/dynamic_pose/info"
      },
      "delta": {
        "dx": 4.690326663021882e-05,
        "dy": 0.00014827347114912471,
        "dz": 0.0004913311880253568,
        "abs_xy": 0.00015551507536954646
      }
    },
    {
      "i": 3,
      "target_r_joint": 0.95,
      "actual_r_joint": 1.16562716820585,
      "truth": {
        "name": "wood_block",
        "x": 0.12006262111338369,
        "y": 0.00012235130706646566,
        "z": 0.7748427463333386,
        "qx": -0.002401033757400135,
        "qy": 0.00030644341632685374,
        "qz": -1.2092816476421922e-05,
        "qw": 0.9999970704872551,
        "source_topic": "/world/robot_world/dynamic_pose/info"
      },
      "delta": {
        "dx": 6.277192032463907e-05,
        "dy": 0.00012249678192549545,
        "dz": 0.0005175546983308132,
        "abs_xy": 0.00013764365427924828
      }
    },
    {
      "i": 4,
      "target_r_joint": 0.9,
      "actual_r_joint": 1.1593223662949521,
      "truth": {
        "name": "wood_block",
        "x": 0.120066854223148,
        "y": 0.00010534266887031034,
        "z": 0.7748583751095495,
        "qx": -0.002038612161583775,
        "qy": 0.0002726174455945923,
        "qz": -3.657121077983238e-05,
        "qw": 0.9999978841991265,
        "source_topic": "/world/robot_world/dynamic_pose/info"
      },
      "delta": {
        "dx": 6.700503008895409e-05,
        "dy": 0.00010548814372934013,
        "dz": 0.0005331834745416764,
        "abs_xy": 0.00012496968642308247
      }
    },
    {
      "i": 5,
      "target_r_joint": 0.85,
      "actual_r_joint": 1.1530072166185283,
      "truth": {
        "name": "wood_block",
        "x": 0.12007210295587617,
        "y": 9.163478137149375e-05,
        "z": 0.7748712356480897,
        "qx": -0.0017415643183943303,
        "qy": 0.0002582397373687236,
        "qz": -6.182951587333492e-05,
        "qw": 0.9999984482203329,
        "source_topic": "/world/robot_world/dynamic_pose/info"
      },
      "delta": {
        "dx": 7.225376281712326e-05,
        "dy": 9.178025623052354e-05,
        "dz": 0.0005460440130818922,
        "abs_xy": 0.00011680848288961576
      }
    },
    {
      "i": 6,
      "target_r_joint": 0.8,
      "actual_r_joint": 1.1477329833982413,
      "truth": {
        "name": "wood_block",
        "x": 0.1200739688699588,
        "y": 8.140544340718044e-05,
        "z": 0.7748803015217834,
        "qx": -0.0015199151359514876,
        "qy": 0.00021112451826305845,
        "qz": -8.111377909849669e-05,
        "qw": 0.9999988193517891,
        "source_topic": "/world/robot_world/dynamic_pose/info"
      },
      "delta": {
        "dx": 7.411967689975596e-05,
        "dy": 8.155091826621023e-05,
        "dz": 0.000555109886775651,
        "abs_xy": 0.00011020108336031148
      }
    }
  ],
  "truth_after_close": {
    "name": "wood_block",
    "x": 0.1200739688699588,
    "y": 8.140544340718044e-05,
    "z": 0.7748803015217834,
    "qx": -0.0015199151359514876,
    "qy": 0.00021112451826305845,
    "qz": -8.111377909849669e-05,
    "qw": 0.9999988193517891,
    "source_topic": "/world/robot_world/dynamic_pose/info"
  },
  "delta_after_close": {
    "dx": 7.411967689975596e-05,
    "dy": 8.155091826621023e-05,
    "dz": 0.000555109886775651,
    "abs_xy": 0.00011020108336031148
  },
  "actual_r_joint_after_close": 1.1477329833982413,
  "truth_after_lift": {
    "name": "wood_block",
    "x": 0.11890633237512835,
    "y": -0.0004704359225040109,
    "z": 0.7745116650106973,
    "qx": 0.0015920634982528835,