{
  "trial_id": "step7_z_0092_seq1",
  "use_truth": true,
  "success": false,
  "failure_type": "grasp_no_lift",
  "t_start": 1778550591.0941777,
  "stage": "done",
  "truth_before": {
    "name": "wood_block",
    "x": 0.12,
    "y": 5.647127614356371e-18,
    "z": 0.7744358412951031,
    "qx": 3.3589368329514455e-17,
    "qy": -1.8338978241027705e-16,
    "qz": 1.5954703453538404e-16,
    "qw": 1.0,
    "source_topic": "/world/robot_world/dynamic_pose/info"
  },
  "target_source": "gazebo_truth",
  "perception": null,
  "target_world_xyz": [
    0.12,
    5.647127614356371e-18,
    0.7744358412951031
  ],
  "target_base_xy": [
    0.32,
    5.647127614356371e-18
  ],
  "waypoints_base": {
    "pregrasp": [
      0.32,
      5.647127614356371e-18,
      0.22
    ],
    "down": [
      0.32,
      5.647127614356371e-18,
      0.092
    ],
    "lift": [
      0.32,
      5.647127614356371e-18,
      0.26
    ]
  },
  "q_targets": {
    "pregrasp": [
      2.8606012689764838e-05,
      -0.4059766777544747,
      -0.8301340911047806,
      -0.5923029237058638,
      0.005115396069919855
    ],
    "down": [
      3.0430094003784552e-05,
      -0.6329860543697918,
      -0.9990003404243413,
      -0.6717172762075956,
      0.005102897068543122
    ],
    "lift": [
      3.6148569206478785e-05,
      -0.40753630517365225,
      -0.7284312275098729,
      -0.5014750534934656,
      0.005129458008270987
    ]
  },
  "close_sequence": [
    0.6,
    0.4,
    0.2,
    0.0
  ],
  "truth_after": {
    "name": "wood_block",
    "x": 0.12,
    "y": 2.15321031295585e-17,
    "z": 0.7749956925160869,
    "qx": 2.1127649129179266e-16,
    "qy": -1.4795624793756562e-16,
    "qz": 1.453289296814357e-16,
    "qw": 1.0,
    "source_topic": "/world/robot_world/dynamic_pose/info"
  },
  "t_end": 1778550680.7690392,
  "duration_s": 89.67486143112183
}