{
  "trial_id": "step7_probe_z_0050",
  "use_truth": true,
  "success": false,
  "failure_type": "probe_no_contact",
  "t_start": 1778552876.918797,
  "stage": "probe_done",
  "truth_before": {
    "name": "wood_block",
    "x": 0.12,
    "y": 6.8066144121572986e-18,
    "z": 0.7744633242030354,
    "qx": 1.558774337451481e-17,
    "qy": 9.626491285896446e-17,
    "qz": 6.213426449174457e-17,
    "qw": 1.0,
    "source_topic": "/world/robot_world/dynamic_pose/info"
  },
  "target_source": "gazebo_truth",
  "perception": null,
  "target_world_xyz": [
    0.12,
    6.8066144121572986e-18,
    0.7744633242030354
  ],
  "target_base_xy": [
    0.32,
    6.8066144121572986e-18
  ],
  "waypoints_base": {
    "pregrasp": [
      0.32,
      6.8066144121572986e-18,
      0.22
    ],
    "down": [
      0.32,
      6.8066144121572986e-18,
      0.05
    ],
    "lift": [
      0.32,
      6.8066144121572986e-18,
      0.26
    ]
  },
  "q_targets": {
    "pregrasp": [
      -0.0002999090644805152,
      -0.3987426973767892,
      -0.8501815206340014,
      -0.570687760956632,
      -0.05516840518233482
    ],
    "down": [
      -0.00031661363788273165,
      -0.7607529986834608,
      -1.028596759488234,
      -0.6119537556541937,
      -0.05514390934748936
    ],
    "lift": [
      -0.00031471326046825926,
      -0.40067630149033756,
      -0.7487559278197742,
      -0.4792732291479199,
      -0.05522041912491828
    ]
  },
  "truth_after_down": {
    "name": "wood_block",
    "x": 0.12,
    "y": 3.211593198601575e-18,
    "z": 0.7749834087222837,
    "qx": 6.202868690582758e-17,
    "qy": 1.1812242305794445e-16,
    "qz": 2.1904157721500464e-16,
    "qw": 1.0,
    "source_topic": "/world/robot_world/dynamic_pose/info"
  },
  "truth_after": {
    "name": "wood_block",
    "x": 0.12,
    "y": 3.211593198601575e-18,
    "z": 0.7749834087222837,
    "qx": 6.202868690582758e-17,
    "qy": 1.1812242305794445e-16,
    "qz": 2.1904157721500464e-16,
    "qw": 1.0,
    "source_topic": "/world/robot_world/dynamic_pose/info"
  },
  "probe_motion": {
    "dx": 0.0,
    "dy": -3.595021213555724e-18,
    "dz": 0.0005200845192482317,
    "abs_xy": 3.595021213555724e-18
  },
  "t_end": 1778552936.3159904,
  "duration_s": 59.39719343185425
}