{
  "trial_id": "step7_root_slow_c09",
  "mode": "positive_close_root_probe",
  "params": {
    "trial_id": "step7_root_slow_c09",
    "skip_home": false,
    "pre_z_base": 0.22,
    "down_z_base": 0.02,
    "lift_z_base": 0.06,
    "x_offset": 0.0,
    "y_offset": 0.0,
    "close_seq": "1.2,1.1,1.0,0.95,0.9",
    "gripper_duration": 3.0,
    "gripper_settle": 4.0,
    "down_duration": 3.0,
    "lift_duration": 3.0,
    "hold_after_lift": 1.0,
    "clamp_dz": 0.012,
    "success_dz": 0.035,
    "max_clamp_xy": 0.035
  },
  "close_values": [
    1.2,
    1.1,
    1.0,
    0.95,
    0.9
  ],
  "success": false,
  "clamped": false,
  "failure_type": "not_clamped",
  "diagnosis": "r_joint did not reach target, but block still did not move. Likely gripper contact/controller/contact model abnormal.",
  "t_start": 1778570886.4617553,
  "stage": "done",
  "truth_before": {
    "name": "wood_block",
    "x": 0.12,
    "y": -9.344426101273873e-18,
    "z": 0.7749956925160869,
    "qx": 3.5453710637770905e-17,
    "qy": -9.557222880528863e-17,
    "qz": 5.751553268223055e-17,
    "qw": 1.0,
    "source_topic": "/world/robot_world/dynamic_pose/info"
  },
  "target_world_xyz": [
    0.12,
    -9.344426101273873e-18,
    0.7749956925160869
  ],
  "target_base_xy": [
    0.32,
    -9.344426101273873e-18
  ],
  "waypoints_base": {
    "pregrasp": [
      0.32,
      -9.344426101273873e-18,
      0.22
    ],
    "down": [
      0.32,
      -9.344426101273873e-18,
      0.02
    ],
    "lift": [
      0.32,
      -9.344426101273873e-18,
      0.06
    ]
  },
  "q_targets": {
    "pregrasp": [
      -0.00031650576011972743,
      -0.39252988521227256,
      -0.8677372452791944,
      -0.5514271210964734,
      -0.05818542235204191
    ],
    "down": [
      -0.00034593651387911475,
      -0.8670064295320751,
      -1.0374425257312767,
      -0.5467112057895789,
      -0.058186702631904584
    ],
    "lift": [
      -0.0002982167764601224,
      -0.7185512631957385,
      -1.0490587106191012,
      -0.6004059750143863,
      -0.05815506810058838
    ]
  },
  "truth_after_down": {
    "name": "wood_block",
    "x": 0.12,
    "y": -9.344426101273873e-18,
    "z": 0.7749956925160869,
    "qx": 3.5453710637770905e-17,
    "qy": -9.557222880528863e-17,
    "qz": 5.751553268223055e-17,
    "qw": 1.0,
    "source_topic": "/world/robot_world/dynamic_pose/info"
  },
  "delta_after_down": {
    "dx": 0.0,
    "dy": 0.0,
    "dz": 0.0,
    "abs_xy": 0.0
  },
  "close_results": [
    {
      "i": 0,
      "target_r_joint": 1.2,
      "actual_r_joint": 1.303480191504989,
      "truth": {
        "name": "wood_block",
        "x": 0.12,
        "y": -9.344426101273873e-18,
        "z": 0.7749956925160869,
        "qx": 3.5453710637770905e-17,
        "qy": -9.557222880528863e-17,
        "qz": 5.751553268223055e-17,
        "qw": 1.0,
        "source_topic": "/world/robot_world/dynamic_pose/info"
      },
      "delta": {
        "dx": 0.0,
        "dy": 0.0,
        "dz": 0.0,
        "abs_xy": 0.0
      }
    },
    {
      "i": 1,
      "target_r_joint": 1.1,
      "actual_r_joint": 1.2073173994645354,
      "truth": {
        "name": "wood_block",
        "x": 0.12000271437249739,
        "y": -2.011082974792193e-05,
        "z": 0.7749911921560393,
        "qx": 0.000418118943091053,
        "qy": -0.0004573380404908884,
        "qz": -2.206452386011357e-05,
        "qw": 0.999999807765793,
        "source_topic": "/world/robot_world/dynamic_pose/info"
      },
      "delta": {
        "dx": 2.7143724973949235e-06,
        "dy": -2.0110829747912586e-05,
        "dz": -4.500360047621221e-06,
        "abs_xy": 2.029318336792283e-05
      }
    },
    {
      "i": 2,
      "target_r_joint": 1.0,
      "actual_r_joint": null,
      "truth": {
        "name": "wood_block",
        "x": 0.12005747558172312,
        "y": -3.2716517685675992e-06,
        "z": 0.7749893338929614,
        "qx": 9.325530295839408e-05,
        "qy": 8.298635672512707e-05,
        "qz": -4.6745773261965486e-05,
        "qw": 0.999999991115773,
        "source_topic": "/world/robot_world/dynamic_pose/info"
      },
      "delta": {
        "dx": 5.7475581723129276e-05,
        "dy": -3.2716517685582548e-06,
        "dz": -6.358623125479745e-06,
        "abs_xy": 5.7568621658910874e-05
      }
    },
    {
      "i": 3,
      "target_r_joint": 0.95,
      "actual_r_joint": 1.1634921954697723,
      "truth": {
        "name": "wood_block",
        "x": 0.12006446163969657,
        "y": 3.0479429608140606e-06,
        "z": 0.774986020563349,
        "qx": -6.682678661670954e-06,
        "qy": 6.584251287449909e-06,
        "qz": -7.71239711570426e-05,
        "qw": 0.9999999969819412,
        "source_topic": "/world/robot_world/dynamic_pose/info"
      },
      "delta": {
        "dx": 6.446163969657526e-05,
        "dy": 3.047942960823405e-06,
        "dz": -9.671952737932976e-06,
        "abs_xy": 6.453365748710916e-05
      }
    },
    {
      "i": 4,
      "target_r_joint": 0.9,
      "actual_r_joint": 1.1569496074222654,
      "truth": {
        "name": "wood_block",
        "x": 0.12007112422363772,
        "y": 6.951572865457028e-07,
        "z": 0.7749844956262446,
        "qx": 6.221924088266505e-05,
        "qy": 2.201047080803745e-05,
        "qz": -0.0001023678836775964,
        "qw": 0.9999999925825609,
        "source_topic": "/world/robot_world/dynamic_pose/info"
      },
      "delta": {
        "dx": 7.112422363772519e-05,
        "dy": 6.951572865550472e-07,
        "dz": -1.1196889842302049e-05,
        "abs_xy": 7.112762073711027e-05
      }
    }
  ],
  "truth_after_close": {
    "name": "wood_block",
    "x": 0.12007112422363772,
    "y": 6.951572865457028e-07,
    "z": 0.7749844956262446,
    "qx": 6.221924088266505e-05,
    "qy": 2.201047080803745e-05,
    "qz": -0.0001023678836775964,
    "qw": 0.9999999925825609,
    "source_topic": "/world/robot_world/dynamic_pose/info"
  },
  "delta_after_close": {
    "dx": 7.112422363772519e-05,
    "dy": 6.951572865550472e-07,
    "dz": -1.1196889842302049e-05,
    "abs_xy": 7.112762073711027e-05
  },
  "actual_r_joint_after_close": 1.1569496074222654,
  "truth_after_lift": {
    "name": "wood_block",
    "x": 0.11948951985484656,
    "y": -0.00018033828853456375,
    "z": 0.7743729815278045,
    "qx": -0.002754000131081687,
    "qy": 0.0028195016295637647,
    "qz": 0.006242984377880406,
    "qw": 0.9999727451485347,
    "source_topic": "/world/robot_world/dynamic_pose/info"
  },
  "delta_after_lift": {
    "dx": -0.0005104801451534385,
    "dy": -0.0001803382885345544,
    "dz": -0.0006227109882823711,
    "abs_xy": 0.0005413980761948161
  },
  "truth_after": {
    "name": "wood_block",
    "x": 0.11948951985484656,
    "y": -0.00018033828853456375,
    "z": 0.7743729815278045,
    "qx": -0.002754000131081687,
    "qy": 0.0028195016295637647,
    "qz": 0.006242984377880406,
    "qw": 0.9999727451485347,
    "source_topic": "/world/robot_world/dynamic_pose/info"
  },
  "delta_final": {
    "dx": -0.0005104801451534385,
    "dy": -0.0001803382885345544,
    "dz": -0.0006227109882823711,
    "abs_xy": 0.0005413980761948161
  },
  "reached_close_target": false,
  "close_moved_block": false,
  "t_end": 1778571344.2869134,
  "duration_s": 457.82515811920166
}