{
  "trial_id": "step7_probe_z_0055",
  "use_truth": true,
  "success": false,
  "failure_type": "probe_no_contact",
  "t_start": 1778552817.1048288,
  "stage": "probe_done",
  "truth_before": {
    "name": "wood_block",
    "x": 0.12,
    "y": -9.179675250376281e-18,
    "z": 0.7744358685226193,
    "qx": 1.2660024515047235e-17,
    "qy": 1.0450057662171438e-16,
    "qz": 6.275174930946645e-17,
    "qw": 1.0,
    "source_topic": "/world/robot_world/dynamic_pose/info"
  },
  "target_source": "gazebo_truth",
  "perception": null,
  "target_world_xyz": [
    0.12,
    -9.179675250376281e-18,
    0.7744358685226193
  ],
  "target_base_xy": [
    0.32,
    -9.179675250376281e-18
  ],
  "waypoints_base": {
    "pregrasp": [
      0.32,
      -9.179675250376281e-18,
      0.22
    ],
    "down": [
      0.32,
      -9.179675250376281e-18,
      0.055
    ],
    "lift": [
      0.32,
      -9.179675250376281e-18,
      0.26
    ]
  },
  "q_targets": {
    "pregrasp": [
      0.0002151285110601703,
      -0.4115429839219977,
      -0.8149776863137383,
      -0.6084122662132977,
      0.03662414981872377
    ],
    "down": [
      0.00022080182850303881,
      -0.7560517467187277,
      -0.9949138428580914,
      -0.655363300487387,
      0.036598233837265993
    ],
    "lift": [
      0.00019932669688585238,
      -0.4123579964537069,
      -0.7144199475520819,
      -0.516567986632511,
      0.03667335921282748
    ]
  },
  "truth_after_down": {
    "name": "wood_block",
    "x": 0.12,
    "y": 6.511530425417522e-18,
    "z": 0.7749834087284404,
    "qx": -2.557252210343641e-18,
    "qy": 7.243586208110874e-17,
    "qz": 9.002019049040398e-17,
    "qw": 1.0,
    "source_topic": "/world/robot_world/dynamic_pose/info"
  },
  "truth_after": {
    "name": "wood_block",
    "x": 0.12,
    "y": 6.511530425417522e-18,
    "z": 0.7749834087284404,
    "qx": -2.557252210343641e-18,
    "qy": 7.243586208110874e-17,
    "qz": 9.002019049040398e-17,
    "qw": 1.0,
    "source_topic": "/world/robot_world/dynamic_pose/info"
  },
  "probe_motion": {
    "dx": 0.0,
    "dy": 1.5691205675793802e-17,
    "dz": 0.0005475402058211509,
    "abs_xy": 1.5691205675793802e-17
  },
  "t_end": 1778552876.1526024,
  "duration_s": 59.047773599624634
}