{
  "trial_id": "step7_probe_z_0035",
  "use_truth": true,
  "success": false,
  "failure_type": "probe_no_contact",
  "t_start": 1778553061.1070392,
  "stage": "probe_done",
  "truth_before": {
    "name": "wood_block",
    "x": 0.12,
    "y": -1.6874898479417566e-17,
    "z": 0.7744633252548081,
    "qx": 2.668733680129698e-16,
    "qy": -1.6750153052889325e-16,
    "qz": -2.816973931042128e-17,
    "qw": 1.0,
    "source_topic": "/world/robot_world/dynamic_pose/info"
  },
  "target_source": "gazebo_truth",
  "perception": null,
  "target_world_xyz": [
    0.12,
    -1.6874898479417566e-17,
    0.7744633252548081
  ],
  "target_base_xy": [
    0.32,
    -1.6874898479417566e-17
  ],
  "waypoints_base": {
    "pregrasp": [
      0.32,
      -1.6874898479417566e-17,
      0.22
    ],
    "down": [
      0.32,
      -1.6874898479417566e-17,
      0.035
    ],
    "lift": [
      0.32,
      -1.6874898479417566e-17,
      0.26
    ]
  },
  "q_targets": {
    "pregrasp": [
      0.0003426606974043792,
      -0.3976340447140439,
      -0.8532904058940618,
      -0.5673188691955292,
      0.06218598767296172
    ],
    "down": [
      0.00036521522966693126,
      -0.8141331394391061,
      -1.029404959089132,
      -0.5874164725915609,
      0.06216732408584385
    ],
    "lift": [
      0.0003303530815824464,
      -0.3991381788113168,
      -0.7534055910944317,
      -0.4741180408379386,
      0.06226462857327661
    ]
  },
  "truth_after_down": {
    "name": "wood_block",
    "x": 0.12,
    "y": 3.9870202642356115e-17,
    "z": 0.774984504592217,
    "qx": 2.579169493804496e-16,
    "qy": -1.2241230787639742e-16,
    "qz": 1.1161712347536666e-16,
    "qw": 1.0,
    "source_topic": "/world/robot_world/dynamic_pose/info"
  },
  "truth_after": {
    "name": "wood_block",
    "x": 0.12,
    "y": 3.9870202642356115e-17,
    "z": 0.774984504592217,
    "qx": 2.579169493804496e-16,
    "qy": -1.2241230787639742e-16,
    "qz": 1.1161712347536666e-16,
    "qw": 1.0,
    "source_topic": "/world/robot_world/dynamic_pose/info"
  },
  "probe_motion": {
    "dx": 0.0,
    "dy": 5.674510112177368e-17,
    "dz": 0.0005211793374089169,
    "abs_xy": 5.674510112177368e-17
  },
  "t_end": 1778553120.6270301,
  "duration_s": 59.51999092102051
}