{
  "trial_id": "step7_bigproxy_y0_c09",
  "mode": "hold_close_multilift_probe",
  "params": {
    "trial_id": "step7_bigproxy_y0_c09",
    "skip_home": false,
    "pre_z_base": 0.22,
    "down_z_base": 0.02,
    "lift_seq": "0.035,0.045,0.060,0.090",
    "x_offset": 0.0,
    "y_offset": 0.0,
    "close_seq": "1.2,1.1,1.0,0.95,0.90",
    "gripper_step_dt": 0.8,
    "gripper_hold_s": 45.0,
    "wait_before_lift": 4.0,
    "down_duration": 3.0,
    "lift_duration": 2.5,
    "hold_after_each_lift": 0.8,
    "clamp_dz": 0.012,
    "success_dz": 0.035,
    "max_clamp_xy": 0.035
  },
  "close_values": [
    1.2,
    1.1,
    1.0,
    0.95,
    0.9
  ],
  "lift_zs": [
    0.035,
    0.045,
    0.06,
    0.09
  ],
  "success": false,
  "clamped": false,
  "failure_type": "partial_contact_not_clamped",
  "diagnosis": "object moved slightly but did not reach clamp threshold; tune close endpoint and x/y offset",
  "t_start": 1778653236.1204705,
  "stage": "done",
  "truth_before": {
    "name": "wood_block",
    "x": 0.12,
    "y": -1.5074357878314148e-18,
    "z": 0.7749875172470084,
    "qx": 8.381120244524348e-18,
    "qy": -1.333711223400985e-16,
    "qz": 7.500776304690183e-17,
    "qw": 1.0,
    "source_topic": "/world/robot_world/dynamic_pose/info"
  },
  "target_world_xyz": [
    0.12,
    -1.5074357878314148e-18,
    0.7749875172470084
  ],
  "target_base_xy": [
    0.32,
    -1.5074357878314148e-18
  ],
  "waypoints_base": {
    "pregrasp": [
      0.32,
      -1.5074357878314148e-18,
      0.22
    ],
    "down": [
      0.32,
      -1.5074357878314148e-18,
      0.02
    ],
    "lift_1": [
      0.32,
      -1.5074357878314148e-18,
      0.035
    ],
    "lift_2": [
      0.32,
      -1.5074357878314148e-18,
      0.045
    ],
    "lift_3": [
      0.32,
      -1.5074357878314148e-18,
      0.06
    ],
    "lift_4": [
      0.32,
      -1.5074357878314148e-18,
      0.09
    ]
  },
  "q_targets": {
    "pregrasp": [
      0.00010309216819275566,
      -0.4062114623457175,
      -0.8294959144055505,
      -0.5929708642990815,
      0.019637977293971678
    ],
    "down": [
      0.00013649293031820284,
      -0.8794099509965337,
      -1.0024408054099376,
      -0.5869023655877874,
      0.019639033552620495
    ],
    "lift_1": [
      9.205118113534513e-05,
      -0.8217379607441089,
      -1.0086529591097118,
      -0.6107362206454643,
      0.01963153040945377
    ],
    "lift_2": [
      0.00012366461518365104,
      -0.7850095252057704,
      -1.0108409115513777,
      -0.6247707927527624,
      0.019626801435607348
    ],
    "lift_3": [
      8.009268293507049e-05,
      -0.7325707259400578,
      -1.0113465694019514,
      -0.642800427382957,
      0.01962119409991479
    ],
    "lift_4": [
      0.00013701686433027766,
      -0.6377094129184107,
      -1.002802783245255,
      -0.6676063818358883,
      0.019612886430046345
    ]
  },
  "truth_after_down": {
    "name": "wood_block",
    "x": 0.11903458021373382,
    "y": 0.00026746498694503115,
    "z": 0.7751017216169472,
    "qx": -0.005628895559319855,
    "qy": -0.011071672701092215,
    "qz": -0.003588520808279928,
    "qw": 0.9999164245659687,
    "source_topic": "/world/robot_world/dynamic_pose/info"
  },
  "delta_after_down": {
    "dx": -0.0009654197862661723,
    "dy": 0.00026746498694503267,
    "dz": 0.00011420436993880845,
    "abs_xy": 0.0010017848486355383
  },
  "actual_r_joint_before_lift": 1.2427778011545374,
  "truth_after_hold_close": {
    "name": "wood_block",
    "x": 0.11958846588732933,
    "y": -5.455249788926229e-06,
    "z": 0.7746777848068997,
    "qx": 0.0001574757838746959,
    "qy": -0.0006410153550879571,
    "qz": -0.008014738698992342,
    "qw": 0.9999676636093183,
    "source_topic": "/world/robot_world/dynamic_pose/info"
  },
  "delta_after_hold_close": {
    "dx": -0.00041153411267066953,
    "dy": -5.455249788924722e-06,
    "dz": -0.00030973244010867873,
    "abs_xy": 0.0004115702681704485
  },
  "lift_results": [
    {
      "name": "lift_1",
      "target_z_base": 0.035,
      "actual_r_joint": 0.903290600591601,
      "truth": {
        "name": "wood_block",
        "x": 0.1193343002087551,
        "y": -0.0013162675224649817,
        "z": 0.7758175450377003,
        "qx": 0.001023086490537537,
        "qy": 0.028484279919190995,
        "qz": 0.012636227314409438,
        "qw": 0.9995138442516825,
        "source_topic": "/world/robot_world/dynamic_pose/info"
      },
      "delta": {
        "dx": -0.0006656997912448948,
        "dy": -0.0013162675224649802,
        "dz": 0.0008300277906918563,
        "abs_xy": 0.0014750309836608834
      },
      "clamped_at_step": false,
      "success_at_step": false
    },
    {
      "name": "lift_2",
      "target_z_base": 0.045,
      "actual_r_joint": 0.9000000321559629,
      "truth": {
        "name": "wood_block",
        "x": 0.11856923927106075,
        "y": -0.0018073794871750423,
        "z": 0.7771050325045418,
        "qx": -0.007252129073062239,
        "qy": 0.07071201864902507,
        "qz": 0.026293612552522827,
        "qw": 0.9971237952137264,
        "source_topic": "/world/robot_world/dynamic_pose/info"
      },
      "delta": {
        "dx": -0.0014307607289392454,
        "dy": -0.0018073794871750408,
        "dz": 0.0021175152575333422,
        "abs_xy": 0.0023051457381553717
      },
      "clamped_at_step": false,
      "success_at_step": false
    },
    {
      "name": "lift_3",
      "target_z_base": 0.06,
      "actual_r_joint": 0.8999999990139241,
      "truth": {
        "name": "wood_block",
        "x": 0.11530770729824094,
        "y": -0.002162645820737606,
        "z": 0.7739999202067812,
        "qx": -0.007120546680310605,
        "qy": 0.017177249150255536,
        "qz": 0.03162859106702523,
        "qw": 0.9993267094167545,
        "source_topic": "/world/robot_world/dynamic_pose/info"
      },
      "delta": {
        "dx": -0.004692292701759054,
        "dy": -0.0021626458207376045,
        "dz": -0.0009875970402272172,
        "abs_xy": 0.00516668634087024
      },
      "clamped_at_step": false,
      "success_at_step": false
    },
    {
      "name": "lift_4",
      "target_z_base": 0.09,
      "actual_r_joint": 0.8999999990824372,
      "truth": {
        "name": "wood_block",
        "x": 0.11459022531498751,
        "y": -0.0024887648730285558,
        "z": 0.7748399600321157,
        "qx": -0.001057343166442576,
        "qy": 0.002627298864554226,
        "qz": 0.03150422405956785,
        "qw": 0.9994996063993768,
        "source_topic": "/world/robot_world/dynamic_pose/info"
      },
      "delta": {
        "dx": -0.005409774685012483,
        "dy": -0.0024887648730285545,
        "dz": -0.0001475572148926796,
        "abs_xy": 0.005954797455482659
      },
      "clamped_at_step": false,
      "success_at_step": false
    }
  ],
  "actual_r_joint_after_lift": 0.8999999990824372,
  "truth_after": {
    "name": "wood_block",
    "x": 0.11459022531498751,
    "y": -0.0024887648730285558,
    "z": 0.7748399600321157,
    "qx": -0.001057343166442576,
    "qy": 0.002627298864554226,
    "qz": 0.03150422405956785,
    "qw": 0.9994996063993768,
    "source_topic": "/world/robot_world/dynamic_pose/info"
  },
  "delta_final": {
    "dx": -0.005409774685012483,
    "dy": -0.0024887648730285545,
    "dz": -0.0001475572148926796,
    "abs_xy": 0.005954797455482659
  },
  "t_end": 1778653366.6471903,
  "duration_s": 130.5267198085785
}