{
  "trial_id": "step7_xoff_0020",
  "mode": "hold_close_multilift_probe",
  "params": {
    "trial_id": "step7_xoff_0020",
    "skip_home": false,
    "pre_z_base": 0.22,
    "down_z_base": 0.02,
    "lift_seq": "0.035,0.045,0.060,0.090",
    "x_offset": 0.02,
    "y_offset": 0.0,
    "close_seq": "1.2,1.1,1.0,0.95,0.9,0.75",
    "gripper_step_dt": 0.8,
    "gripper_hold_s": 45.0,
    "wait_before_lift": 4.0,
    "down_duration": 3.0,
    "lift_duration": 2.5,
    "hold_after_each_lift": 0.8,
    "clamp_dz": 0.012,
    "success_dz": 0.035,
    "max_clamp_xy": 0.035
  },
  "close_values": [
    1.2,
    1.1,
    1.0,
    0.95,
    0.9,
    0.75
  ],
  "lift_zs": [
    0.035,
    0.045,
    0.06,
    0.09
  ],
  "success": false,
  "clamped": false,
  "failure_type": "partial_contact_not_clamped",
  "diagnosis": "object moved slightly but did not reach clamp threshold; tune close endpoint and x/y offset",
  "t_start": 1778650246.7103753,
  "stage": "done",
  "truth_before": {
    "name": "wood_block",
    "x": 0.1199999525106099,
    "y": 4.77259755588385e-07,
    "z": 0.774436197411137,
    "qx": -6.065220741629409e-06,
    "qy": -6.035096785665836e-07,
    "qz": 2.4283904516396997e-09,
    "qw": 0.9999999999814244,
    "source_topic": "/world/robot_world/dynamic_pose/info"
  },
  "target_world_xyz": [
    0.1199999525106099,
    4.77259755588385e-07,
    0.774436197411137
  ],
  "target_base_xy": [
    0.33999995251060994,
    4.77259755588385e-07
  ],
  "waypoints_base": {
    "pregrasp": [
      0.33999995251060994,
      4.77259755588385e-07,
      0.22
    ],
    "down": [
      0.33999995251060994,
      4.77259755588385e-07,
      0.02
    ],
    "lift_1": [
      0.33999995251060994,
      4.77259755588385e-07,
      0.035
    ],
    "lift_2": [
      0.33999995251060994,
      4.77259755588385e-07,
      0.045
    ],
    "lift_3": [
      0.33999995251060994,
      4.77259755588385e-07,
      0.06
    ],
    "lift_4": [
      0.33999995251060994,
      4.77259755588385e-07,
      0.09
    ]
  },
  "q_targets": {
    "pregrasp": [
      0.00011562630433851123,
      -0.5380572051813308,
      -0.7307072447011708,
      -0.47420707410537405,
      0.02183037713287918
    ],
    "down": [
      0.00013253592371494528,
      -0.9800033507982684,
      -0.8962140197431071,
      -0.48736003560808255,
      0.021824819922817172
    ],
    "lift_1": [
      0.00010357561680218071,
      -0.9233869129024099,
      -0.9046353683697024,
      -0.5105693299087298,
      0.02181685441082483
    ],
    "lift_2": [
      0.0001334917307478453,
      -0.8876211774259614,
      -0.908069629010285,
      -0.5240075863967968,
      0.021812005968961715
    ],
    "lift_3": [
      0.00010248264174774693,
      -0.836756918088662,
      -0.9103027083084978,
      -0.5411243456883891,
      0.02180619383425272
    ],
    "lift_4": [
      0.00012476405959087046,
      -0.7456375778166158,
      -0.9045602279141628,
      -0.5638752335278999,
      0.021798194864548103
    ]
  },
  "truth_after_down": {
    "name": "wood_block",
    "x": 0.11999998194631477,
    "y": 1.8143344250092297e-07,
    "z": 0.7749823559085387,
    "qx": -1.486950803693942e-07,
    "qy": -1.4795656090899296e-08,
    "qz": 2.428390449546175e-09,
    "qw": 0.9999999999999888,
    "source_topic": "/world/robot_world/dynamic_pose/info"
  },
  "delta_after_down": {
    "dx": 2.94357048735705e-08,
    "dy": -2.95826313087462e-07,
    "dz": 0.0005461584974016942,
    "abs_xy": 2.9728718141945683e-07
  },
  "actual_r_joint_before_lift": 1.239011133113186,
  "truth_after_hold_close": {
    "name": "wood_block",
    "x": 0.11923575095415427,
    "y": 0.0007902709565641513,
    "z": 0.7732825888439767,
    "qx": -0.01569724226433356,
    "qy": -0.01617593698877805,
    "qz": 0.0002631324900179173,
    "qw": 0.9997459009213904,
    "source_topic": "/world/robot_world/dynamic_pose/info"
  },
  "delta_after_hold_close": {
    "dx": -0.0007642015564556237,
    "dy": 0.0007897936968085629,
    "dz": -0.0011536085671602914,
    "abs_xy": 0.0010989895824837167
  },
  "lift_results": [
    {
      "name": "lift_1",
      "target_z_base": 0.035,
      "actual_r_joint": 0.8472284257951627,
      "truth": {
        "name": "wood_block",
        "x": 0.11821376140621666,
        "y": -0.0007192405090333879,
        "z": 0.7763656009212967,
        "qx": 0.009783469706229914,
        "qy": -0.020478364145599504,
        "qz": 0.0068492344702419895,
        "qw": 0.9997189646643696,
        "source_topic": "/world/robot_world/dynamic_pose/info"
      },
      "delta": {
        "dx": -0.0017861911043932366,
        "dy": -0.0007197177687889763,
        "dz": 0.0019294035101596885,
        "abs_xy": 0.0019257394237341958
      },
      "clamped_at_step": false,
      "success_at_step": false
    },
    {
      "name": "lift_2",
      "target_z_base": 0.045,
      "actual_r_joint": 0.7500012085956562,
      "truth": {
        "name": "wood_block",
        "x": 0.11742939172043161,
        "y": -0.000793151019513553,
        "z": 0.7782835291916541,
        "qx": 0.0755065550824802,
        "qy": 0.00036139583316662215,
        "qz": 0.04123466228434423,
        "qw": 0.9962922925321285,
        "source_topic": "/world/robot_world/dynamic_pose/info"
      },
      "delta": {
        "dx": -0.0025705607901782834,
        "dy": -0.0007936282792691413,
        "dz": 0.0038473317805171048,
        "abs_xy": 0.0026902841154156374
      },
      "clamped_at_step": false,
      "success_at_step": false
    },
    {
      "name": "lift_3",
      "target_z_base": 0.06,
      "actual_r_joint": 0.7499999992409524,
      "truth": {
        "name": "wood_block",
        "x": 0.11745744626696894,
        "y": 0.005324197031518297,
        "z": 0.7729149103734153,
        "qx": -0.021218874571066314,
        "qy": 0.0036941371504029086,
        "qz": 0.03773967747876015,
        "qw": 0.9990554686584978,
        "source_topic": "/world/robot_world/dynamic_pose/info"
      },
      "delta": {
        "dx": -0.0025425062436409546,
        "dy": 0.005323719771762709,
        "dz": -0.001521287037721697,
        "abs_xy": 0.0058996889924139585
      },
      "clamped_at_step": false,
      "success_at_step": false
    },
    {
      "name": "lift_4",
      "target_z_base": 0.09,
      "actual_r_joint": 0.7499999992829282,
      "truth": {
        "name": "wood_block",
        "x": 0.1173584225659999,
        "y": 0.004469195920630528,
        "z": 0.7746553812577948,
        "qx": -0.004219529894531236,
        "qy": 0.0010623037118724225,
        "qz": 0.037902073592630224,
        "qw": 0.9992719849448756,
        "source_topic": "/world/robot_world/dynamic_pose/info"
      },
      "delta": {
        "dx": -0.002641529944609991,
        "dy": 0.00446871866087494,
        "dz": 0.0002191838466577556,
        "abs_xy": 0.005191062214838422
      },
      "clamped_at_step": false,
      "success_at_step": false
    }
  ],
  "actual_r_joint_after_lift": 0.7499999992829282,
  "truth_after": {
    "name": "wood_block",
    "x": 0.1173584225659999,
    "y": 0.004469195920630528,
    "z": 0.7746553812577948,
    "qx": -0.004219529894531236,
    "qy": 0.0010623037118724225,
    "qz": 0.037902073592630224,
    "qw": 0.9992719849448756,
    "source_topic": "/world/robot_world/dynamic_pose/info"
  },
  "delta_final": {
    "dx": -0.002641529944609991,
    "dy": 0.00446871866087494,
    "dz": 0.0002191838466577556,
    "abs_xy": 0.005191062214838422
  },
  "t_end": 1778650381.1323562,
  "duration_s": 134.42198085784912
}