{
  "trial_id": "step7_xoff_m0040",
  "mode": "hold_close_multilift_probe",
  "params": {
    "trial_id": "step7_xoff_m0040",
    "skip_home": false,
    "pre_z_base": 0.22,
    "down_z_base": 0.02,
    "lift_seq": "0.035,0.045,0.060,0.090",
    "x_offset": -0.04,
    "y_offset": 0.0,
    "close_seq": "1.2,1.1,1.0,0.95,0.9,0.75",
    "gripper_step_dt": 0.8,
    "gripper_hold_s": 45.0,
    "wait_before_lift": 4.0,
    "down_duration": 3.0,
    "lift_duration": 2.5,
    "hold_after_each_lift": 0.8,
    "clamp_dz": 0.012,
    "success_dz": 0.035,
    "max_clamp_xy": 0.035
  },
  "close_values": [
    1.2,
    1.1,
    1.0,
    0.95,
    0.9,
    0.75
  ],
  "lift_zs": [
    0.035,
    0.045,
    0.06,
    0.09
  ],
  "success": false,
  "clamped": false,
  "failure_type": "partial_contact_not_clamped",
  "diagnosis": "object moved slightly but did not reach clamp threshold; tune close endpoint and x/y offset",
  "t_start": 1778649434.2081017,
  "stage": "done",
  "truth_before": {
    "name": "wood_block",
    "x": 0.12,
    "y": -1.642956051252365e-18,
    "z": 0.7744842922850684,
    "qx": 8.15897336317433e-17,
    "qy": -7.657249986112843e-17,
    "qz": 3.6196098549685624e-17,
    "qw": 1.0,
    "source_topic": "/world/robot_world/dynamic_pose/info"
  },
  "target_world_xyz": [
    0.12,
    -1.642956051252365e-18,
    0.7744842922850684
  ],
  "target_base_xy": [
    0.28,
    -1.642956051252365e-18
  ],
  "waypoints_base": {
    "pregrasp": [
      0.28,
      -1.642956051252365e-18,
      0.22
    ],
    "down": [
      0.28,
      -1.642956051252365e-18,
      0.02
    ],
    "lift_1": [
      0.28,
      -1.642956051252365e-18,
      0.035
    ],
    "lift_2": [
      0.28,
      -1.642956051252365e-18,
      0.045
    ],
    "lift_3": [
      0.28,
      -1.642956051252365e-18,
      0.06
    ],
    "lift_4": [
      0.28,
      -1.642956051252365e-18,
      0.09
    ]
  },
  "q_targets": {
    "pregrasp": [
      -5.3298823238737464e-05,
      -0.15267868469738538,
      -1.03639885451193,
      -0.7490344476148292,
      -0.008986649489261396
    ],
    "down": [
      -6.14015817748322e-05,
      -0.6871783435948992,
      -1.2351588677332683,
      -0.7087257947848253,
      -0.00898712703999274
    ],
    "lift_1": [
      -5.0489754426799356e-05,
      -0.6245422047986499,
      -1.238895566367794,
      -0.7350779749272216,
      -0.008986831713852915
    ],
    "lift_2": [
      -6.439358373541594e-05,
      -0.5844184890629956,
      -1.239408105400292,
      -0.7508313506154045,
      -0.008986529082027808
    ],
    "lift_3": [
      -4.667005701038398e-05,
      -0.5268316588406415,
      -1.2374674184534944,
      -0.7714543496910687,
      -0.008986356127816831
    ],
    "lift_4": [
      -6.803537024779473e-05,
      -0.4214850737681539,
      -1.2243173988238212,
      -0.8013147267268457,
      -0.008985815321416575
    ]
  },
  "truth_after_down": {
    "name": "wood_block",
    "x": 0.12,
    "y": -9.460414573781181e-18,
    "z": 0.7749845040123976,
    "qx": 3.312943211494468e-17,
    "qy": -1.3768040366777055e-16,
    "qz": 6.704173534477724e-17,
    "qw": 1.0,
    "source_topic": "/world/robot_world/dynamic_pose/info"
  },
  "delta_after_down": {
    "dx": 0.0,
    "dy": -7.817458522528816e-18,
    "dz": 0.0005002117273291695,
    "abs_xy": 7.817458522528816e-18
  },
  "actual_r_joint_before_lift": 1.2352444646907648,
  "truth_after_hold_close": {
    "name": "wood_block",
    "x": 0.12,
    "y": -9.293492590368208e-18,
    "z": 0.7749916690037166,
    "qx": -3.9575780030200316e-17,
    "qy": -1.990284865421781e-16,
    "qz": 8.062451913290082e-17,
    "qw": 1.0,
    "source_topic": "/world/robot_world/dynamic_pose/info"
  },
  "delta_after_hold_close": {
    "dx": 0.0,
    "dy": -7.650536539115843e-18,
    "dz": 0.0005073767186482003,
    "abs_xy": 7.650536539115843e-18
  },
  "lift_results": [
    {
      "name": "lift_1",
      "target_z_base": 0.035,
      "actual_r_joint": 0.8198390416862589,
      "truth": {
        "name": "wood_block",
        "x": 0.12062950723285178,
        "y": -0.0006330087475687831,
        "z": 0.7754352362364094,
        "qx": 0.0038822011973240365,
        "qy": 0.014629886375041683,
        "qz": 0.008670106778684773,
        "qw": 0.9998478505187492,
        "source_topic": "/world/robot_world/dynamic_pose/info"
      },
      "delta": {
        "dx": 0.0006295072328517809,
        "dy": -0.0006330087475687815,
        "dz": 0.0009509439513409879,
        "abs_xy": 0.0008927370445496835
      },
      "clamped_at_step": false,
      "success_at_step": false
    },
    {
      "name": "lift_2",
      "target_z_base": 0.045,
      "actual_r_joint": 0.7500007243351334,
      "truth": {
        "name": "wood_block",
        "x": 0.11912110875503557,
        "y": -0.001169807539649105,
        "z": 0.7745348456056248,
        "qx": -0.006992657734891541,
        "qy": 0.009463920993668946,
        "qz": 0.029239400620091865,
        "qw": 0.9995031737761547,
        "source_topic": "/world/robot_world/dynamic_pose/info"
      },
      "delta": {
        "dx": -0.0008788912449644304,
        "dy": -0.0011698075396491033,
        "dz": 5.0553320556367964e-05,
        "abs_xy": 0.001463181294404427
      },
      "clamped_at_step": false,
      "success_at_step": false
    },
    {
      "name": "lift_3",
      "target_z_base": 0.06,
      "actual_r_joint": 0.7499999990984134,
      "truth": {
        "name": "wood_block",
        "x": 0.1187265719049658,
        "y": -0.0014806323678979254,
        "z": 0.7749225973655332,
        "qx": -0.0010112562318518538,
        "qy": 0.0013961633710604681,
        "qz": 0.029217585590358412,
        "qw": 0.9995715886223182,
        "source_topic": "/world/robot_world/dynamic_pose/info"
      },
      "delta": {
        "dx": -0.0012734280950341959,
        "dy": -0.0014806323678979237,
        "dz": 0.00043830508046471817,
        "abs_xy": 0.0019529186675561873
      },
      "clamped_at_step": false,
      "success_at_step": false
    },
    {
      "name": "lift_4",
      "target_z_base": 0.09,
      "actual_r_joint": 0.7499999991457673,
      "truth": {
        "name": "wood_block",
        "x": 0.1186672454531776,
        "y": -0.0015268561341896093,
        "z": 0.7749831207954336,
        "qx": -0.00012210645102632672,
        "qy": 0.00018338484276078472,
        "qz": 0.02921712183800941,
        "qw": 0.9995730644887931,
        "source_topic": "/world/robot_world/dynamic_pose/info"
      },
      "delta": {
        "dx": -0.0013327545468223984,
        "dy": -0.0015268561341896076,
        "dz": 0.0004988285103652013,
        "abs_xy": 0.0020267028239453876
      },
      "clamped_at_step": false,
      "success_at_step": false
    }
  ],
  "actual_r_joint_after_lift": 0.7499999991457673,
  "truth_after": {
    "name": "wood_block",
    "x": 0.1186672454531776,
    "y": -0.0015268561341896093,
    "z": 0.7749831207954336,
    "qx": -0.00012210645102632672,
    "qy": 0.00018338484276078472,
    "qz": 0.02921712183800941,
    "qw": 0.9995730644887931,
    "source_topic": "/world/robot_world/dynamic_pose/info"
  },
  "delta_final": {
    "dx": -0.0013327545468223984,
    "dy": -0.0015268561341896076,
    "dz": 0.0004988285103652013,
    "abs_xy": 0.0020267028239453876
  },
  "t_end": 1778649565.5786076,
  "duration_s": 131.37050580978394
}