{
  "trial_id": "step7_xoff_m0010",
  "mode": "hold_close_multilift_probe",
  "params": {
    "trial_id": "step7_xoff_m0010",
    "skip_home": false,
    "pre_z_base": 0.22,
    "down_z_base": 0.02,
    "lift_seq": "0.035,0.045,0.060,0.090",
    "x_offset": -0.01,
    "y_offset": 0.0,
    "close_seq": "1.2,1.1,1.0,0.95,0.9,0.75",
    "gripper_step_dt": 0.8,
    "gripper_hold_s": 45.0,
    "wait_before_lift": 4.0,
    "down_duration": 3.0,
    "lift_duration": 2.5,
    "hold_after_each_lift": 0.8,
    "clamp_dz": 0.012,
    "success_dz": 0.035,
    "max_clamp_xy": 0.035
  },
  "close_values": [
    1.2,
    1.1,
    1.0,
    0.95,
    0.9,
    0.75
  ],
  "lift_zs": [
    0.035,
    0.045,
    0.06,
    0.09
  ],
  "success": false,
  "clamped": false,
  "failure_type": "partial_contact_not_clamped",
  "diagnosis": "object moved slightly but did not reach clamp threshold; tune close endpoint and x/y offset",
  "t_start": 1778650972.9637752,
  "stage": "done",
  "truth_before": {
    "name": "wood_block",
    "x": 0.12,
    "y": 1.5271642726683603e-17,
    "z": 0.7744301823177084,
    "qx": 7.654776412609915e-18,
    "qy": 1.1350896394927833e-16,
    "qz": 7.249190245086604e-17,
    "qw": 1.0,
    "source_topic": "/world/robot_world/dynamic_pose/info"
  },
  "target_world_xyz": [
    0.12,
    1.5271642726683603e-17,
    0.7744301823177084
  ],
  "target_base_xy": [
    0.31,
    1.5271642726683603e-17
  ],
  "waypoints_base": {
    "pregrasp": [
      0.31,
      1.5271642726683603e-17,
      0.22
    ],
    "down": [
      0.31,
      1.5271642726683603e-17,
      0.02
    ],
    "lift_1": [
      0.31,
      1.5271642726683603e-17,
      0.035
    ],
    "lift_2": [
      0.31,
      1.5271642726683603e-17,
      0.045
    ],
    "lift_3": [
      0.31,
      1.5271642726683603e-17,
      0.06
    ],
    "lift_4": [
      0.31,
      1.5271642726683603e-17,
      0.09
    ]
  },
  "q_targets": {
    "pregrasp": [
      0.00011385950539853447,
      -0.33377133632014433,
      -0.9030945342934725,
      -0.6157248918476709,
      0.019887450362482118
    ],
    "down": [
      0.0001266836181166286,
      -0.8230329130394,
      -1.0791497061871902,
      -0.6017901116935109,
      0.01989122912437183
    ],
    "lift_1": [
      8.559470077940761e-05,
      -0.7640083926527393,
      -1.085119198742521,
      -0.6258599394574202,
      0.019883565263699502
    ],
    "lift_2": [
      0.00014372415394377013,
      -0.7264471328470361,
      -1.0870658936655346,
      -0.6400052634267475,
      0.01987860112054102
    ],
    "lift_3": [
      8.25663944117115e-05,
      -0.6727147303882632,
      -1.087242703388825,
      -0.6582851081685435,
      0.019872959762008018
    ],
    "lift_4": [
      0.00014507213346392323,
      -0.5751113218801155,
      -1.0781963548819737,
      -0.683872305251349,
      0.019864276564116958
    ]
  },
  "truth_after_down": {
    "name": "wood_block",
    "x": 0.12,
    "y": 1.1616469895367827e-17,
    "z": 0.7749823471792193,
    "qx": 4.894079919669992e-17,
    "qy": 3.194318528147011e-18,
    "qz": 3.2665808788714613e-16,
    "qw": 1.0,
    "source_topic": "/world/robot_world/dynamic_pose/info"
  },
  "delta_after_down": {
    "dx": 0.0,
    "dy": -3.6551728313157754e-18,
    "dz": 0.0005521648615108843,
    "abs_xy": 3.6551728313157754e-18
  },
  "actual_r_joint_before_lift": 1.242777801098816,
  "truth_after_hold_close": {
    "name": "wood_block",
    "x": 0.12,
    "y": 8.035422038193383e-18,
    "z": 0.7749906324952879,
    "qx": 2.885716541701234e-17,
    "qy": -1.4164873462171346e-16,
    "qz": 3.5719293157103696e-16,
    "qw": 1.0,
    "source_topic": "/world/robot_world/dynamic_pose/info"
  },
  "delta_after_hold_close": {
    "dx": 0.0,
    "dy": -7.23622068849022e-18,
    "dz": 0.0005604501775794413,
    "abs_xy": 7.23622068849022e-18
  },
  "lift_results": [
    {
      "name": "lift_1",
      "target_z_base": 0.035,
      "actual_r_joint": 0.8302720526057833,
      "truth": {
        "name": "wood_block",
        "x": 0.12149635028378754,
        "y": -0.0011124265019658859,
        "z": 0.7771766432449001,
        "qx": 0.0017014353784565305,
        "qy": 0.04909629780569085,
        "qz": 0.020979651290086825,
        "qw": 0.9985722371922695,
        "source_topic": "/world/robot_world/dynamic_pose/info"
      },
      "delta": {
        "dx": 0.0014963502837875425,
        "dy": -0.001112426501965901,
        "dz": 0.002746460927191663,
        "abs_xy": 0.0018645527329810626
      },
      "clamped_at_step": false,
      "success_at_step": false
    },
    {
      "name": "lift_2",
      "target_z_base": 0.045,
      "actual_r_joint": 0.7500011313092194,
      "truth": {
        "name": "wood_block",
        "x": 0.12008767926215645,
        "y": -0.0007216712839624525,
        "z": 0.7772535208731985,
        "qx": -0.00117366460302703,
        "qy": 0.048941688223502325,
        "qz": 0.015788178658153157,
        "qw": 0.9986761572601458,
        "source_topic": "/world/robot_world/dynamic_pose/info"
      },
      "delta": {
        "dx": 8.76792621564565e-05,
        "dy": -0.0007216712839624678,
        "dz": 0.002823338555490107,
        "abs_xy": 0.000726978056827259
      },
      "clamped_at_step": false,
      "success_at_step": false
    },
    {
      "name": "lift_3",
      "target_z_base": 0.06,
      "actual_r_joint": 0.749999999147139,
      "truth": {
        "name": "wood_block",
        "x": 0.1179222974811824,
        "y": -0.0007318871201039768,
        "z": 0.7739698381860068,
        "qx": 0.011545230188669495,
        "qy": 0.030440430450647444,
        "qz": 0.006013221031715917,
        "qw": 0.9994518142595438,
        "source_topic": "/world/robot_world/dynamic_pose/info"
      },
      "delta": {
        "dx": -0.0020777025188176007,
        "dy": -0.000731887120103992,
        "dz": -0.0004603441317015955,
        "abs_xy": 0.0022028405555725356
      },
      "clamped_at_step": false,
      "success_at_step": false
    },
    {
      "name": "lift_4",
      "target_z_base": 0.09,
      "actual_r_joint": 0.7499999991943852,
      "truth": {
        "name": "wood_block",
        "x": 0.11665646653119897,
        "y": -0.00027697448847147614,
        "z": 0.7748397050759123,
        "qx": 0.0022938999301224334,
        "qy": 0.0052448527496711346,
        "qz": 0.006356882173892636,
        "qw": 0.99996340912644,
        "source_topic": "/world/robot_world/dynamic_pose/info"
      },
      "delta": {
        "dx": -0.0033435334688010215,
        "dy": -0.0002769744884714914,
        "dz": 0.00040952275820382855,
        "abs_xy": 0.0033549859797406957
      },
      "clamped_at_step": false,
      "success_at_step": false
    }
  ],
  "actual_r_joint_after_lift": 0.7499999991943852,
  "truth_after": {
    "name": "wood_block",
    "x": 0.11665646653119897,
    "y": -0.00027697448847147614,
    "z": 0.7748397050759123,
    "qx": 0.0022938999301224334,
    "qy": 0.0052448527496711346,
    "qz": 0.006356882173892636,
    "qw": 0.99996340912644,
    "source_topic": "/world/robot_world/dynamic_pose/info"
  },
  "delta_final": {
    "dx": -0.0033435334688010215,
    "dy": -0.0002769744884714914,
    "dz": 0.00040952275820382855,
    "abs_xy": 0.0033549859797406957
  },
  "t_end": 1778651110.215271,
  "duration_s": 137.25149583816528
}