{
  "trial_id": "step7_close_2",
  "use_truth": true,
  "success": false,
  "failure_type": "grasp_no_lift",
  "t_start": 1778551489.8037236,
  "stage": "done",
  "truth_before": {
    "name": "wood_block",
    "x": 0.12,
    "y": 1.9976759728280902e-17,
    "z": 0.7744632989606082,
    "qx": 2.0683114655974087e-17,
    "qy": 1.2763902120097626e-16,
    "qz": 1.348048529873159e-16,
    "qw": 1.0,
    "source_topic": "/world/robot_world/dynamic_pose/info"
  },
  "target_source": "gazebo_truth",
  "perception": null,
  "target_world_xyz": [
    0.12,
    1.9976759728280902e-17,
    0.7744632989606082
  ],
  "target_base_xy": [
    0.32,
    1.9976759728280902e-17
  ],
  "waypoints_base": {
    "pregrasp": [
      0.32,
      1.9976759728280902e-17,
      0.22
    ],
    "down": [
      0.32,
      1.9976759728280902e-17,
      0.08
    ],
    "lift": [
      0.32,
      1.9976759728280902e-17,
      0.26
    ]
  },
  "q_targets": {
    "pregrasp": [
      0.00017034080682700077,
      -0.40483551856617817,
      -0.8332716178172515,
      -0.5889513579220143,
      0.030851560452652985
    ],
    "down": [
      0.0001842296612044655,
      -0.6676989770897201,
      -1.007371713486313,
      -0.6605836578591052,
      0.030817689479971138
    ],
    "lift": [
      0.00018023830410053416,
      -0.4065864797266199,
      -0.7313178503728893,
      -0.49824195205349875,
      0.03089364764942332
    ]
  },
  "close_sequence": [
    0.6,
    0.4,
    0.2,
    0.0
  ],
  "truth_after": {
    "name": "wood_block",
    "x": 0.12,
    "y": 4.0099570526790075e-17,
    "z": 0.7749956925163718,
    "qx": 1.1515831623152526e-17,
    "qy": -1.0788723563329347e-16,
    "qz": 3.1915748536795175e-16,
    "qw": 1.0,
    "source_topic": "/world/robot_world/dynamic_pose/info"
  },
  "t_end": 1778551585.896345,
  "duration_s": 96.09262132644653
}