{
  "trial_id": "step7_z_0088_seq1",
  "use_truth": true,
  "success": false,
  "failure_type": "grasp_no_lift",
  "t_start": 1778550681.590276,
  "stage": "done",
  "truth_before": {
    "name": "wood_block",
    "x": 0.12,
    "y": 1.750140514880128e-17,
    "z": 0.7744994932892836,
    "qx": 3.008814416381382e-16,
    "qy": -1.4770356714150582e-16,
    "qz": 8.419173270559822e-17,
    "qw": 1.0,
    "source_topic": "/world/robot_world/dynamic_pose/info"
  },
  "target_source": "gazebo_truth",
  "perception": null,
  "target_world_xyz": [
    0.12,
    1.750140514880128e-17,
    0.7744994932892836
  ],
  "target_base_xy": [
    0.32,
    1.750140514880128e-17
  ],
  "waypoints_base": {
    "pregrasp": [
      0.32,
      1.750140514880128e-17,
      0.22
    ],
    "down": [
      0.32,
      1.750140514880128e-17,
      0.088
    ],
    "lift": [
      0.32,
      1.750140514880128e-17,
      0.26
    ]
  },
  "q_targets": {
    "pregrasp": [
      -0.0002163600158956589,
      -0.4045434999730349,
      -0.834139581637083,
      -0.5879491298210049,
      -0.03799280995884073
    ],
    "down": [
      -0.00021000924000799722,
      -0.6431648506929845,
      -1.0049466990075082,
      -0.6650861478413642,
      -0.0379645286348345
    ],
    "lift": [
      -0.00023526176963810215,
      -0.40624428509833704,
      -0.7322366631232444,
      -0.4973314093812651,
      -0.038025554518308816
    ]
  },
  "close_sequence": [
    0.6,
    0.4,
    0.2,
    0.0
  ],
  "truth_after": {
    "name": "wood_block",
    "x": 0.12,
    "y": 4.3500810222791835e-17,
    "z": 0.7749956925163956,
    "qx": 3.423575870865977e-17,
    "qy": -1.4968204731556656e-16,
    "qz": 2.13659126143182e-16,
    "qw": 1.0,
    "source_topic": "/world/robot_world/dynamic_pose/info"
  },
  "t_end": 1778550778.3313346,
  "duration_s": 96.74105858802795
}