{
  "trial_id": "step7_xoff_0010",
  "mode": "hold_close_multilift_probe",
  "params": {
    "trial_id": "step7_xoff_0010",
    "skip_home": false,
    "pre_z_base": 0.22,
    "down_z_base": 0.02,
    "lift_seq": "0.035,0.045,0.060,0.090",
    "x_offset": 0.01,
    "y_offset": 0.0,
    "close_seq": "1.2,1.1,1.0,0.95,0.9,0.75",
    "gripper_step_dt": 0.8,
    "gripper_hold_s": 45.0,
    "wait_before_lift": 4.0,
    "down_duration": 3.0,
    "lift_duration": 2.5,
    "hold_after_each_lift": 0.8,
    "clamp_dz": 0.012,
    "success_dz": 0.035,
    "max_clamp_xy": 0.035
  },
  "close_values": [
    1.2,
    1.1,
    1.0,
    0.95,
    0.9,
    0.75
  ],
  "lift_zs": [
    0.035,
    0.045,
    0.06,
    0.09
  ],
  "success": false,
  "clamped": false,
  "failure_type": "partial_contact_not_clamped",
  "diagnosis": "object moved slightly but did not reach clamp threshold; tune close endpoint and x/y offset",
  "t_start": 1778651245.0349727,
  "stage": "done",
  "truth_before": {
    "name": "wood_block",
    "x": 0.1199998810735546,
    "y": -8.67237335160209e-07,
    "z": 0.7744250053322399,
    "qx": 1.1042148836383783e-05,
    "qy": -1.5219131413772296e-06,
    "qz": 1.294697160366783e-07,
    "qw": 0.9999999999378689,
    "source_topic": "/world/robot_world/dynamic_pose/info"
  },
  "target_world_xyz": [
    0.1199998810735546,
    -8.67237335160209e-07,
    0.7744250053322399
  ],
  "target_base_xy": [
    0.3299998810735546,
    -8.67237335160209e-07
  ],
  "waypoints_base": {
    "pregrasp": [
      0.3299998810735546,
      -8.67237335160209e-07,
      0.22
    ],
    "down": [
      0.3299998810735546,
      -8.67237335160209e-07,
      0.02
    ],
    "lift_1": [
      0.3299998810735546,
      -8.67237335160209e-07,
      0.035
    ],
    "lift_2": [
      0.3299998810735546,
      -8.67237335160209e-07,
      0.045
    ],
    "lift_3": [
      0.3299998810735546,
      -8.67237335160209e-07,
      0.06
    ],
    "lift_4": [
      0.3299998810735546,
      -8.67237335160209e-07,
      0.09
    ]
  },
  "q_targets": {
    "pregrasp": [
      -7.223653850397163e-05,
      -0.46720865139399725,
      -0.7910765886588171,
      -0.5258746613257548,
      -0.012908454038520345
    ],
    "down": [
      -8.012016035599438e-05,
      -0.925427008027382,
      -0.9587354747379552,
      -0.5294255344590065,
      -0.012908060898643395
    ],
    "lift_1": [
      -5.656820901603531e-05,
      -0.8682200086163194,
      -0.9662154533132384,
      -0.5527693205225709,
      -0.012906786153754853
    ],
    "lift_2": [
      -9.153519677715159e-05,
      -0.8319720690311058,
      -0.9690890379055117,
      -0.5663535089916423,
      -0.012905789295419773
    ],
    "lift_3": [
      -4.432256167522228e-05,
      -0.7803077494215587,
      -0.9705740715432333,
      -0.5837451075843653,
      -0.012904999430452911
    ],
    "lift_4": [
      -0.00010149428127921974,
      -0.6872116963768719,
      -0.9637268968064029,
      -0.6073277593098606,
      -0.012903299255835892
    ]
  },
  "truth_after_down": {
    "name": "wood_block",
    "x": 0.11999995549883248,
    "y": -3.2724871139714374e-07,
    "z": 0.7749835466643697,
    "qx": 2.4237767258360136e-07,
    "qy": -3.340633875332509e-08,
    "qz": 1.2946971659340652e-07,
    "qw": 0.9999999999999617,
    "source_topic": "/world/robot_world/dynamic_pose/info"
  },
  "delta_after_down": {
    "dx": 7.442527788503739e-08,
    "dy": 5.399886237630653e-07,
    "dz": 0.0005585413321298471,
    "abs_xy": 5.450934193161704e-07
  },
  "actual_r_joint_before_lift": 1.2316297969546532,
  "truth_after_hold_close": {
    "name": "wood_block",
    "x": 0.1199999564793679,
    "y": -3.201344895684283e-07,
    "z": 0.7749909043636388,
    "qx": 1.0009325282682998e-07,
    "qy": -1.3795615102907923e-08,
    "qz": 1.2946971658295974e-07,
    "qw": 0.9999999999999865,
    "source_topic": "/world/robot_world/dynamic_pose/info"
  },
  "delta_after_hold_close": {
    "dx": 7.540581330178764e-08,
    "dy": 5.471028455917807e-07,
    "dz": 0.0005658990313989198,
    "abs_xy": 5.522748956220334e-07
  },
  "lift_results": [
    {
      "name": "lift_1",
      "target_z_base": 0.035,
      "actual_r_joint": 0.8302720526980153,
      "truth": {
        "name": "wood_block",
        "x": 0.12067940176362216,
        "y": -0.00047053952285029476,
        "z": 0.7762437677063494,
        "qx": 0.0010508303219762497,
        "qy": 0.02731912786179852,
        "qz": 0.008385431201474603,
        "qw": 0.9995910391515475,
        "source_topic": "/world/robot_world/dynamic_pose/info"
      },
      "delta": {
        "dx": 0.0006795206900675616,
        "dy": -0.00046967228551513456,
        "dz": 0.001818762374109495,
        "abs_xy": 0.000826038996664749
      },
      "clamped_at_step": false,
      "success_at_step": false
    },
    {
      "name": "lift_2",
      "target_z_base": 0.045,
      "actual_r_joint": 0.750000995533288,
      "truth": {
        "name": "wood_block",
        "x": 0.11895649791485259,
        "y": -0.0010166811045391009,
        "z": 0.7747118941133334,
        "qx": 0.01638475897481903,
        "qy": -0.011240307136537252,
        "qz": 0.009929168690392298,
        "qw": 0.9997532729518475,
        "source_topic": "/world/robot_world/dynamic_pose/info"
      },
      "delta": {
        "dx": -0.0010433831587020048,
        "dy": -0.0010158138672039406,
        "dz": 0.00028688878109350835,
        "abs_xy": 0.001456202674309726
      },
      "clamped_at_step": false,
      "success_at_step": false
    },
    {
      "name": "lift_3",
      "target_z_base": 0.06,
      "actual_r_joint": 0.7499999992372401,
      "truth": {
        "name": "wood_block",
        "x": 0.11923563639796066,
        "y": 0.0004927349865265277,
        "z": 0.7720444713879563,
        "qx": 0.00022113709601557661,
        "qy": -0.001885493295992723,
        "qz": 0.002633838334312149,
        "qw": 0.9999947294406327,
        "source_topic": "/world/robot_world/dynamic_pose/info"
      },
      "delta": {
        "dx": -0.0007642446755939392,
        "dy": 0.0004936022238616879,
        "dz": -0.0023805339442836138,
        "abs_xy": 0.0009097873815210283
      },
      "clamped_at_step": false,
      "success_at_step": false
    },
    {
      "name": "lift_4",
      "target_z_base": 0.09,
      "actual_r_joint": 0.7499999992873603,
      "truth": {
        "name": "wood_block",
        "x": 0.11930644675750762,
        "y": 0.0005011991557145908,
        "z": 0.7745025146232642,
        "qx": 5.5563499186255364e-05,
        "qy": -0.0004688640335394265,
        "qz": 0.002633709394576899,
        "qw": 0.9999964203206132,
        "source_topic": "/world/robot_world/dynamic_pose/info"
      },
      "delta": {
        "dx": -0.000693434316046973,
        "dy": 0.000502066393049751,
        "dz": 7.75092910243469e-05,
        "abs_xy": 0.0008561085291605968
      },
      "clamped_at_step": false,
      "success_at_step": false
    }
  ],
  "actual_r_joint_after_lift": 0.7499999992873603,
  "truth_after": {
    "name": "wood_block",
    "x": 0.11930644675750762,
    "y": 0.0005011991557145908,
    "z": 0.7745025146232642,
    "qx": 5.5563499186255364e-05,
    "qy": -0.0004688640335394265,
    "qz": 0.002633709394576899,
    "qw": 0.9999964203206132,
    "source_topic": "/world/robot_world/dynamic_pose/info"
  },
  "delta_final": {
    "dx": -0.000693434316046973,
    "dy": 0.000502066393049751,
    "dz": 7.75092910243469e-05,
    "abs_xy": 0.0008561085291605968
  },
  "t_end": 1778651378.682101,
  "duration_s": 133.64712834358215
}