{
  "trial_id": "step7_multi_c070",
  "mode": "hold_close_multilift_probe",
  "params": {
    "trial_id": "step7_multi_c070",
    "skip_home": false,
    "pre_z_base": 0.22,
    "down_z_base": 0.02,
    "lift_seq": "0.035,0.045,0.060,0.090",
    "x_offset": 0.0,
    "y_offset": 0.0,
    "close_seq": "1.2,1.1,1.0,0.95,0.9,0.70",
    "gripper_step_dt": 0.8,
    "gripper_hold_s": 45.0,
    "wait_before_lift": 4.0,
    "down_duration": 3.0,
    "lift_duration": 2.5,
    "hold_after_each_lift": 0.8,
    "clamp_dz": 0.012,
    "success_dz": 0.035,
    "max_clamp_xy": 0.035
  },
  "close_values": [
    1.2,
    1.1,
    1.0,
    0.95,
    0.9,
    0.7
  ],
  "lift_zs": [
    0.035,
    0.045,
    0.06,
    0.09
  ],
  "success": false,
  "clamped": false,
  "failure_type": "partial_contact_not_clamped",
  "diagnosis": "object moved slightly but did not reach clamp threshold; tune close endpoint and x/y offset",
  "t_start": 1778637241.0279658,
  "stage": "done",
  "truth_before": {
    "name": "wood_block",
    "x": 0.12000017020086254,
    "y": -5.8572680299401075e-08,
    "z": 0.7744247493427832,
    "qx": 7.51610532844646e-07,
    "qy": 2.184041755822104e-06,
    "qz": -3.333338142501562e-10,
    "qw": 0.9999999999973325,
    "source_topic": "/world/robot_world/dynamic_pose/info"
  },
  "target_world_xyz": [
    0.12000017020086254,
    -5.8572680299401075e-08,
    0.7744247493427832
  ],
  "target_base_xy": [
    0.3200001702008626,
    -5.8572680299401075e-08
  ],
  "waypoints_base": {
    "pregrasp": [
      0.3200001702008626,
      -5.8572680299401075e-08,
      0.22
    ],
    "down": [
      0.3200001702008626,
      -5.8572680299401075e-08,
      0.02
    ],
    "lift_1": [
      0.3200001702008626,
      -5.8572680299401075e-08,
      0.035
    ],
    "lift_2": [
      0.3200001702008626,
      -5.8572680299401075e-08,
      0.045
    ],
    "lift_3": [
      0.3200001702008626,
      -5.8572680299401075e-08,
      0.06
    ],
    "lift_4": [
      0.3200001702008626,
      -5.8572680299401075e-08,
      0.09
    ]
  },
  "q_targets": {
    "pregrasp": [
      -4.263160994653914e-05,
      -0.3904097602020791,
      -0.8737518380899437,
      -0.5448307714084,
      -0.00247054845169328
    ],
    "down": [
      -2.2977965481170998e-06,
      -0.8651535359353083,
      -1.0428532613723807,
      -0.5403173220048328,
      -0.0024706643368803
    ],
    "lift_1": [
      -3.1067980355554995e-05,
      -0.8067668310024763,
      -1.0500766660726872,
      -0.5635437373381448,
      -0.0024719787733157843
    ],
    "lift_2": [
      7.271937893829021e-06,
      -0.7696428379281498,
      -1.0528374692193152,
      -0.5771798038370974,
      -0.002473051966109283
    ],
    "lift_3": [
      -4.168995860652321e-05,
      -0.7166771927862992,
      -1.0541294525163154,
      -0.5946798268675324,
      -0.002473892132033151
    ],
    "lift_4": [
      3.0760774633448468e-06,
      -0.6209239128698968,
      -1.0469588064591877,
      -0.6187359537189752,
      -0.0024756426234565894
    ]
  },
  "truth_after_down": {
    "name": "wood_block",
    "x": 0.12000006381393057,
    "y": -2.1960954141939716e-08,
    "z": 0.7749813535454744,
    "qx": 1.937608436750613e-08,
    "qy": 5.630333185716356e-08,
    "qz": -3.333338468426946e-10,
    "qw": 0.9999999999999982,
    "source_topic": "/world/robot_world/dynamic_pose/info"
  },
  "delta_after_down": {
    "dx": -1.0638693197229099e-07,
    "dy": 3.6611726157461356e-08,
    "dz": 0.0005566042026912132,
    "abs_xy": 1.1251043412371054e-07
  },
  "actual_r_joint_before_lift": 1.2352444648806746,
  "truth_after_hold_close": {
    "name": "wood_block",
    "x": 0.12000006203965487,
    "y": -2.135035947869799e-08,
    "z": 0.7749906351938544,
    "qx": 7.164192254679428e-09,
    "qy": 2.0817823011229733e-08,
    "qz": -3.333338729255995e-10,
    "qw": 0.9999999999999998,
    "source_topic": "/world/robot_world/dynamic_pose/info"
  },
  "delta_after_hold_close": {
    "dx": -1.08161207670876e-07,
    "dy": 3.7222320820703084e-08,
    "dz": 0.0005658858510712017,
    "abs_xy": 1.1438683495971777e-07
  },
  "lift_results": [
    {
      "name": "lift_1",
      "target_z_base": 0.035,
      "actual_r_joint": 0.8062342078365174,
      "truth": {
        "name": "wood_block",
        "x": 0.12123850921557416,
        "y": -0.0013420391804915893,
        "z": 0.7780806977323612,
        "qx": 0.006900717713842613,
        "qy": 0.08212012563044883,
        "qz": 0.019265650672953594,
        "qw": 0.9964123141378878,
        "source_topic": "/world/robot_world/dynamic_pose/info"
      },
      "delta": {
        "dx": 0.0012383390147116258,
        "dy": -0.0013419806078112898,
        "dz": 0.0036559483895780565,
        "abs_xy": 0.0018260327124940887
      },
      "clamped_at_step": false,
      "success_at_step": false
    },
    {
      "name": "lift_2",
      "target_z_base": 0.045,
      "actual_r_joint": 0.7000010905796625,
      "truth": {
        "name": "wood_block",
        "x": 0.11966460395945638,
        "y": -0.0012916997690756605,
        "z": 0.7795893640586025,
        "qx": -0.006459501758493761,
        "qy": 0.11723273801801821,
        "qz": 0.034488303605986814,
        "qw": 0.9924844164460277,
        "source_topic": "/world/robot_world/dynamic_pose/info"
      },
      "delta": {
        "dx": -0.00033556624140615443,
        "dy": -0.001291641196395361,
        "dz": 0.0051646147158193045,
        "abs_xy": 0.0013345192702232116
      },
      "clamped_at_step": false,
      "success_at_step": false
    },
    {
      "name": "lift_3",
      "target_z_base": 0.06,
      "actual_r_joint": 0.6999999992528687,
      "truth": {
        "name": "wood_block",
        "x": 0.11884574511022485,
        "y": 0.0007133823283116389,
        "z": 0.7793319691070207,
        "qx": -0.009715399373185447,
        "qy": 0.12144056187237212,
        "qz": 0.017426117683826976,
        "qw": 0.9923981717887289,
        "source_topic": "/world/robot_world/dynamic_pose/info"
      },
      "delta": {
        "dx": -0.0011544250906376924,
        "dy": 0.0007134409009919383,
        "dz": 0.00490721976423758,
        "abs_xy": 0.0013570907151336763
      },
      "clamped_at_step": false,
      "success_at_step": false
    },
    {
      "name": "lift_4",
      "target_z_base": 0.09,
      "actual_r_joint": 0.6999999993035849,
      "truth": {
        "name": "wood_block",
        "x": 0.1112661508875265,
        "y": -0.00034686665540033815,
        "z": 0.774464268340462,
        "qx": 0.006946416765053297,
        "qy": -0.00689825259063893,
        "qz": 0.020723992013907108,
        "qw": 0.9997373042756429,
        "source_topic": "/world/robot_world/dynamic_pose/info"
      },
      "delta": {
        "dx": -0.008734019313336033,
        "dy": -0.00034680808272003876,
        "dz": 3.951899767884459e-05,
        "abs_xy": 0.008740902082277709
      },
      "clamped_at_step": false,
      "success_at_step": false
    }
  ],
  "actual_r_joint_after_lift": 0.6999999993035849,
  "truth_after": {
    "name": "wood_block",
    "x": 0.1112661508875265,
    "y": -0.00034686665540033815,
    "z": 0.774464268340462,
    "qx": 0.006946416765053297,
    "qy": -0.00689825259063893,
    "qz": 0.020723992013907108,
    "qw": 0.9997373042756429,
    "source_topic": "/world/robot_world/dynamic_pose/info"
  },
  "delta_final": {
    "dx": -0.008734019313336033,
    "dy": -0.00034680808272003876,
    "dz": 3.951899767884459e-05,
    "abs_xy": 0.008740902082277709
  },
  "t_end": 1778637376.956294,
  "duration_s": 135.92832827568054
}