{
  "trial_id": "step7_multi_c085",
  "mode": "hold_close_multilift_probe",
  "params": {
    "trial_id": "step7_multi_c085",
    "skip_home": false,
    "pre_z_base": 0.22,
    "down_z_base": 0.02,
    "lift_seq": "0.035,0.045,0.060,0.090",
    "x_offset": 0.0,
    "y_offset": 0.0,
    "close_seq": "1.2,1.1,1.0,0.95,0.9,0.85",
    "gripper_step_dt": 0.8,
    "gripper_hold_s": 45.0,
    "wait_before_lift": 4.0,
    "down_duration": 3.0,
    "lift_duration": 2.5,
    "hold_after_each_lift": 0.8,
    "clamp_dz": 0.012,
    "success_dz": 0.035,
    "max_clamp_xy": 0.035
  },
  "close_values": [
    1.2,
    1.1,
    1.0,
    0.95,
    0.9,
    0.85
  ],
  "lift_zs": [
    0.035,
    0.045,
    0.06,
    0.09
  ],
  "success": false,
  "clamped": false,
  "failure_type": "partial_contact_not_clamped",
  "diagnosis": "object moved slightly but did not reach clamp threshold; tune close endpoint and x/y offset",
  "t_start": 1778636830.5961578,
  "stage": "done",
  "truth_before": {
    "name": "wood_block",
    "x": 0.12,
    "y": -7.590442881386122e-18,
    "z": 0.7744358413293883,
    "qx": 1.1679717947374464e-16,
    "qy": 5.0574524789079215e-17,
    "qz": -6.515171030839257e-17,
    "qw": 1.0,
    "source_topic": "/world/robot_world/dynamic_pose/info"
  },
  "target_world_xyz": [
    0.12,
    -7.590442881386122e-18,
    0.7744358413293883
  ],
  "target_base_xy": [
    0.32,
    -7.590442881386122e-18
  ],
  "waypoints_base": {
    "pregrasp": [
      0.32,
      -7.590442881386122e-18,
      0.22
    ],
    "down": [
      0.32,
      -7.590442881386122e-18,
      0.02
    ],
    "lift_1": [
      0.32,
      -7.590442881386122e-18,
      0.035
    ],
    "lift_2": [
      0.32,
      -7.590442881386122e-18,
      0.045
    ],
    "lift_3": [
      0.32,
      -7.590442881386122e-18,
      0.06
    ],
    "lift_4": [
      0.32,
      -7.590442881386122e-18,
      0.09
    ]
  },
  "q_targets": {
    "pregrasp": [
      0.00010309216815279512,
      -0.40621146226366256,
      -0.829495914630501,
      -0.5929708640586923,
      0.019637977287835163
    ],
    "down": [
      0.00013649282471138124,
      -0.8794099510583876,
      -1.0024408053787701,
      -0.5869023653468871,
      0.019639033970098793
    ],
    "lift_1": [
      9.205121925699963e-05,
      -0.8217379606047726,
      -1.008652959295055,
      -0.6107362206138782,
      0.01963153080314978
    ],
    "lift_2": [
      0.00012366452565744392,
      -0.7850095251548156,
      -1.0108409116827295,
      -0.6247707926074033,
      0.019626801836663592
    ],
    "lift_3": [
      8.009276861705361e-05,
      -0.7325707258606813,
      -1.01134656956928,
      -0.642800427232525,
      0.019621194425482213
    ],
    "lift_4": [
      0.00013701668209482008,
      -0.6377094128678447,
      -1.0028027833610296,
      -0.6676063816998651,
      0.019612886851807784
    ]
  },
  "truth_after_down": {
    "name": "wood_block",
    "x": 0.12,
    "y": -1.33867610872371e-17,
    "z": 0.7749823471800595,
    "qx": 2.2635914933068276e-17,
    "qy": -1.1028573108676065e-16,
    "qz": -7.976227739422328e-17,
    "qw": 1.0,
    "source_topic": "/world/robot_world/dynamic_pose/info"
  },
  "delta_after_down": {
    "dx": 0.0,
    "dy": -5.796318205850977e-18,
    "dz": 0.0005465058506712861,
    "abs_xy": 5.796318205850977e-18
  },
  "actual_r_joint_before_lift": 1.2210533132844308,
  "truth_after_hold_close": {
    "name": "wood_block",
    "x": 0.12,
    "y": -6.5093975143112995e-18,
    "z": 0.7749906324956213,
    "qx": 1.5750823765689454e-17,
    "qy": -1.0546828358571517e-16,
    "qz": -6.002052481588228e-17,
    "qw": 1.0,
    "source_topic": "/world/robot_world/dynamic_pose/info"
  },
  "delta_after_hold_close": {
    "dx": 0.0,
    "dy": 1.0810453670748228e-18,
    "dz": 0.0005547911662330263,
    "abs_xy": 1.0810453670748228e-18
  },
  "lift_results": [
    {
      "name": "lift_1",
      "target_z_base": 0.035,
      "actual_r_joint": 0.8708431523188138,
      "truth": {
        "name": "wood_block",
        "x": 0.12004428239505946,
        "y": -0.0013374263224978336,
        "z": 0.7773926734751444,
        "qx": 0.0034460074934227628,
        "qy": 0.06624512903655579,
        "qz": 0.022418775268757626,
        "qw": 0.9975455410289468,
        "source_topic": "/world/robot_world/dynamic_pose/info"
      },
      "delta": {
        "dx": 4.4282395059463964e-05,
        "dy": -0.001337426322497826,
        "dz": 0.0029568321457561497,
        "abs_xy": 0.0013381592202059743
      },
      "clamped_at_step": false,
      "success_at_step": false
    },
    {
      "name": "lift_2",
      "target_z_base": 0.045,
      "actual_r_joint": 0.8500002377723902,
      "truth": {
        "name": "wood_block",
        "x": 0.11811532658893407,
        "y": -0.0009728502350979446,
        "z": 0.777054888583989,
        "qx": 0.003431368861349429,
        "qy": 0.06526310362643303,
        "qz": 0.01315791132819817,
        "qw": 0.997775436850528,
        "source_topic": "/world/robot_world/dynamic_pose/info"
      },
      "delta": {
        "dx": -0.0018846734110659208,
        "dy": -0.000972850235097937,
        "dz": 0.002619047254600715,
        "abs_xy": 0.0021209505996861323
      },
      "clamped_at_step": false,
      "success_at_step": false
    },
    {
      "name": "lift_3",
      "target_z_base": 0.06,
      "actual_r_joint": 0.8499999990612975,
      "truth": {
        "name": "wood_block",
        "x": 0.11749556285300052,
        "y": 0.001442295855067718,
        "z": 0.7735140438139774,
        "qx": 0.014558474487526172,
        "qy": 0.004227923333927012,
        "qz": -0.04929490411366896,
        "qw": 0.9986692084535813,
        "source_topic": "/world/robot_world/dynamic_pose/info"
      },
      "delta": {
        "dx": -0.0025044371469994803,
        "dy": 0.0014422958550677255,
        "dz": -0.0009217975154108826,
        "abs_xy": 0.002890055839740201
      },
      "clamped_at_step": false,
      "success_at_step": false
    },
    {
      "name": "lift_4",
      "target_z_base": 0.09,
      "actual_r_joint": 0.8499999991226769,
      "truth": {
        "name": "wood_block",
        "x": 0.11735460183073158,
        "y": 0.002047765913220315,
        "z": 0.774742262960825,
        "qx": 0.002602993161526708,
        "qy": 0.0008141785196139521,
        "qz": -0.04935283902862451,
        "qw": 0.9987776823796944,
        "source_topic": "/world/robot_world/dynamic_pose/info"
      },
      "delta": {
        "dx": -0.002645398169268412,
        "dy": 0.0020477659132203227,
        "dz": 0.0003064216314367929,
        "abs_xy": 0.0033453664536662836
      },
      "clamped_at_step": false,
      "success_at_step": false
    }
  ],
  "actual_r_joint_after_lift": 0.8499999991226769,
  "truth_after": {
    "name": "wood_block",
    "x": 0.11735460183073158,
    "y": 0.002047765913220315,
    "z": 0.774742262960825,
    "qx": 0.002602993161526708,
    "qy": 0.0008141785196139521,
    "qz": -0.04935283902862451,
    "qw": 0.9987776823796944,
    "source_topic": "/world/robot_world/dynamic_pose/info"
  },
  "delta_final": {
    "dx": -0.002645398169268412,
    "dy": 0.0020477659132203227,
    "dz": 0.0003064216314367929,
    "abs_xy": 0.0033453664536662836
  },
  "t_end": 1778636965.611716,
  "duration_s": 135.01555824279785
}