{
  "trial_id": "step7_yoff_0000",
  "mode": "hold_close_multilift_probe",
  "params": {
    "trial_id": "step7_yoff_0000",
    "skip_home": false,
    "pre_z_base": 0.22,
    "down_z_base": 0.02,
    "lift_seq": "0.035,0.045,0.060,0.090",
    "x_offset": 0.0,
    "y_offset": 0.0,
    "close_seq": "1.2,1.1,1.0,0.95,0.9,0.75",
    "gripper_step_dt": 0.8,
    "gripper_hold_s": 45.0,
    "wait_before_lift": 4.0,
    "down_duration": 3.0,
    "lift_duration": 2.5,
    "hold_after_each_lift": 0.8,
    "clamp_dz": 0.012,
    "success_dz": 0.035,
    "max_clamp_xy": 0.035
  },
  "close_values": [
    1.2,
    1.1,
    1.0,
    0.95,
    0.9,
    0.75
  ],
  "lift_zs": [
    0.035,
    0.045,
    0.06,
    0.09
  ],
  "success": false,
  "clamped": false,
  "failure_type": "partial_contact_not_clamped",
  "diagnosis": "object moved slightly but did not reach clamp threshold; tune close endpoint and x/y offset",
  "t_start": 1778638319.561947,
  "stage": "done",
  "truth_before": {
    "name": "wood_block",
    "x": 0.11999996928790677,
    "y": 6.910701642526528e-08,
    "z": 0.7744843454136806,
    "qx": -8.573861962078988e-07,
    "qy": -3.8103379042076097e-07,
    "qz": -3.296468765195159e-11,
    "qw": 0.9999999999995598,
    "source_topic": "/world/robot_world/dynamic_pose/info"
  },
  "target_world_xyz": [
    0.11999996928790677,
    6.910701642526528e-08,
    0.7744843454136806
  ],
  "target_base_xy": [
    0.31999996928790675,
    6.910701642526528e-08
  ],
  "waypoints_base": {
    "pregrasp": [
      0.31999996928790675,
      6.910701642526528e-08,
      0.22
    ],
    "down": [
      0.31999996928790675,
      6.910701642526528e-08,
      0.02
    ],
    "lift_1": [
      0.31999996928790675,
      6.910701642526528e-08,
      0.035
    ],
    "lift_2": [
      0.31999996928790675,
      6.910701642526528e-08,
      0.045
    ],
    "lift_3": [
      0.31999996928790675,
      6.910701642526528e-08,
      0.06
    ],
    "lift_4": [
      0.31999996928790675,
      6.910701642526528e-08,
      0.09
    ]
  },
  "q_targets": {
    "pregrasp": [
      5.948913359525521e-05,
      -0.3976267322786908,
      -0.853315363669738,
      -0.5672559136778509,
      0.010881126253892062
    ],
    "down": [
      8.66971122122099e-05,
      -0.8716445129633074,
      -1.024240581977562,
      -0.5619410623464363,
      0.010881647298086144
    ],
    "lift_1": [
      4.3959959850137405e-05,
      -0.8135863234055012,
      -1.030997990880917,
      -0.585463578846565,
      0.010876674978904105
    ],
    "lift_2": [
      7.742659131908453e-05,
      -0.776634534857905,
      -1.033502817069366,
      -0.5993029938317955,
      0.010873432949569092
    ],
    "lift_3": [
      3.120624748867386e-05,
      -0.7238794922342093,
      -1.0344524632790526,
      -0.6170886574131844,
      0.010869759276841208
    ],
    "lift_4": [
      9.105460594056678e-05,
      -0.6285714255704908,
      -1.0266199411797061,
      -0.641479069820815,
      0.010864082472409033
    ]
  },
  "truth_after_down": {
    "name": "wood_block",
    "x": 0.11999998782831069,
    "y": 2.7388180057697176e-08,
    "z": 0.7749823486048224,
    "qx": -2.3009552879512252e-08,
    "qy": -1.022575032848431e-08,
    "qz": -3.296482302200453e-11,
    "qw": 0.9999999999999997,
    "source_topic": "/world/robot_world/dynamic_pose/info"
  },
  "delta_after_down": {
    "dx": 1.8540403920463966e-08,
    "dy": -4.1718836367568106e-08,
    "dz": 0.0004980031911417937,
    "abs_xy": 4.565312569143409e-08
  },
  "actual_r_joint_before_lift": 1.2316297968935377,
  "truth_after_hold_close": {
    "name": "wood_block",
    "x": 0.11999998813677443,
    "y": 2.6694087844691323e-08,
    "z": 0.774990633060793,
    "qx": -9.127710170462783e-09,
    "qy": -4.056475080094597e-09,
    "qz": -3.296482395565692e-11,
    "qw": 0.9999999999999999,
    "source_topic": "/world/robot_world/dynamic_pose/info"
  },
  "delta_after_hold_close": {
    "dx": 1.8848867661125368e-08,
    "dy": -4.241292858057396e-08,
    "dz": 0.0005062876471123579,
    "abs_xy": 4.64126741622101e-08
  },
  "lift_results": [
    {
      "name": "lift_1",
      "target_z_base": 0.035,
      "actual_r_joint": 0.8268057294331631,
      "truth": {
        "name": "wood_block",
        "x": 0.12091257067467599,
        "y": -0.0015626715878520362,
        "z": 0.7778177163471278,
        "qx": 0.005032342629126783,
        "qy": 0.07337605000812296,
        "qz": 0.024632279398302565,
        "qw": 0.9969874029417385,
        "source_topic": "/world/robot_world/dynamic_pose/info"
      },
      "delta": {
        "dx": 0.0009126013867692268,
        "dy": -0.0015627406948684616,
        "dz": 0.0033333709334472106,
        "abs_xy": 0.001809696043685535
      },
      "clamped_at_step": false,
      "success_at_step": false
    },
    {
      "name": "lift_2",
      "target_z_base": 0.045,
      "actual_r_joint": 0.7500008759250392,
      "truth": {
        "name": "wood_block",
        "x": 0.12003529729173883,
        "y": -0.0015319076450866864,
        "z": 0.7792931334915242,
        "qx": -0.0032198605887387454,
        "qy": 0.09546923118189127,
        "qz": 0.031512315176087595,
        "qw": 0.9949282548945781,
        "source_topic": "/world/robot_world/dynamic_pose/info"
      },
      "delta": {
        "dx": 3.5328003832060806e-05,
        "dy": -0.0015319767521031118,
        "dz": 0.004808788077843573,
        "abs_xy": 0.0015323840369956734
      },
      "clamped_at_step": false,
      "success_at_step": false
    },
    {
      "name": "lift_3",
      "target_z_base": 0.06,
      "actual_r_joint": 0.7499999991780618,
      "truth": {
        "name": "wood_block",
        "x": 0.11772076034123255,
        "y": -0.0009247958602974385,
        "z": 0.7771633205768746,
        "qx": 0.004044195540566633,
        "qy": 0.07523786603929539,
        "qz": 0.013596776855380216,
        "qw": 0.9970647098636215,
        "source_topic": "/world/robot_world/dynamic_pose/info"
      },
      "delta": {
        "dx": -0.002279208946674216,
        "dy": -0.0009248649673138637,
        "dz": 0.0026789751631940417,
        "abs_xy": 0.0024597090540070515
      },
      "clamped_at_step": false,
      "success_at_step": false
    },
    {
      "name": "lift_4",
      "target_z_base": 0.09,
      "actual_r_joint": 0.7499999992329643,
      "truth": {
        "name": "wood_block",
        "x": 0.11347411501887857,
        "y": -0.0007046821833683423,
        "z": 0.7747019421428036,
        "qx": 0.00086728510323631,
        "qy": -0.00269679346520546,
        "qz": 0.011508194994869611,
        "qw": 0.9999297658183377,
        "source_topic": "/world/robot_world/dynamic_pose/info"
      },
      "delta": {
        "dx": -0.0065258542690282,
        "dy": -0.0007047512903847675,
        "dz": 0.0002175967291230263,
        "abs_xy": 0.006563798315144409
      },
      "clamped_at_step": false,
      "success_at_step": false
    }
  ],
  "actual_r_joint_after_lift": 0.7499999992329643,
  "truth_after": {
    "name": "wood_block",
    "x": 0.11347411501887857,
    "y": -0.0007046821833683423,
    "z": 0.7747019421428036,
    "qx": 0.00086728510323631,
    "qy": -0.00269679346520546,
    "qz": 0.011508194994869611,
    "qw": 0.9999297658183377,
    "source_topic": "/world/robot_world/dynamic_pose/info"
  },
  "delta_final": {
    "dx": -0.0065258542690282,
    "dy": -0.0007047512903847675,
    "dz": 0.0002175967291230263,
    "abs_xy": 0.006563798315144409
  },
  "t_end": 1778638462.6198974,
  "duration_s": 143.057950258255
}