{
  "trial_id": "step7_multi_c075",
  "mode": "hold_close_multilift_probe",
  "params": {
    "trial_id": "step7_multi_c075",
    "skip_home": false,
    "pre_z_base": 0.22,
    "down_z_base": 0.02,
    "lift_seq": "0.035,0.045,0.060,0.090",
    "x_offset": 0.0,
    "y_offset": 0.0,
    "close_seq": "1.2,1.1,1.0,0.95,0.9,0.75",
    "gripper_step_dt": 0.8,
    "gripper_hold_s": 45.0,
    "wait_before_lift": 4.0,
    "down_duration": 3.0,
    "lift_duration": 2.5,
    "hold_after_each_lift": 0.8,
    "clamp_dz": 0.012,
    "success_dz": 0.035,
    "max_clamp_xy": 0.035
  },
  "close_values": [
    1.2,
    1.1,
    1.0,
    0.95,
    0.9,
    0.75
  ],
  "lift_zs": [
    0.035,
    0.045,
    0.06,
    0.09
  ],
  "success": false,
  "clamped": false,
  "failure_type": "partial_contact_not_clamped",
  "diagnosis": "object moved slightly but did not reach clamp threshold; tune close endpoint and x/y offset",
  "t_start": 1778637104.6245847,
  "stage": "done",
  "truth_before": {
    "name": "wood_block",
    "x": 0.11999998541259028,
    "y": 1.1845415214982359e-07,
    "z": 0.7745096874340287,
    "qx": -1.4265578033704394e-06,
    "qy": -1.756776154917913e-07,
    "qz": 6.946764625133007e-11,
    "qw": 0.999999999998967,
    "source_topic": "/world/robot_world/dynamic_pose/info"
  },
  "target_world_xyz": [
    0.11999998541259028,
    1.1845415214982359e-07,
    0.7745096874340287
  ],
  "target_base_xy": [
    0.3199999854125903,
    1.1845415214982359e-07
  ],
  "waypoints_base": {
    "pregrasp": [
      0.3199999854125903,
      1.1845415214982359e-07,
      0.22
    ],
    "down": [
      0.3199999854125903,
      1.1845415214982359e-07,
      0.02
    ],
    "lift_1": [
      0.3199999854125903,
      1.1845415214982359e-07,
      0.035
    ],
    "lift_2": [
      0.3199999854125903,
      1.1845415214982359e-07,
      0.045
    ],
    "lift_3": [
      0.3199999854125903,
      1.1845415214982359e-07,
      0.06
    ],
    "lift_4": [
      0.3199999854125903,
      1.1845415214982359e-07,
      0.09
    ]
  },
  "q_targets": {
    "pregrasp": [
      0.0001339079529922572,
      -0.40364076779944835,
      -0.8365395386246599,
      -0.5854672690727747,
      0.02940444819506061
    ],
    "down": [
      0.0001936584679560084,
      -0.8770782934471772,
      -1.0089008280015244,
      -0.5796123904728955,
      0.029405683024177336
    ],
    "lift_1": [
      0.00014469259460397175,
      -0.8193166129141858,
      -1.0152457702220428,
      -0.6033266858221669,
      0.029395507226246405
    ],
    "lift_2": [
      0.00017827067810953775,
      -0.7825182700466063,
      -1.0175293928618487,
      -0.6173092855608716,
      0.029389172559003907
    ],
    "lift_3": [
      0.000134536426416361,
      -0.7300248972044204,
      -1.018134729839699,
      -0.6352296208664294,
      0.029381538573885427
    ],
    "lift_4": [
      0.00018638624767351145,
      -0.6349961582374372,
      -1.0098266997920244,
      -0.6599528514537781,
      0.029370453723681834
    ]
  },
  "truth_after_down": {
    "name": "wood_block",
    "x": 0.11999999398752183,
    "y": 4.882299560794937e-08,
    "z": 0.7749845114439815,
    "qx": -3.393481291491673e-08,
    "qy": -4.179001432876623e-09,
    "qz": 6.946762399610638e-11,
    "qw": 0.9999999999999994,
    "source_topic": "/world/robot_world/dynamic_pose/info"
  },
  "delta_after_down": {
    "dx": 8.574931542604247e-09,
    "dy": -6.963115654187422e-08,
    "dz": 0.00047482400995280116,
    "abs_xy": 7.015716223108901e-08
  },
  "actual_r_joint_before_lift": 1.2352444648443057,
  "truth_after_hold_close": {
    "name": "wood_block",
    "x": 0.1199999941168491,
    "y": 4.777281746166315e-08,
    "z": 0.7749916718355002,
    "qx": -1.2931252149367495e-08,
    "qy": -1.5924567897404602e-09,
    "qz": 6.946759726338749e-11,
    "qw": 0.9999999999999999,
    "source_topic": "/world/robot_world/dynamic_pose/info"
  },
  "delta_after_hold_close": {
    "dx": 8.704258813718724e-09,
    "dy": -7.068133468816045e-08,
    "dz": 0.00048198440147151356,
    "abs_xy": 7.121527360612998e-08
  },
  "lift_results": [
    {
      "name": "lift_1",
      "target_z_base": 0.035,
      "actual_r_joint": 0.8268057294122714,
      "truth": {
        "name": "wood_block",
        "x": 0.12027368430102654,
        "y": -0.0015814055035095643,
        "z": 0.7773440551640225,
        "qx": 0.004125624827180856,
        "qy": 0.073037142032248,
        "qz": 0.02655319836410781,
        "qw": 0.9969671422670774,
        "source_topic": "/world/robot_world/dynamic_pose/info"
      },
      "delta": {
        "dx": 0.0002736988884362579,
        "dy": -0.001581523957661714,
        "dz": 0.002834367729993792,
        "abs_xy": 0.0016050324327530625
      },
      "clamped_at_step": false,
      "success_at_step": false
    },
    {
      "name": "lift_2",
      "target_z_base": 0.045,
      "actual_r_joint": 0.7500006373636757,
      "truth": {
        "name": "wood_block",
        "x": 0.11936230012651665,
        "y": -0.0015921934979606898,
        "z": 0.7789981696499517,
        "qx": -0.006879992962109616,
        "qy": 0.09183464320496833,
        "qz": 0.039161191492567464,
        "qw": 0.9949801330102727,
        "source_topic": "/world/robot_world/dynamic_pose/info"
      },
      "delta": {
        "dx": -0.000637685286073636,
        "dy": -0.0015923119521128396,
        "dz": 0.0044884822159230175,
        "abs_xy": 0.001715255047191588
      },
      "clamped_at_step": false,
      "success_at_step": false
    },
    {
      "name": "lift_3",
      "target_z_base": 0.06,
      "actual_r_joint": 0.7499999991520914,
      "truth": {
        "name": "wood_block",
        "x": 0.1175240892987279,
        "y": -0.0018476031354972941,
        "z": 0.7777445331663819,
        "qx": -0.002776914430454351,
        "qy": 0.07517982802725773,
        "qz": 0.038961730303269694,
        "qw": 0.99640466968788,
        "source_topic": "/world/robot_world/dynamic_pose/info"
      },
      "delta": {
        "dx": -0.002475896113862383,
        "dy": -0.001847721589649444,
        "dz": 0.00323484573235322,
        "abs_xy": 0.0030893586129641082
      },
      "clamped_at_step": false,
      "success_at_step": false
    },
    {
      "name": "lift_4",
      "target_z_base": 0.09,
      "actual_r_joint": 0.7499999992064958,
      "truth": {
        "name": "wood_block",
        "x": 0.11363599039410296,
        "y": -0.001909626856829448,
        "z": 0.7748756504166925,
        "qx": -0.00028713196282721735,
        "qy": -0.00093889632704765,
        "qz": 0.03464928464571057,
        "qw": 0.9993990509813703,
        "source_topic": "/world/robot_world/dynamic_pose/info"
      },
      "delta": {
        "dx": -0.00636399501848732,
        "dy": -0.001909745310981598,
        "dz": 0.00036596298266378113,
        "abs_xy": 0.006644363005446618
      },
      "clamped_at_step": false,
      "success_at_step": false
    }
  ],
  "actual_r_joint_after_lift": 0.7499999992064958,
  "truth_after": {
    "name": "wood_block",
    "x": 0.11363599039410296,
    "y": -0.001909626856829448,
    "z": 0.7748756504166925,
    "qx": -0.00028713196282721735,
    "qy": -0.00093889632704765,
    "qz": 0.03464928464571057,
    "qw": 0.9993990509813703,
    "source_topic": "/world/robot_world/dynamic_pose/info"
  },
  "delta_final": {
    "dx": -0.00636399501848732,
    "dy": -0.001909745310981598,
    "dz": 0.00036596298266378113,
    "abs_xy": 0.006644363005446618
  },
  "t_end": 1778637240.1960132,
  "duration_s": 135.57142853736877
}