{
  "trial_id": "step7_xoff_m0020",
  "mode": "hold_close_multilift_probe",
  "params": {
    "trial_id": "step7_xoff_m0020",
    "skip_home": false,
    "pre_z_base": 0.22,
    "down_z_base": 0.02,
    "lift_seq": "0.035,0.045,0.060,0.090",
    "x_offset": -0.02,
    "y_offset": 0.0,
    "close_seq": "1.2,1.1,1.0,0.95,0.9,0.75",
    "gripper_step_dt": 0.8,
    "gripper_hold_s": 45.0,
    "wait_before_lift": 4.0,
    "down_duration": 3.0,
    "lift_duration": 2.5,
    "hold_after_each_lift": 0.8,
    "clamp_dz": 0.012,
    "success_dz": 0.035,
    "max_clamp_xy": 0.035
  },
  "close_values": [
    1.2,
    1.1,
    1.0,
    0.95,
    0.9,
    0.75
  ],
  "lift_zs": [
    0.035,
    0.045,
    0.06,
    0.09
  ],
  "success": false,
  "clamped": false,
  "failure_type": "partial_contact_not_clamped",
  "diagnosis": "object moved slightly but did not reach clamp threshold; tune close endpoint and x/y offset",
  "t_start": 1778649702.126538,
  "stage": "done",
  "truth_before": {
    "name": "wood_block",
    "x": 0.11999999468556337,
    "y": 9.449210586783646e-09,
    "z": 0.7744244726057337,
    "qx": -1.2228202727778753e-07,
    "qy": -6.877399386886549e-08,
    "qz": 3.5897753571570654e-13,
    "qw": 0.9999999999999901,
    "source_topic": "/world/robot_world/dynamic_pose/info"
  },
  "target_world_xyz": [
    0.11999999468556337,
    9.449210586783646e-09,
    0.7744244726057337
  ],
  "target_base_xy": [
    0.2999999946855634,
    9.449210586783646e-09
  ],
  "waypoints_base": {
    "pregrasp": [
      0.2999999946855634,
      9.449210586783646e-09,
      0.22
    ],
    "down": [
      0.2999999946855634,
      9.449210586783646e-09,
      0.02
    ],
    "lift_1": [
      0.2999999946855634,
      9.449210586783646e-09,
      0.035
    ],
    "lift_2": [
      0.2999999946855634,
      9.449210586783646e-09,
      0.045
    ],
    "lift_3": [
      0.2999999946855634,
      9.449210586783646e-09,
      0.06
    ],
    "lift_4": [
      0.2999999946855634,
      9.449210586783646e-09,
      0.09
    ]
  },
  "q_targets": {
    "pregrasp": [
      -0.0002419153761266482,
      -0.2628674293404648,
      -0.9738403552991846,
      -0.6359727356102188,
      -0.04128255133782894
    ],
    "down": [
      -0.0002596550210269601,
      -0.7680204098947162,
      -1.154237666189065,
      -0.6142532169287559,
      -0.04129020098444527
    ],
    "lift_1": [
      -0.00020992105852882812,
      -0.7075683864217138,
      -1.1599079868313278,
      -0.6386187145896419,
      -0.041280838669767166
    ],
    "lift_2": [
      -0.0002689134387614062,
      -0.6690001386539106,
      -1.1616810368471056,
      -0.6530487680253482,
      -0.04127478647518636
    ],
    "lift_3": [
      -0.00022468378582880534,
      -0.6137363737252908,
      -1.161596544755706,
      -0.6717994317575655,
      -0.04126763044812558
    ],
    "lift_4": [
      -0.00024998362999691033,
      -0.5132550179934469,
      -1.151931381847267,
      -0.6982568107093413,
      -0.041257074118690805
    ]
  },
  "truth_after_down": {
    "name": "wood_block",
    "x": 0.11999999804163775,
    "y": 3.4820193115038917e-09,
    "z": 0.7749823473336206,
    "qx": -2.938213372354396e-09,
    "qy": -1.652513156832099e-09,
    "qz": 3.589308651769598e-13,
    "qw": 1.0,
    "source_topic": "/world/robot_world/dynamic_pose/info"
  },
  "delta_after_down": {
    "dx": 3.356074376736906e-09,
    "dy": -5.967191275279754e-09,
    "dz": 0.0005578747278869312,
    "abs_xy": 6.846211137407671e-09
  },
  "actual_r_joint_before_lift": 1.2390111329429094,
  "truth_after_hold_close": {
    "name": "wood_block",
    "x": 0.11999999809148645,
    "y": 3.3933869570582596e-09,
    "z": 0.7749906325565356,
    "qx": -1.1655663184321795e-09,
    "qy": -6.555390437185491e-10,
    "qz": 3.588990028580415e-13,
    "qw": 1.0,
    "source_topic": "/world/robot_world/dynamic_pose/info"
  },
  "delta_after_hold_close": {
    "dx": 3.405923085231244e-09,
    "dy": -6.055823629725386e-09,
    "dz": 0.0005661599508018922,
    "abs_xy": 6.947899819143298e-09
  },
  "lift_results": [
    {
      "name": "lift_1",
      "target_z_base": 0.035,
      "actual_r_joint": 0.8268057294168781,
      "truth": {
        "name": "wood_block",
        "x": 0.12009818224393186,
        "y": -0.0008691437054981051,
        "z": 0.774956557059285,
        "qx": 0.012614270608578865,
        "qy": 0.01664679195141048,
        "qz": 0.003131265365510509,
        "qw": 0.9997769549614307,
        "source_topic": "/world/robot_world/dynamic_pose/info"
      },
      "delta": {
        "dx": 9.818755836848991e-05,
        "dy": -0.0008691531547086918,
        "dz": 0.0005320844535513514,
        "abs_xy": 0.0008746816580667716
      },
      "clamped_at_step": false,
      "success_at_step": false
    },
    {
      "name": "lift_2",
      "target_z_base": 0.045,
      "actual_r_joint": 0.7500008233145631,
      "truth": {
        "name": "wood_block",
        "x": 0.11946139939810876,
        "y": 0.00013774191478863203,
        "z": 0.7748965230351397,
        "qx": 0.006503562653921662,
        "qy": -0.004785326849777358,
        "qz": -0.010748175339853469,
        "qw": 0.9999096364405191,
        "source_topic": "/world/robot_world/dynamic_pose/info"
      },
      "delta": {
        "dx": -0.0005385952874546046,
        "dy": 0.00013773246557804525,
        "dz": 0.0004720504294060124,
        "abs_xy": 0.0005559272575998731
      },
      "clamped_at_step": false,
      "success_at_step": false
    },
    {
      "name": "lift_3",
      "target_z_base": 0.06,
      "actual_r_joint": 0.7499999991846419,
      "truth": {
        "name": "wood_block",
        "x": 0.11841826951953031,
        "y": 0.001030700334934898,
        "z": 0.7747788000845592,
        "qx": -0.010710502304095457,
        "qy": 0.012624245815289975,
        "qz": 0.024405165662923733,
        "qw": 0.9995650561353945,
        "source_topic": "/world/robot_world/dynamic_pose/info"
      },
      "delta": {
        "dx": -0.0015817251660330545,
        "dy": 0.0010306908857243113,
        "dz": 0.0003543274788255779,
        "abs_xy": 0.001887903123250094
      },
      "clamped_at_step": false,
      "success_at_step": false
    },
    {
      "name": "lift_4",
      "target_z_base": 0.09,
      "actual_r_joint": 0.7499999992363261,
      "truth": {
        "name": "wood_block",
        "x": 0.1178934432855722,
        "y": 0.0005622464221925882,
        "z": 0.7749608198286887,
        "qx": -0.0016020622087274206,
        "qy": 0.0019033465971417254,
        "qz": 0.024380112975957186,
        "qw": 0.9996996652793728,
        "source_topic": "/world/robot_world/dynamic_pose/info"
      },
      "delta": {
        "dx": -0.0021065513999911634,
        "dy": 0.0005622369729820014,
        "dz": 0.0005363472229550359,
        "abs_xy": 0.0021802910848308064
      },
      "clamped_at_step": false,
      "success_at_step": false
    }
  ],
  "actual_r_joint_after_lift": 0.7499999992363261,
  "truth_after": {
    "name": "wood_block",
    "x": 0.1178934432855722,
    "y": 0.0005622464221925882,
    "z": 0.7749608198286887,
    "qx": -0.0016020622087274206,
    "qy": 0.0019033465971417254,
    "qz": 0.024380112975957186,
    "qw": 0.9996996652793728,
    "source_topic": "/world/robot_world/dynamic_pose/info"
  },
  "delta_final": {
    "dx": -0.0021065513999911634,
    "dy": 0.0005622369729820014,
    "dz": 0.0005363472229550359,
    "abs_xy": 0.0021802910848308064
  },
  "t_end": 1778649836.2090812,
  "duration_s": 134.08254313468933
}