{
  "trial_id": "step7_yoff_0040",
  "mode": "hold_close_multilift_probe",
  "params": {
    "trial_id": "step7_yoff_0040",
    "skip_home": false,
    "pre_z_base": 0.22,
    "down_z_base": 0.02,
    "lift_seq": "0.035,0.045,0.060,0.090",
    "x_offset": 0.0,
    "y_offset": 0.04,
    "close_seq": "1.2,1.1,1.0,0.95,0.9,0.75",
    "gripper_step_dt": 0.8,
    "gripper_hold_s": 45.0,
    "wait_before_lift": 4.0,
    "down_duration": 3.0,
    "lift_duration": 2.5,
    "hold_after_each_lift": 0.8,
    "clamp_dz": 0.012,
    "success_dz": 0.035,
    "max_clamp_xy": 0.035
  },
  "close_values": [
    1.2,
    1.1,
    1.0,
    0.95,
    0.9,
    0.75
  ],
  "lift_zs": [
    0.035,
    0.045,
    0.06,
    0.09
  ],
  "success": false,
  "clamped": false,
  "failure_type": "partial_contact_not_clamped",
  "diagnosis": "object moved slightly but did not reach clamp threshold; tune close endpoint and x/y offset",
  "t_start": 1778638861.7414243,
  "stage": "done",
  "truth_before": {
    "name": "wood_block",
    "x": 0.11999991571264099,
    "y": 1.1410645489521865e-08,
    "z": 0.7744844165245363,
    "qx": -1.4119947823926405e-07,
    "qy": -1.043003785273145e-06,
    "qz": 2.1554439743097586e-11,
    "qw": 0.9999999999994461,
    "source_topic": "/world/robot_world/dynamic_pose/info"
  },
  "target_world_xyz": [
    0.11999991571264099,
    1.1410645489521865e-08,
    0.7744844165245363
  ],
  "target_base_xy": [
    0.31999991571264097,
    0.04000001141064549
  ],
  "waypoints_base": {
    "pregrasp": [
      0.31999991571264097,
      0.04000001141064549,
      0.22
    ],
    "down": [
      0.31999991571264097,
      0.04000001141064549,
      0.02
    ],
    "lift_1": [
      0.31999991571264097,
      0.04000001141064549,
      0.035
    ],
    "lift_2": [
      0.31999991571264097,
      0.04000001141064549,
      0.045
    ],
    "lift_3": [
      0.31999991571264097,
      0.04000001141064549,
      0.06
    ],
    "lift_4": [
      0.31999991571264097,
      0.04000001141064549,
      0.09
    ]
  },
  "q_targets": {
    "pregrasp": [
      0.12361037155954509,
      -0.4080677895528181,
      -0.8569107715683318,
      -0.5367411870321254,
      -0.012635191073858255
    ],
    "down": [
      0.12359387814223345,
      -0.878891823326657,
      -1.0251910792604018,
      -0.5344214597705859,
      -0.012635100530260906
    ],
    "lift_1": [
      0.12362612171098449,
      -0.820749816036633,
      -1.032559626611578,
      -0.5576235011399441,
      -0.012633958023444676
    ],
    "lift_2": [
      0.12358260348424438,
      -0.783814401460544,
      -1.0353985737862008,
      -0.5712160602797467,
      -0.012632953324458138
    ],
    "lift_3": [
      0.12363512087457026,
      -0.7311506765176357,
      -1.0367914580155388,
      -0.5886290779306151,
      -0.012632251576383428
    ],
    "lift_4": [
      0.12358373267680006,
      -0.6360221601693788,
      -1.0297999673540017,
      -0.6124811680839054,
      -0.012630635720063293
    ]
  },
  "truth_after_down": {
    "name": "wood_block",
    "x": 0.11969983695762837,
    "y": 0.0002995028875780832,
    "z": 0.7746899350867911,
    "qx": -0.0008474493616458126,
    "qy": -0.006309870721163089,
    "qz": -0.005099432216479976,
    "qw": 0.9999667310226532,
    "source_topic": "/world/robot_world/dynamic_pose/info"
  },
  "delta_after_down": {
    "dx": -0.00030007875501261716,
    "dy": 0.00029949147693259366,
    "dz": 0.0002055185622548139,
    "abs_xy": 0.000423960380183324
  },
  "actual_r_joint_before_lift": 1.2210533133566848,
  "truth_after_hold_close": {
    "name": "wood_block",
    "x": 0.12009606451841544,
    "y": 0.00042107498033510494,
    "z": 0.7745710308421065,
    "qx": 0.0012672172102640438,
    "qy": -0.0027127251453339,
    "qz": -0.00968975622779273,
    "qw": 0.9999485706310469,
    "source_topic": "/world/robot_world/dynamic_pose/info"
  },
  "delta_after_hold_close": {
    "dx": 9.61488057744514e-05,
    "dy": 0.0004210635696896154,
    "dz": 8.661431757028826e-05,
    "abs_xy": 0.0004319017510633811
  },
  "lift_results": [
    {
      "name": "lift_1",
      "target_z_base": 0.035,
      "actual_r_joint": 0.8128083567042983,
      "truth": {
        "name": "wood_block",
        "x": 0.1203779813419805,
        "y": 0.00043345690657406775,
        "z": 0.7747703340558804,
        "qx": 0.0009568179342509347,
        "qy": 0.002012569196077169,
        "qz": -0.009795535306412268,
        "qw": 0.9999495395032354,
        "source_topic": "/world/robot_world/dynamic_pose/info"
      },
      "delta": {
        "dx": 0.00037806562933950794,
        "dy": 0.00043344549592857823,
        "dz": 0.00028591753134410425,
        "abs_xy": 0.0005751596456886116
      },
      "clamped_at_step": false,
      "success_at_step": false
    },
    {
      "name": "lift_2",
      "target_z_base": 0.045,
      "actual_r_joint": 0.7500005249899869,
      "truth": {
        "name": "wood_block",
        "x": 0.12004514485805229,
        "y": 0.00046777187350252304,
        "z": 0.7749558015936547,
        "qx": -0.0018795212870937963,
        "qy": -0.001888076855485204,
        "qz": -0.007633979164537966,
        "qw": 0.9999673119295622,
        "source_topic": "/world/robot_world/dynamic_pose/info"
      },
      "delta": {
        "dx": 4.522914541130185e-05,
        "dy": 0.0004677604628570335,
        "dz": 0.00047138506911847955,
        "abs_xy": 0.0004699420455831367
      },
      "clamped_at_step": false,
      "success_at_step": false
    },
    {
      "name": "lift_3",
      "target_z_base": 0.06,
      "actual_r_joint": 0.7499999992212785,
      "truth": {
        "name": "wood_block",
        "x": 0.12000311270731019,
        "y": 0.0007479454609486825,
        "z": 0.7742816173684175,
        "qx": -0.009059936588950582,
        "qy": 0.0006832106437789688,
        "qz": -0.005460898949218103,
        "qw": 0.9999438130989595,
        "source_topic": "/world/robot_world/dynamic_pose/info"
      },
      "delta": {
        "dx": 3.196994669205089e-06,
        "dy": 0.0007479340503031929,
        "dz": -0.00020279915611876032,
        "abs_xy": 0.0007479408829432002
      },
      "clamped_at_step": false,
      "success_at_step": false
    },
    {
      "name": "lift_4",
      "target_z_base": 0.09,
      "actual_r_joint": 0.7499999992734333,
      "truth": {
        "name": "wood_block",
        "x": 0.11997213039514783,
        "y": 0.00036451681540443495,
        "z": 0.774886438189061,
        "qx": -0.0013974725826489467,
        "qy": 0.00010537478387295763,
        "qz": -0.0054582427184080165,
        "qw": 0.9999841216504203,
        "source_topic": "/world/robot_world/dynamic_pose/info"
      },
      "delta": {
        "dx": -2.7785317493159156e-05,
        "dy": 0.00036450540475894543,
        "dz": 0.0004020216645247432,
        "abs_xy": 0.00036556287279574534
      },
      "clamped_at_step": false,
      "success_at_step": false
    }
  ],
  "actual_r_joint_after_lift": 0.7499999992734333,
  "truth_after": {
    "name": "wood_block",
    "x": 0.11997213039514783,
    "y": 0.00036451681540443495,
    "z": 0.774886438189061,
    "qx": -0.0013974725826489467,
    "qy": 0.00010537478387295763,
    "qz": -0.0054582427184080165,
    "qw": 0.9999841216504203,
    "source_topic": "/world/robot_world/dynamic_pose/info"
  },
  "delta_final": {
    "dx": -2.7785317493159156e-05,
    "dy": 0.00036450540475894543,
    "dz": 0.0004020216645247432,
    "abs_xy": 0.00036556287279574534
  },
  "t_end": 1778638991.0015445,
  "duration_s": 129.26012015342712
}