{
  "trial_id": "step7_bigproxy_y0_c080",
  "mode": "hold_close_multilift_probe",
  "params": {
    "trial_id": "step7_bigproxy_y0_c080",
    "skip_home": false,
    "pre_z_base": 0.22,
    "down_z_base": 0.02,
    "lift_seq": "0.035,0.045,0.060,0.090",
    "x_offset": 0.0,
    "y_offset": 0.0,
    "close_seq": "1.2,1.1,1.0,0.95,0.90,0.80",
    "gripper_step_dt": 0.8,
    "gripper_hold_s": 45.0,
    "wait_before_lift": 4.0,
    "down_duration": 3.0,
    "lift_duration": 2.5,
    "hold_after_each_lift": 0.8,
    "clamp_dz": 0.012,
    "success_dz": 0.035,
    "max_clamp_xy": 0.035
  },
  "close_values": [
    1.2,
    1.1,
    1.0,
    0.95,
    0.9,
    0.8
  ],
  "lift_zs": [
    0.035,
    0.045,
    0.06,
    0.09
  ],
  "success": false,
  "clamped": false,
  "failure_type": "partial_contact_not_clamped",
  "diagnosis": "object moved slightly but did not reach clamp threshold; tune close endpoint and x/y offset",
  "t_start": 1778653625.2606573,
  "stage": "done",
  "truth_before": {
    "name": "wood_block",
    "x": 0.12000118043319355,
    "y": -7.30697837207235e-07,
    "z": 0.774480075572502,
    "qx": 8.812740596610708e-06,
    "qy": 1.4238058109480667e-05,
    "qz": 1.807059751668153e-07,
    "qw": 0.9999999998597903,
    "source_topic": "/world/robot_world/dynamic_pose/info"
  },
  "target_world_xyz": [
    0.12000118043319355,
    -7.30697837207235e-07,
    0.774480075572502
  ],
  "target_base_xy": [
    0.3200011804331936,
    -7.30697837207235e-07
  ],
  "waypoints_base": {
    "pregrasp": [
      0.3200011804331936,
      -7.30697837207235e-07,
      0.22
    ],
    "down": [
      0.3200011804331936,
      -7.30697837207235e-07,
      0.02
    ],
    "lift_1": [
      0.3200011804331936,
      -7.30697837207235e-07,
      0.035
    ],
    "lift_2": [
      0.3200011804331936,
      -7.30697837207235e-07,
      0.045
    ],
    "lift_3": [
      0.3200011804331936,
      -7.30697837207235e-07,
      0.06
    ],
    "lift_4": [
      0.3200011804331936,
      -7.30697837207235e-07,
      0.09
    ]
  },
  "q_targets": {
    "pregrasp": [
      0.00013127116779261994,
      -0.40364813156145585,
      -0.836534443574453,
      -0.5854602243979462,
      0.029404465267176036
    ],
    "down": [
      0.00019099179194275438,
      -0.8770838585115608,
      -1.008895111553524,
      -0.5796063992564011,
      0.029405699399382455
    ],
    "lift_1": [
      0.00014206037812427558,
      -0.8193222404501881,
      -1.0152401941343623,
      -0.6033206524790424,
      0.029395523404164854
    ],
    "lift_2": [
      0.0001756224227372921,
      -0.7825239801152954,
      -1.0175238790296537,
      -0.6173031889446797,
      0.029389188872874544
    ],
    "lift_3": [
      0.0001319073955915871,
      -0.7300307119307984,
      -1.0181293207901827,
      -0.6352234538710676,
      0.029381554827458103
    ],
    "lift_4": [
      0.0001837314905099604,
      -0.6350022103304975,
      -1.0098214759019442,
      -0.659946546554673,
      0.029370470031266138
    ]
  },
  "truth_after_down": {
    "name": "wood_block",
    "x": 0.11865516110143244,
    "y": 0.0001891797174657614,
    "z": 0.7753781784787839,
    "qx": -0.006114366570795364,
    "qy": -0.015350825211977276,
    "qz": -0.006089373872998703,
    "qw": 0.9998449310831076,
    "source_topic": "/world/robot_world/dynamic_pose/info"
  },
  "delta_after_down": {
    "dx": -0.0013460193317611086,
    "dy": 0.00018991041530296864,
    "dz": 0.0008981029062818946,
    "abs_xy": 0.0013593505829311168
  },
  "actual_r_joint_before_lift": 1.2427778011543769,
  "truth_after_hold_close": {
    "name": "wood_block",
    "x": 0.119320471425288,
    "y": -0.00012754331110666689,
    "z": 0.7747040900255909,
    "qx": -7.694841525341075e-05,
    "qy": -0.0008556007049654936,
    "qz": -0.010365046998886617,
    "qw": 0.9999459124508114,
    "source_topic": "/world/robot_world/dynamic_pose/info"
  },
  "delta_after_hold_close": {
    "dx": -0.0006807090079055528,
    "dy": -0.00012681261326945965,
    "dz": 0.00022401445308894985,
    "abs_xy": 0.0006924205314171377
  },
  "lift_results": [
    {
      "name": "lift_1",
      "target_z_base": 0.035,
      "actual_r_joint": 0.8636233182913561,
      "truth": {
        "name": "wood_block",
        "x": 0.12046284093745183,
        "y": -0.0010024876881377747,
        "z": 0.7763355639176078,
        "qx": 0.0033519451538398313,
        "qy": 0.031231839679076164,
        "qz": 0.003693022262109232,
        "qw": 0.9994997239822119,
        "source_topic": "/world/robot_world/dynamic_pose/info"
      },
      "delta": {
        "dx": 0.00046166050425827665,
        "dy": -0.0010017569903005674,
        "dz": 0.001855488345105849,
        "abs_xy": 0.0011030174471911391
      },
      "clamped_at_step": false,
      "success_at_step": false
    },
    {
      "name": "lift_2",
      "target_z_base": 0.045,
      "actual_r_joint": 0.8000007183175718,
      "truth": {
        "name": "wood_block",
        "x": 0.11917264476812066,
        "y": -0.0016338267856625872,
        "z": 0.7774457731476204,
        "qx": -0.0025474881531754767,
        "qy": 0.07039884719056026,
        "qz": 0.015343617626739484,
        "qw": 0.997397656913467,
        "source_topic": "/world/robot_world/dynamic_pose/info"
      },
      "delta": {
        "dx": -0.0008285356650728909,
        "dy": -0.00163309608782538,
        "dz": 0.0029656975751184422,
        "abs_xy": 0.0018312493495885095
      },
      "clamped_at_step": false,
      "success_at_step": false
    },
    {
      "name": "lift_3",
      "target_z_base": 0.06,
      "actual_r_joint": 0.7999999991003648,
      "truth": {
        "name": "wood_block",
        "x": 0.1157255170726262,
        "y": -0.0023853097397884978,
        "z": 0.7750520294814278,
        "qx": 0.00398485093808956,
        "qy": 0.023258207084853908,
        "qz": 0.022821195245858572,
        "qw": 0.999461039667755,
        "source_topic": "/world/robot_world/dynamic_pose/info"
      },
      "delta": {
        "dx": -0.004275663360567353,
        "dy": -0.0023845790419512905,
        "dz": 0.0005719539089258374,
        "abs_xy": 0.00489566281316549
      },
      "clamped_at_step": false,
      "success_at_step": false
    },
    {
      "name": "lift_4",
      "target_z_base": 0.09,
      "actual_r_joint": 0.7999999991598468,
      "truth": {
        "name": "wood_block",
        "x": 0.11456689696319562,
        "y": -0.0019465989444355123,
        "z": 0.77454933790192,
        "qx": -0.006992801546213704,
        "qy": 0.0017939093383324731,
        "qz": 0.025132413361477854,
        "qw": 0.9996580637470239,
        "source_topic": "/world/robot_world/dynamic_pose/info"
      },
      "delta": {
        "dx": -0.0054342834699979276,
        "dy": -0.001945868246598305,
        "dz": 6.926232941806276e-05,
        "abs_xy": 0.005772160779587855
      },
      "clamped_at_step": false,
      "success_at_step": false
    }
  ],
  "actual_r_joint_after_lift": 0.7999999991598468,
  "truth_after": {
    "name": "wood_block",
    "x": 0.11456689696319562,
    "y": -0.0019465989444355123,
    "z": 0.77454933790192,
    "qx": -0.006992801546213704,
    "qy": 0.0017939093383324731,
    "qz": 0.025132413361477854,
    "qw": 0.9996580637470239,
    "source_topic": "/world/robot_world/dynamic_pose/info"
  },
  "delta_final": {
    "dx": -0.0054342834699979276,
    "dy": -0.001945868246598305,
    "dz": 6.926232941806276e-05,
    "abs_xy": 0.005772160779587855
  },
  "t_end": 1778653760.2457418,
  "duration_s": 134.9850845336914
}