{
  "trial_id": "step7_z_0084_seq1",
  "use_truth": true,
  "success": false,
  "failure_type": "grasp_no_lift",
  "t_start": 1778550779.1401293,
  "stage": "done",
  "truth_before": {
    "name": "wood_block",
    "x": 0.12,
    "y": -1.7090301932852196e-18,
    "z": 0.7746019816841753,
    "qx": 1.8873399696516637e-17,
    "qy": -1.277143908859795e-16,
    "qz": -2.865731145098149e-17,
    "qw": 1.0,
    "source_topic": "/world/robot_world/dynamic_pose/info"
  },
  "target_source": "gazebo_truth",
  "perception": null,
  "target_world_xyz": [
    0.12,
    -1.7090301932852196e-18,
    0.7746019816841753
  ],
  "target_base_xy": [
    0.32,
    -1.7090301932852196e-18
  ],
  "waypoints_base": {
    "pregrasp": [
      0.32,
      -1.7090301932852196e-18,
      0.22
    ],
    "down": [
      0.32,
      -1.7090301932852196e-18,
      0.084
    ],
    "lift": [
      0.32,
      -1.7090301932852196e-18,
      0.26
    ]
  },
  "q_targets": {
    "pregrasp": [
      -0.0002791714469786927,
      -0.4066888744380294,
      -0.8282367378282525,
      -0.5942989726645067,
      -0.05108247363324546
    ],
    "down": [
      -0.00029860270180520355,
      -0.6573917772887938,
      -1.0008832132083545,
      -0.6688348625027193,
      -0.05104308961070778
    ],
    "lift": [
      -0.00029291237142766395,
      -0.4082107014259714,
      -0.7265226712367266,
      -0.5034718700350739,
      -0.0511296131412851
    ]
  },
  "close_sequence": [
    0.6,
    0.4,
    0.2,
    0.0
  ],
  "truth_after": {
    "name": "wood_block",
    "x": 0.12,
    "y": 1.2280886764818449e-17,
    "z": 0.7749956925163773,
    "qx": 8.878219709212828e-17,
    "qy": -1.6766414794725565e-16,
    "qz": 1.0574051862807872e-16,
    "qw": 1.0,
    "source_topic": "/world/robot_world/dynamic_pose/info"
  },
  "t_end": 1778550873.4836767,
  "duration_s": 94.34354734420776
}