{
  "trial_id": "step7_probe_z_0040",
  "use_truth": true,
  "success": false,
  "failure_type": "probe_no_contact",
  "t_start": 1778552999.8542948,
  "stage": "probe_done",
  "truth_before": {
    "name": "wood_block",
    "x": 0.12,
    "y": 9.593974712258275e-19,
    "z": 0.7744470116546928,
    "qx": 3.462372387379354e-17,
    "qy": -1.2999573282277737e-16,
    "qz": 1.0148253880160618e-16,
    "qw": 1.0,
    "source_topic": "/world/robot_world/dynamic_pose/info"
  },
  "target_source": "gazebo_truth",
  "perception": null,
  "target_world_xyz": [
    0.12,
    9.593974712258275e-19,
    0.7744470116546928
  ],
  "target_base_xy": [
    0.32,
    9.593974712258275e-19
  ],
  "waypoints_base": {
    "pregrasp": [
      0.32,
      9.593974712258275e-19,
      0.22
    ],
    "down": [
      0.32,
      9.593974712258275e-19,
      0.04
    ],
    "lift": [
      0.32,
      9.593974712258275e-19,
      0.26
    ]
  },
  "q_targets": {
    "pregrasp": [
      -7.0550831372431e-05,
      -0.41756533815019814,
      -0.7988100831306583,
      -0.6252848250395788,
      -0.01568874459913953
    ],
    "down": [
      -0.0001085639503746396,
      -0.8147772209495535,
      -0.9791835278358706,
      -0.6518638129875403,
      -0.015685842320030546
    ],
    "lift": [
      -5.9572101364150504e-05,
      -0.41749256749428787,
      -0.6998208794783257,
      -0.5319404108193121,
      -0.015697655909237485
    ]
  },
  "truth_after_down": {
    "name": "wood_block",
    "x": 0.12,
    "y": 9.656451342392233e-18,
    "z": 0.7749834086112631,
    "qx": 2.221278461512985e-17,
    "qy": -1.5628905119207665e-16,
    "qz": 2.2250332884548087e-16,
    "qw": 1.0,
    "source_topic": "/world/robot_world/dynamic_pose/info"
  },
  "truth_after": {
    "name": "wood_block",
    "x": 0.12,
    "y": 9.656451342392233e-18,
    "z": 0.7749834086112631,
    "qx": 2.221278461512985e-17,
    "qy": -1.5628905119207665e-16,
    "qz": 2.2250332884548087e-16,
    "qw": 1.0,
    "source_topic": "/world/robot_world/dynamic_pose/info"
  },
  "probe_motion": {
    "dx": 0.0,
    "dy": 8.697053871166405e-18,
    "dz": 0.000536396956570373,
    "abs_xy": 8.697053871166405e-18
  },
  "t_end": 1778553060.2387671,
  "duration_s": 60.384472370147705
}