{
  "trial_id": "step7_probe_z_0025",
  "use_truth": true,
  "success": false,
  "failure_type": "probe_no_contact",
  "t_start": 1778553183.7355075,
  "stage": "probe_done",
  "truth_before": {
    "name": "wood_block",
    "x": 0.12,
    "y": 5.395311972772814e-18,
    "z": 0.7745190801483817,
    "qx": 3.0018878279253366e-17,
    "qy": 1.1521267875849743e-16,
    "qz": 2.2117424764418524e-16,
    "qw": 1.0,
    "source_topic": "/world/robot_world/dynamic_pose/info"
  },
  "target_source": "gazebo_truth",
  "perception": null,
  "target_world_xyz": [
    0.12,
    5.395311972772814e-18,
    0.7745190801483817
  ],
  "target_base_xy": [
    0.32,
    5.395311972772814e-18
  ],
  "waypoints_base": {
    "pregrasp": [
      0.32,
      5.395311972772814e-18,
      0.22
    ],
    "down": [
      0.32,
      5.395311972772814e-18,
      0.025
    ],
    "lift": [
      0.32,
      5.395311972772814e-18,
      0.26
    ]
  },
  "q_targets": {
    "pregrasp": [
      0.00010787537594670178,
      -0.39798297853324827,
      -0.8523071570264058,
      -0.568368963875118,
      0.0195691108339834
    ],
    "down": [
      0.00013240201627921815,
      -0.8524753126313372,
      -1.025375050334278,
      -0.5719565272862291,
      0.019567072156964075
    ],
    "lift": [
      9.488536138260411e-05,
      -0.398871924579998,
      -0.7541406663193262,
      -0.47333419634824064,
      0.01960057103508962
    ]
  },
  "truth_after_down": {
    "name": "wood_block",
    "x": 0.12,
    "y": 3.0110055212534116e-17,
    "z": 0.774985505573364,
    "qx": -1.0204766746932508e-17,
    "qy": 1.0477271069936819e-16,
    "qz": 2.157820971275204e-16,
    "qw": 1.0,
    "source_topic": "/world/robot_world/dynamic_pose/info"
  },
  "truth_after": {
    "name": "wood_block",
    "x": 0.12,
    "y": 3.0110055212534116e-17,
    "z": 0.774985505573364,
    "qx": -1.0204766746932508e-17,
    "qy": 1.0477271069936819e-16,
    "qz": 2.157820971275204e-16,
    "qw": 1.0,
    "source_topic": "/world/robot_world/dynamic_pose/info"
  },
  "probe_motion": {
    "dx": 0.0,
    "dy": 2.4714743239761304e-17,
    "dz": 0.00046642542498231965,
    "abs_xy": 2.4714743239761304e-17
  },
  "t_end": 1778553244.1093297,
  "duration_s": 60.37382221221924
}