{
  "trial_id": "step7_yoff_m0030",
  "mode": "hold_close_multilift_probe",
  "params": {
    "trial_id": "step7_yoff_m0030",
    "skip_home": false,
    "pre_z_base": 0.22,
    "down_z_base": 0.02,
    "lift_seq": "0.035,0.045,0.060,0.090",
    "x_offset": 0.0,
    "y_offset": -0.03,
    "close_seq": "1.2,1.1,1.0,0.95,0.9,0.75",
    "gripper_step_dt": 0.8,
    "gripper_hold_s": 45.0,
    "wait_before_lift": 4.0,
    "down_duration": 3.0,
    "lift_duration": 2.5,
    "hold_after_each_lift": 0.8,
    "clamp_dz": 0.012,
    "success_dz": 0.035,
    "max_clamp_xy": 0.035
  },
  "close_values": [
    1.2,
    1.1,
    1.0,
    0.95,
    0.9,
    0.75
  ],
  "lift_zs": [
    0.035,
    0.045,
    0.06,
    0.09
  ],
  "success": false,
  "clamped": false,
  "failure_type": "partial_contact_not_clamped",
  "diagnosis": "object moved slightly but did not reach clamp threshold; tune close endpoint and x/y offset",
  "t_start": 1778637908.1587129,
  "stage": "done",
  "truth_before": {
    "name": "wood_block",
    "x": 0.12000001139139466,
    "y": 3.1305329228760754e-07,
    "z": 0.774468856131917,
    "qx": -3.9044356709897794e-06,
    "qy": 1.4207244151715794e-07,
    "qz": 3.957680215070489e-11,
    "qw": 0.9999999999923675,
    "source_topic": "/world/robot_world/dynamic_pose/info"
  },
  "target_world_xyz": [
    0.12000001139139466,
    3.1305329228760754e-07,
    0.774468856131917
  ],
  "target_base_xy": [
    0.32000001139139467,
    -0.02999968694670771
  ],
  "waypoints_base": {
    "pregrasp": [
      0.32000001139139467,
      -0.02999968694670771,
      0.22
    ],
    "down": [
      0.32000001139139467,
      -0.02999968694670771,
      0.02
    ],
    "lift_1": [
      0.32000001139139467,
      -0.02999968694670771,
      0.035
    ],
    "lift_2": [
      0.32000001139139467,
      -0.02999968694670771,
      0.045
    ],
    "lift_3": [
      0.32000001139139467,
      -0.02999968694670771,
      0.06
    ],
    "lift_4": [
      0.32000001139139467,
      -0.02999968694670771,
      0.09
    ]
  },
  "q_targets": {
    "pregrasp": [
      -0.09280764878615842,
      -0.42075441417447434,
      -0.8072947027762556,
      -0.6019422795337264,
      0.027412549188448487
    ],
    "down": [
      -0.09279324982794962,
      -0.8912924012660619,
      -0.9808712810489765,
      -0.5966569382453467,
      0.027413750017745445
    ],
    "lift_1": [
      -0.09284292490839123,
      -0.8339520881637893,
      -0.9868874513060661,
      -0.6206520997732733,
      0.027404016987557633
    ],
    "lift_2": [
      -0.09278422635565986,
      -0.7974707769941806,
      -0.9889288580512107,
      -0.6347342707488173,
      0.02739783212952153
    ],
    "lift_3": [
      -0.09282597693571419,
      -0.7454020779382762,
      -0.9892283210632641,
      -0.6528003971801298,
      0.0273905409615967
    ],
    "lift_4": [
      -0.09280845284308886,
      -0.6510666805785376,
      -0.9804673176159919,
      -0.6777717401542315,
      0.027380111255331595
    ]
  },
  "truth_after_down": {
    "name": "wood_block",
    "x": 0.11967512023042172,
    "y": 0.0005114718197356446,
    "z": 0.7748792490588228,
    "qx": -0.004016937287883297,
    "qy": -0.004276075997011701,
    "qz": -0.006143389847871104,
    "qw": 0.999963918424095,
    "source_topic": "/world/robot_world/dynamic_pose/info"
  },
  "delta_after_down": {
    "dx": -0.00032489116097293713,
    "dy": 0.000511158766443357,
    "dz": 0.00041039292690581153,
    "abs_xy": 0.0006056711574693295
  },
  "actual_r_joint_before_lift": 1.2352444648627718,
  "truth_after_hold_close": {
    "name": "wood_block",
    "x": 0.12005811767634257,
    "y": 0.00038676285947931386,
    "z": 0.7746814090254657,
    "qx": 0.0025961386704307565,
    "qy": -0.0006102022625996718,
    "qz": -0.010220546794229358,
    "qw": 0.9999442125140929,
    "source_topic": "/world/robot_world/dynamic_pose/info"
  },
  "delta_after_hold_close": {
    "dx": 5.81062849479147e-05,
    "dy": 0.00038644980618702623,
    "dz": 0.00021255289354871199,
    "abs_xy": 0.00039079379863610734
  },
  "lift_results": [
    {
      "name": "lift_1",
      "target_z_base": 0.035,
      "actual_r_joint": 0.8302720526328591,
      "truth": {
        "name": "wood_block",
        "x": 0.12056378499958179,
        "y": 0.0006657769284703611,
        "z": 0.7747934695182362,
        "qx": -0.003861019061751423,
        "qy": 0.005567600496747418,
        "qz": -0.009036213206507902,
        "qw": 0.9999362185696645,
        "source_topic": "/world/robot_world/dynamic_pose/info"
      },
      "delta": {
        "dx": 0.0005637736081871292,
        "dy": 0.0006654638751780735,
        "dz": 0.0003246133863192835,
        "abs_xy": 0.000872171342372216
      },
      "clamped_at_step": false,
      "success_at_step": false
    },
    {
      "name": "lift_2",
      "target_z_base": 0.045,
      "actual_r_joint": 0.7500012085252609,
      "truth": {
        "name": "wood_block",
        "x": 0.12006266361014707,
        "y": 0.0002560905765433262,
        "z": 0.7749729098742691,
        "qx": 0.0013792193046964938,
        "qy": -0.002766128425986705,
        "qz": -0.007406053764313375,
        "qw": 0.9999677978091498,
        "source_topic": "/world/robot_world/dynamic_pose/info"
      },
      "delta": {
        "dx": 6.265221875241533e-05,
        "dy": 0.0002557775232510386,
        "dz": 0.000504053742352184,
        "abs_xy": 0.0002633390246716883
      },
      "clamped_at_step": false,
      "success_at_step": false
    },
    {
      "name": "lift_3",
      "target_z_base": 0.06,
      "actual_r_joint": 0.7499999991677357,
      "truth": {
        "name": "wood_block",
        "x": 0.11997057730918459,
        "y": 0.00013306259353024018,
        "z": 0.7746956077649608,
        "qx": 0.0003126087966417018,
        "qy": 0.001089970722040549,
        "qz": -0.004458741593335392,
        "qw": 0.9999894168754833,
        "source_topic": "/world/robot_world/dynamic_pose/info"
      },
      "delta": {
        "dx": -2.9434082210066936e-05,
        "dy": 0.00013274954023795258,
        "dz": 0.0002267516330438646,
        "abs_xy": 0.0001359735475338375
      },
      "clamped_at_step": false,
      "success_at_step": false
    },
    {
      "name": "lift_4",
      "target_z_base": 0.09,
      "actual_r_joint": 0.7499999992062374,
      "truth": {
        "name": "wood_block",
        "x": 0.1199246285641665,
        "y": 0.00014646294194937436,
        "z": 0.7749492810612651,
        "qx": 4.870176315952281e-05,
        "qy": 0.00016980807376727012,
        "qz": -0.004458740174301664,
        "qw": 0.9999900441651479,
        "source_topic": "/world/robot_world/dynamic_pose/info"
      },
      "delta": {
        "dx": -7.538282722815981e-05,
        "dy": 0.00014614988865708676,
        "dz": 0.0004804249293481888,
        "abs_xy": 0.00016444561592024717
      },
      "clamped_at_step": false,
      "success_at_step": false
    }
  ],
  "actual_r_joint_after_lift": 0.7499999992062374,
  "truth_after": {
    "name": "wood_block",
    "x": 0.1199246285641665,
    "y": 0.00014646294194937436,
    "z": 0.7749492810612651,
    "qx": 4.870176315952281e-05,
    "qy": 0.00016980807376727012,
    "qz": -0.004458740174301664,
    "qw": 0.9999900441651479,
    "source_topic": "/world/robot_world/dynamic_pose/info"
  },
  "delta_final": {
    "dx": -7.538282722815981e-05,
    "dy": 0.00014614988865708676,
    "dz": 0.0004804249293481888,
    "abs_xy": 0.00016444561592024717
  },
  "t_end": 1778638045.648931,
  "duration_s": 137.49021816253662
}