{
  "trial_id": "step7_xoff_0030",
  "mode": "hold_close_multilift_probe",
  "params": {
    "trial_id": "step7_xoff_0030",
    "skip_home": false,
    "pre_z_base": 0.22,
    "down_z_base": 0.02,
    "lift_seq": "0.035,0.045,0.060,0.090",
    "x_offset": 0.03,
    "y_offset": 0.0,
    "close_seq": "1.2,1.1,1.0,0.95,0.9,0.75",
    "gripper_step_dt": 0.8,
    "gripper_hold_s": 45.0,
    "wait_before_lift": 4.0,
    "down_duration": 3.0,
    "lift_duration": 2.5,
    "hold_after_each_lift": 0.8,
    "clamp_dz": 0.012,
    "success_dz": 0.035,
    "max_clamp_xy": 0.035
  },
  "close_values": [
    1.2,
    1.1,
    1.0,
    0.95,
    0.9,
    0.75
  ],
  "lift_zs": [
    0.035,
    0.045,
    0.06,
    0.09
  ],
  "success": false,
  "clamped": false,
  "failure_type": "partial_contact_not_clamped",
  "diagnosis": "object moved slightly but did not reach clamp threshold; tune close endpoint and x/y offset",
  "t_start": 1778650381.8943255,
  "stage": "done",
  "truth_before": {
    "name": "wood_block",
    "x": 0.11999979690100152,
    "y": -6.943595768252028e-07,
    "z": 0.7745051324677128,
    "qx": 8.281541946683017e-06,
    "qy": -2.4221798685311575e-06,
    "qz": -6.872033500186769e-09,
    "qw": 0.9999999999627744,
    "source_topic": "/world/robot_world/dynamic_pose/info"
  },
  "target_world_xyz": [
    0.11999979690100152,
    -6.943595768252028e-07,
    0.7745051324677128
  ],
  "target_base_xy": [
    0.3499997969010016,
    -6.943595768252028e-07
  ],
  "waypoints_base": {
    "pregrasp": [
      0.3499997969010016,
      -6.943595768252028e-07,
      0.22
    ],
    "down": [
      0.3499997969010016,
      -6.943595768252028e-07,
      0.02
    ],
    "lift_1": [
      0.3499997969010016,
      -6.943595768252028e-07,
      0.035
    ],
    "lift_2": [
      0.3499997969010016,
      -6.943595768252028e-07,
      0.045
    ],
    "lift_3": [
      0.3499997969010016,
      -6.943595768252028e-07,
      0.06
    ],
    "lift_4": [
      0.3499997969010016,
      -6.943595768252028e-07,
      0.09
    ]
  },
  "q_targets": {
    "pregrasp": [
      1.9824548949790195e-05,
      -0.613994318029966,
      -0.6636907034329536,
      -0.4190738530690276,
      0.004348772424077614
    ],
    "down": [
      3.1577822203199384e-05,
      -1.038576820161621,
      -0.8289258373074528,
      -0.4431427258587763,
      0.004344880402195163
    ],
    "lift_1": [
      1.0546760358382512e-05,
      -0.9822752187623767,
      -0.8384750308901899,
      -0.4664726375739583,
      0.004341641084566324
    ],
    "lift_2": [
      4.24752978870898e-05,
      -0.9468530787720421,
      -0.8425379175275692,
      -0.47989150235077627,
      0.004339558231359277
    ],
    "lift_3": [
      1.861553666525104e-06,
      -0.8966629793292209,
      -0.8455522058464893,
      -0.49684599516121675,
      0.004337334118926157
    ],
    "lift_4": [
      4.4366926224886903e-05,
      -0.807316679093893,
      -0.8409689172154651,
      -0.519006822101318,
      0.004333977788964643
    ]
  },
  "truth_after_down": {
    "name": "wood_block",
    "x": 0.12025530480121235,
    "y": -2.7449812533452343e-05,
    "z": 0.774892163768442,
    "qx": 0.0014276517147303429,
    "qy": 0.0010355349343623829,
    "qz": -0.0008956685826334293,
    "qw": 0.9999980436259719,
    "source_topic": "/world/robot_world/dynamic_pose/info"
  },
  "delta_after_down": {
    "dx": 0.00025550790021083847,
    "dy": -2.675545295662714e-05,
    "dz": 0.00038703130072925696,
    "abs_xy": 0.00025690492664226213
  },
  "actual_r_joint_before_lift": 1.2506565926122306,
  "truth_after_hold_close": {
    "name": "wood_block",
    "x": 0.12063313595959756,
    "y": 7.061322236711688e-05,
    "z": 0.7747760969838837,
    "qx": 0.0007490525701323369,
    "qy": 0.0023401125717012004,
    "qz": -0.0022033180211118164,
    "qw": 0.9999945540767193,
    "source_topic": "/world/robot_world/dynamic_pose/info"
  },
  "delta_after_hold_close": {
    "dx": 0.0006333390585960413,
    "dy": 7.130758194394208e-05,
    "dz": 0.000270964516170924,
    "abs_xy": 0.0006373406737263925
  },
  "lift_results": [
    {
      "name": "lift_1",
      "target_z_base": 0.035,
      "actual_r_joint": 0.8666801660551042,
      "truth": {
        "name": "wood_block",
        "x": 0.11967659272392708,
        "y": -0.0011119759298268458,
        "z": 0.7765775454239684,
        "qx": 0.03507911579072644,
        "qy": 0.0020635265603523266,
        "qz": -0.00706866127487896,
        "qw": 0.9993574092992239,
        "source_topic": "/world/robot_world/dynamic_pose/info"
      },
      "delta": {
        "dx": -0.00032320417707443205,
        "dy": -0.0011112815702500206,
        "dz": 0.002072412956255598,
        "abs_xy": 0.0011573278137397857
      },
      "clamped_at_step": false,
      "success_at_step": false
    },
    {
      "name": "lift_2",
      "target_z_base": 0.045,
      "actual_r_joint": 0.750001773934072,
      "truth": {
        "name": "wood_block",
        "x": 0.11826925162683184,
        "y": 0.00220185865974686,
        "z": 0.774185346672545,
        "qx": 0.006908008323577222,
        "qy": -0.0043175740527740475,
        "qz": 0.016798581893560028,
        "qw": 0.9998257076219162,
        "source_topic": "/world/robot_world/dynamic_pose/info"
      },
      "delta": {
        "dx": -0.001730545274169673,
        "dy": 0.0022025530193236853,
        "dz": -0.00031978579516778183,
        "abs_xy": 0.002801075998412551
      },
      "clamped_at_step": false,
      "success_at_step": false
    },
    {
      "name": "lift_3",
      "target_z_base": 0.06,
      "actual_r_joint": 0.7499999993008656,
      "truth": {
        "name": "wood_block",
        "x": 0.1180193916437886,
        "y": 0.0026018830320147577,
        "z": 0.7748825122985662,
        "qx": -0.0024054351773666895,
        "qy": -0.001922204237109751,
        "qz": 0.0170574963019215,
        "qw": 0.9998497691315372,
        "source_topic": "/world/robot_world/dynamic_pose/info"
      },
      "delta": {
        "dx": -0.001980405257212922,
        "dy": 0.002602577391591583,
        "dz": 0.0003773798308533971,
        "abs_xy": 0.0032703843905602637
      },
      "clamped_at_step": false,
      "success_at_step": false
    },
    {
      "name": "lift_4",
      "target_z_base": 0.09,
      "actual_r_joint": 0.749999999337977,
      "truth": {
        "name": "wood_block",
        "x": 0.11810535993018254,
        "y": 0.002498925642201178,
        "z": 0.7749748097291718,
        "qx": -0.0003177875672492534,
        "qy": -0.0002387539532218949,
        "qz": 0.01705640632297273,
        "qw": 0.9998544499130648,
        "source_topic": "/world/robot_world/dynamic_pose/info"
      },
      "delta": {
        "dx": -0.00189443697081898,
        "dy": 0.0024996200017780032,
        "dz": 0.00046967726145896727,
        "abs_xy": 0.0031363978685260033
      },
      "clamped_at_step": false,
      "success_at_step": false
    }
  ],
  "actual_r_joint_after_lift": 0.749999999337977,
  "truth_after": {
    "name": "wood_block",
    "x": 0.11810535993018254,
    "y": 0.002498925642201178,
    "z": 0.7749748097291718,
    "qx": -0.0003177875672492534,
    "qy": -0.0002387539532218949,
    "qz": 0.01705640632297273,
    "qw": 0.9998544499130648,
    "source_topic": "/world/robot_world/dynamic_pose/info"
  },
  "delta_final": {
    "dx": -0.00189443697081898,
    "dy": 0.0024996200017780032,
    "dz": 0.00046967726145896727,
    "abs_xy": 0.0031363978685260033
  },
  "t_end": 1778650513.9318995,
  "duration_s": 132.03757405281067
}