{
  "trial_id": "step7_close_dir_0",
  "use_truth": true,
  "success": false,
  "failure_type": "unknown",
  "t_start": 1778563359.9599566,
  "params": {
    "pre_z_base": 0.22,
    "down_z_base": 0.02,
    "lift_z_base": 0.26,
    "x_offset": 0.0,
    "y_offset": 0.0,
    "close": 0.0,
    "close_seq": "1.0,0.8,0.6,0.4,0.2,0.0",
    "close_wait": 0.8,
    "gripper_close_duration": 1.2,
    "down_duration": 3.0,
    "lift_duration": 3.5
  },
  "stage": "close_3_0.4",
  "truth_before": {
    "name": "wood_block",
    "x": 0.12,
    "y": -4.4049034219956404e-18,
    "z": 0.7744524809465411,
    "qx": 2.1982507804261913e-17,
    "qy": -1.4920008952258914e-16,
    "qz": 1.4497159834287564e-16,
    "qw": 1.0,
    "source_topic": "/world/robot_world/dynamic_pose/info"
  },
  "target_source": "gazebo_truth",
  "perception": null,
  "target_world_xyz": [
    0.12,
    -4.4049034219956404e-18,
    0.7744524809465411
  ],
  "target_base_xy": [
    0.32,
    -4.4049034219956404e-18
  ],
  "waypoints_base": {
    "pregrasp": [
      0.32,
      -4.4049034219956404e-18,
      0.22
    ],
    "down": [
      0.32,
      -4.4049034219956404e-18,
      0.02
    ],
    "lift": [
      0.32,
      -4.4049034219956404e-18,
      0.26
    ]
  },
  "q_targets": {
    "pregrasp": [
      -0.00014191391451319198,
      -0.39396739159590316,
      -0.8636343913341924,
      -0.5559471997545987,
      -0.025501865080127015
    ],
    "down": [
      -0.00016682227512399776,
      -0.8683706166828038,
      -1.033642435484306,
      -0.5509820453854684,
      -0.025502292906339187
    ],
    "lift": [
      -0.00012796254011026545,
      -0.3948923338665046,
      -0.7662830410685326,
      -0.45971735507310846,
      -0.025522482490898814
    ]
  },
  "truth_after_down": {
    "name": "wood_block",
    "x": 0.12,
    "y": 2.2832057033152438e-18,
    "z": 0.7749823471792192,
    "qx": -7.843520352585002e-19,
    "qy": -8.313206822428105e-17,
    "qz": 1.5924090981980697e-16,
    "qw": 1.0,
    "source_topic": "/world/robot_world/dynamic_pose/info"
  },
  "close_sequence": [
    1.0,
    0.8,
    0.6,
    0.4,
    0.2,
    0.0
  ],
  "t_end": 1778564208.9974546,
  "duration_s": 849.0374979972839
}