{
  "trial_id": "step7_bigproxy_y0_c075",
  "mode": "hold_close_multilift_probe",
  "params": {
    "trial_id": "step7_bigproxy_y0_c075",
    "skip_home": false,
    "pre_z_base": 0.22,
    "down_z_base": 0.02,
    "lift_seq": "0.035,0.045,0.060,0.090",
    "x_offset": 0.0,
    "y_offset": 0.0,
    "close_seq": "1.2,1.1,1.0,0.95,0.90,0.75",
    "gripper_step_dt": 0.8,
    "gripper_hold_s": 45.0,
    "wait_before_lift": 4.0,
    "down_duration": 3.0,
    "lift_duration": 2.5,
    "hold_after_each_lift": 0.8,
    "clamp_dz": 0.012,
    "success_dz": 0.035,
    "max_clamp_xy": 0.035
  },
  "close_values": [
    1.2,
    1.1,
    1.0,
    0.95,
    0.9,
    0.75
  ],
  "lift_zs": [
    0.035,
    0.045,
    0.06,
    0.09
  ],
  "success": false,
  "clamped": false,
  "failure_type": "partial_contact_not_clamped",
  "diagnosis": "object moved slightly but did not reach clamp threshold; tune close endpoint and x/y offset",
  "t_start": 1778653761.044718,
  "stage": "done",
  "truth_before": {
    "name": "wood_block",
    "x": 0.11999964126472563,
    "y": -1.2656981307992514e-06,
    "z": 0.7744424473664169,
    "qx": 1.5694721853999324e-05,
    "qy": -4.449549282376463e-06,
    "qz": 5.142984054122535e-09,
    "qw": 0.9999999998669385,
    "source_topic": "/world/robot_world/dynamic_pose/info"
  },
  "target_world_xyz": [
    0.11999964126472563,
    -1.2656981307992514e-06,
    0.7744424473664169
  ],
  "target_base_xy": [
    0.31999964126472563,
    -1.2656981307992514e-06
  ],
  "waypoints_base": {
    "pregrasp": [
      0.31999964126472563,
      -1.2656981307992514e-06,
      0.22
    ],
    "down": [
      0.31999964126472563,
      -1.2656981307992514e-06,
      0.02
    ],
    "lift_1": [
      0.31999964126472563,
      -1.2656981307992514e-06,
      0.035
    ],
    "lift_2": [
      0.31999964126472563,
      -1.2656981307992514e-06,
      0.045
    ],
    "lift_3": [
      0.31999964126472563,
      -1.2656981307992514e-06,
      0.06
    ],
    "lift_4": [
      0.31999964126472563,
      -1.2656981307992514e-06,
      0.09
    ]
  },
  "q_targets": {
    "pregrasp": [
      -4.638092497768239e-05,
      -0.3904064265823251,
      -0.8737542038714179,
      -0.5448338090836484,
      -0.002470424524002818
    ],
    "down": [
      -6.05132055728965e-06,
      -0.8651509655431129,
      -1.0428560112444192,
      -0.5403197392253475,
      -0.0024705409094231455
    ],
    "lift_1": [
      -3.481512873319495e-05,
      -0.8067642181123149,
      -1.0500793650793174,
      -0.5635461839300168,
      -0.0024718555390354966
    ],
    "lift_2": [
      3.516284387461723e-06,
      -0.7696401944331701,
      -1.0528401365553743,
      -0.5771822703178405,
      -0.0024729287102004047
    ],
    "lift_3": [
      -4.543466300729737e-05,
      -0.7166744995777351,
      -1.0541320758869306,
      -0.5946823242774048,
      -0.002473769055781706
    ],
    "lift_4": [
      -6.783176352190635e-07,
      -0.620921109041284,
      -1.0469613561434155,
      -0.6187385149610228,
      -0.002475519617222344
    ]
  },
  "truth_after_down": {
    "name": "wood_block",
    "x": 0.11921764914026399,
    "y": 0.00029596664512188,
    "z": 0.7746377164934006,
    "qx": 0.0002947764566887065,
    "qy": -0.005905738953502591,
    "qz": -0.006972868720667014,
    "qw": 0.9999582063546746,
    "source_topic": "/world/robot_world/dynamic_pose/info"
  },
  "delta_after_down": {
    "dx": -0.0007819921244616446,
    "dy": 0.00029723234325267924,
    "dz": 0.00019526912698375476,
    "abs_xy": 0.0008365756084153511
  },
  "actual_r_joint_before_lift": 1.2467171968157393,
  "truth_after_hold_close": {
    "name": "wood_block",
    "x": 0.11953677671496966,
    "y": 0.0002478776875734512,
    "z": 0.7746116990501244,
    "qx": 0.003122369271680434,
    "qy": -0.0031816633800163144,
    "qz": -0.008908623650380561,
    "qw": 0.999950380895434,
    "source_topic": "/world/robot_world/dynamic_pose/info"
  },
  "delta_after_hold_close": {
    "dx": -0.00046286454975597024,
    "dy": 0.00024914338570425045,
    "dz": 0.00016925168370751642,
    "abs_xy": 0.0005256577004676845
  },
  "lift_results": [
    {
      "name": "lift_1",
      "target_z_base": 0.035,
      "actual_r_joint": 0.8603285459179593,
      "truth": {
        "name": "wood_block",
        "x": 0.11926098346566448,
        "y": -0.0018008956742620976,
        "z": 0.7763105665870107,
        "qx": 0.0036578225579328777,
        "qy": 0.025377705818560366,
        "qz": 0.03121428917834638,
        "qw": 0.9991837971727784,
        "source_topic": "/world/robot_world/dynamic_pose/info"
      },
      "delta": {
        "dx": -0.0007386577990611543,
        "dy": -0.0017996299761312983,
        "dz": 0.0018681192205938224,
        "abs_xy": 0.001945323467987832
      },
      "clamped_at_step": false,
      "success_at_step": false
    },
    {
      "name": "lift_2",
      "target_z_base": 0.045,
      "actual_r_joint": 0.7500015608799434,
      "truth": {
        "name": "wood_block",
        "x": 0.11673609102796323,
        "y": -0.001403080524388702,
        "z": 0.7765656519738057,
        "qx": 0.004876187676923859,
        "qy": 0.027514871999541245,
        "qz": 0.033031886689013655,
        "qw": 0.9990635861016817,
        "source_topic": "/world/robot_world/dynamic_pose/info"
      },
      "delta": {
        "dx": -0.0032635502367624053,
        "dy": -0.0014018148262579027,
        "dz": 0.0021232046073887956,
        "abs_xy": 0.0035518790738126803
      },
      "clamped_at_step": false,
      "success_at_step": false
    },
    {
      "name": "lift_3",
      "target_z_base": 0.06,
      "actual_r_joint": 0.7499999992112943,
      "truth": {
        "name": "wood_block",
        "x": 0.11648101588839838,
        "y": 0.0011609341723148624,
        "z": 0.7747019050288345,
        "qx": -0.006954493474807348,
        "qy": 0.0015741387965729462,
        "qz": 0.0017426171433214293,
        "qw": 0.9999730598336386,
        "source_topic": "/world/robot_world/dynamic_pose/info"
      },
      "delta": {
        "dx": -0.0035186253763272585,
        "dy": 0.0011621998704456618,
        "dz": 0.00025945766241763923,
        "abs_xy": 0.003705594834543849
      },
      "clamped_at_step": false,
      "success_at_step": false
    },
    {
      "name": "lift_4",
      "target_z_base": 0.09,
      "actual_r_joint": 0.7499999992557055,
      "truth": {
        "name": "wood_block",
        "x": 0.11635105782056342,
        "y": 0.0007320410070848774,
        "z": 0.774856711453845,
        "qx": 0.0011569504931983159,
        "qy": 0.0007298914532976229,
        "qz": 0.001979219205334337,
        "qw": 0.9999971057034915,
        "source_topic": "/world/robot_world/dynamic_pose/info"
      },
      "delta": {
        "dx": -0.003648583444162218,
        "dy": 0.0007333067052156766,
        "dz": 0.00041426408742817333,
        "abs_xy": 0.003721545360858699
      },
      "clamped_at_step": false,
      "success_at_step": false
    }
  ],
  "actual_r_joint_after_lift": 0.7499999992557055,
  "truth_after": {
    "name": "wood_block",
    "x": 0.11635105782056342,
    "y": 0.0007320410070848774,
    "z": 0.774856711453845,
    "qx": 0.0011569504931983159,
    "qy": 0.0007298914532976229,
    "qz": 0.001979219205334337,
    "qw": 0.9999971057034915,
    "source_topic": "/world/robot_world/dynamic_pose/info"
  },
  "delta_final": {
    "dx": -0.003648583444162218,
    "dy": 0.0007333067052156766,
    "dz": 0.00041426408742817333,
    "abs_xy": 0.003721545360858699
  },
  "t_end": 1778653899.8284433,
  "duration_s": 138.78372526168823
}