{
  "trial_id": "step7_close_0",
  "use_truth": true,
  "success": false,
  "failure_type": "grasp_no_lift",
  "t_start": 1778551294.901304,
  "stage": "done",
  "truth_before": {
    "name": "wood_block",
    "x": 0.12,
    "y": -6.2311786651774465e-18,
    "z": 0.7744686263836423,
    "qx": 3.5571243687931095e-17,
    "qy": -1.7415823349072496e-16,
    "qz": 1.4920704605760504e-16,
    "qw": 1.0,
    "source_topic": "/world/robot_world/dynamic_pose/info"
  },
  "target_source": "gazebo_truth",
  "perception": null,
  "target_world_xyz": [
    0.12,
    -6.2311786651774465e-18,
    0.7744686263836423
  ],
  "target_base_xy": [
    0.32,
    -6.2311786651774465e-18
  ],
  "waypoints_base": {
    "pregrasp": [
      0.32,
      -6.2311786651774465e-18,
      0.22
    ],
    "down": [
      0.32,
      -6.2311786651774465e-18,
      0.08
    ],
    "lift": [
      0.32,
      -6.2311786651774465e-18,
      0.26
    ]
  },
  "q_targets": {
    "pregrasp": [
      3.750576902711837e-05,
      -0.3946739500961191,
      -0.861602353798317,
      -0.5581928835198815,
      0.011659350342871532
    ],
    "down": [
      8.745929694640941e-05,
      -0.6570988804178071,
      -1.03516197999538,
      -0.6299369259973144,
      0.01164201818336425
    ],
    "lift": [
      4.3818944326747386e-05,
      -0.3975056533483292,
      -0.7584433809019164,
      -0.4683731403306385,
      0.011680328335943424
    ]
  },
  "close_sequence": [
    0.8,
    0.6,
    0.4,
    0.2
  ],
  "truth_after": {
    "name": "wood_block",
    "x": 0.12,
    "y": 2.0896547140302426e-18,
    "z": 0.7749956925160869,
    "qx": 6.2728337175355044e-18,
    "qy": -1.5518972870520255e-16,
    "qz": 2.235373404772907e-16,
    "qw": 1.0,
    "source_topic": "/world/robot_world/dynamic_pose/info"
  },
  "t_end": 1778551391.6826324,
  "duration_s": 96.78132843971252
}