{
  "trial_id": "step7_yoff_m0040",
  "mode": "hold_close_multilift_probe",
  "params": {
    "trial_id": "step7_yoff_m0040",
    "skip_home": false,
    "pre_z_base": 0.22,
    "down_z_base": 0.02,
    "lift_seq": "0.035,0.045,0.060,0.090",
    "x_offset": 0.0,
    "y_offset": -0.04,
    "close_seq": "1.2,1.1,1.0,0.95,0.9,0.75",
    "gripper_step_dt": 0.8,
    "gripper_hold_s": 45.0,
    "wait_before_lift": 4.0,
    "down_duration": 3.0,
    "lift_duration": 2.5,
    "hold_after_each_lift": 0.8,
    "clamp_dz": 0.012,
    "success_dz": 0.035,
    "max_clamp_xy": 0.035
  },
  "close_values": [
    1.2,
    1.1,
    1.0,
    0.95,
    0.9,
    0.75
  ],
  "lift_zs": [
    0.035,
    0.045,
    0.06,
    0.09
  ],
  "success": false,
  "clamped": false,
  "failure_type": "partial_contact_not_clamped",
  "diagnosis": "object moved slightly but did not reach clamp threshold; tune close endpoint and x/y offset",
  "t_start": 1778637751.2477784,
  "stage": "done",
  "truth_before": {
    "name": "wood_block",
    "x": 0.12,
    "y": 3.909915777330574e-18,
    "z": 0.7743828034454688,
    "qx": 3.045465645227023e-17,
    "qy": -1.3845202085729416e-16,
    "qz": 1.5134246390192313e-16,
    "qw": 1.0,
    "source_topic": "/world/robot_world/dynamic_pose/info"
  },
  "target_world_xyz": [
    0.12,
    3.909915777330574e-18,
    0.7743828034454688
  ],
  "target_base_xy": [
    0.32,
    -0.039999999999999994
  ],
  "waypoints_base": {
    "pregrasp": [
      0.32,
      -0.039999999999999994,
      0.22
    ],
    "down": [
      0.32,
      -0.039999999999999994,
      0.02
    ],
    "lift_1": [
      0.32,
      -0.039999999999999994,
      0.035
    ],
    "lift_2": [
      0.32,
      -0.039999999999999994,
      0.045
    ],
    "lift_3": [
      0.32,
      -0.039999999999999994,
      0.06
    ],
    "lift_4": [
      0.32,
      -0.039999999999999994,
      0.09
    ]
  },
  "q_targets": {
    "pregrasp": [
      -0.12395234852544304,
      -0.41578030226794194,
      -0.834817086344935,
      -0.5611287021719035,
      -0.0492493851103221
    ],
    "down": [
      -0.12397374240723726,
      -0.8858699534118665,
      -1.004986310275758,
      -0.5578962367889279,
      -0.04924974542373644
    ],
    "lift_1": [
      -0.12392679775810037,
      -0.8281408529022877,
      -1.0118082648780455,
      -0.5813744658956116,
      -0.049238508364960125
    ],
    "lift_2": [
      -0.12396135181750488,
      -0.7913875703977511,
      -1.0143701313343485,
      -0.5951927629366784,
      -0.04923156676524646
    ],
    "lift_3": [
      -0.12391492244399137,
      -0.738998134385061,
      -1.0153551503011211,
      -0.612871787048972,
      -0.04922318706717405
    ],
    "lift_4": [
      -0.12397134963364852,
      -0.6442873581109754,
      -1.0076877962948751,
      -0.6371475158897758,
      -0.04921109388380679
    ]
  },
  "truth_after_down": {
    "name": "wood_block",
    "x": 0.12011409268445106,
    "y": 0.0002457338337986524,
    "z": 0.7747895391622127,
    "qx": -0.0017823932247520394,
    "qy": -0.001719237000966538,
    "qz": -0.0031481645369366936,
    "qw": 0.9999919781471126,
    "source_topic": "/world/robot_world/dynamic_pose/info"
  },
  "delta_after_down": {
    "dx": 0.00011409268445106147,
    "dy": 0.0002457338337986485,
    "dz": 0.0004067357167438779,
    "abs_xy": 0.00027092851034660653
  },
  "actual_r_joint_before_lift": 1.3038486188346676,
  "truth_after_hold_close": {
    "name": "wood_block",
    "x": 0.12034875118623777,
    "y": 0.0003897404145277999,
    "z": 0.7746806885481479,
    "qx": -0.0012246382013579922,
    "qy": -0.0013966675142007162,
    "qz": -0.006588380789655941,
    "qw": 0.9999765711353946,
    "source_topic": "/world/robot_world/dynamic_pose/info"
  },
  "delta_after_hold_close": {
    "dx": 0.00034875118623776957,
    "dy": 0.000389740414527796,
    "dz": 0.0002978851026790297,
    "abs_xy": 0.0005229961573649942
  },
  "lift_results": [
    {
      "name": "lift_1",
      "target_z_base": 0.035,
      "actual_r_joint": 0.9209599394808192,
      "truth": {
        "name": "wood_block",
        "x": 0.12070131674302409,
        "y": -0.0003235358880091647,
        "z": 0.7738331462720361,
        "qx": 0.011869409661873918,
        "qy": 0.002145011117978475,
        "qz": -0.004654809544032351,
        "qw": 0.9999164209021127,
        "source_topic": "/world/robot_world/dynamic_pose/info"
      },
      "delta": {
        "dx": 0.0007013167430240941,
        "dy": -0.0003235358880091686,
        "dz": -0.0005496571734326938,
        "abs_xy": 0.0007723474897193649
      },
      "clamped_at_step": false,
      "success_at_step": false
    },
    {
      "name": "lift_2",
      "target_z_base": 0.045,
      "actual_r_joint": 0.7500145963525454,
      "truth": {
        "name": "wood_block",
        "x": 0.1206563901651142,
        "y": 0.0006124389987984843,
        "z": 0.774349143449914,
        "qx": -0.008186001886571979,
        "qy": 0.0014486177820509248,
        "qz": -0.002994019842883958,
        "qw": 0.9999609626004482,
        "source_topic": "/world/robot_world/dynamic_pose/info"
      },
      "delta": {
        "dx": 0.0006563901651142068,
        "dy": 0.0006124389987984804,
        "dz": -3.365999555482446e-05,
        "abs_xy": 0.0008977358052945982
      },
      "clamped_at_step": false,
      "success_at_step": false
    },
    {
      "name": "lift_3",
      "target_z_base": 0.06,
      "actual_r_joint": 0.7499999994110043,
      "truth": {
        "name": "wood_block",
        "x": 0.12037182540421182,
        "y": -0.00039150355772961474,
        "z": 0.7743823387696427,
        "qx": 0.010335398658941033,
        "qy": -0.0003887174155901703,
        "qz": -0.0012194907003276732,
        "qw": 0.9999457691673901,
        "source_topic": "/world/robot_world/dynamic_pose/info"
      },
      "delta": {
        "dx": 0.000371825404211823,
        "dy": -0.00039150355772961864,
        "dz": -4.6467582615061787e-07,
        "abs_xy": 0.0005399344098427461
      },
      "clamped_at_step": false,
      "success_at_step": false
    },
    {
      "name": "lift_4",
      "target_z_base": 0.09,
      "actual_r_joint": 0.749999999299907,
      "truth": {
        "name": "wood_block",
        "x": 0.1203884339486372,
        "y": 3.7481414663538446e-05,
        "z": 0.7748911336932756,
        "qx": 0.0017805691999038173,
        "qy": -6.696134077118828e-05,
        "qz": -0.001217604136500951,
        "qw": 0.9999976712621235,
        "source_topic": "/world/robot_world/dynamic_pose/info"
      },
      "delta": {
        "dx": 0.00038843394863720404,
        "dy": 3.7481414663534537e-05,
        "dz": 0.0005083302478067209,
        "abs_xy": 0.0003902381182035782
      },
      "clamped_at_step": false,
      "success_at_step": false
    }
  ],
  "actual_r_joint_after_lift": 0.749999999299907,
  "truth_after": {
    "name": "wood_block",
    "x": 0.1203884339486372,
    "y": 3.7481414663538446e-05,
    "z": 0.7748911336932756,
    "qx": 0.0017805691999038173,
    "qy": -6.696134077118828e-05,
    "qz": -0.001217604136500951,
    "qw": 0.9999976712621235,
    "source_topic": "/world/robot_world/dynamic_pose/info"
  },
  "delta_final": {
    "dx": 0.00038843394863720404,
    "dy": 3.7481414663534537e-05,
    "dz": 0.0005083302478067209,
    "abs_xy": 0.0003902381182035782
  },
  "t_end": 1778637907.3202806,
  "duration_s": 156.07250213623047
}