{
  "trial_id": "step7_bigproxy_y0_c085",
  "mode": "hold_close_multilift_probe",
  "params": {
    "trial_id": "step7_bigproxy_y0_c085",
    "skip_home": false,
    "pre_z_base": 0.22,
    "down_z_base": 0.02,
    "lift_seq": "0.035,0.045,0.060,0.090",
    "x_offset": 0.0,
    "y_offset": 0.0,
    "close_seq": "1.2,1.1,1.0,0.95,0.90,0.85",
    "gripper_step_dt": 0.8,
    "gripper_hold_s": 45.0,
    "wait_before_lift": 4.0,
    "down_duration": 3.0,
    "lift_duration": 2.5,
    "hold_after_each_lift": 0.8,
    "clamp_dz": 0.012,
    "success_dz": 0.035,
    "max_clamp_xy": 0.035
  },
  "close_values": [
    1.2,
    1.1,
    1.0,
    0.95,
    0.9,
    0.85
  ],
  "lift_zs": [
    0.035,
    0.045,
    0.06,
    0.09
  ],
  "success": false,
  "clamped": false,
  "failure_type": "partial_contact_not_clamped",
  "diagnosis": "object moved slightly but did not reach clamp threshold; tune close endpoint and x/y offset",
  "t_start": 1778653493.5351331,
  "stage": "done",
  "truth_before": {
    "name": "wood_block",
    "x": 0.11999999999998384,
    "y": -5.485458155644223e-15,
    "z": 0.7744791227116756,
    "qx": 6.819150750089469e-14,
    "qy": -2.0220373516512772e-13,
    "qz": 3.589484898914187e-17,
    "qw": 1.0,
    "source_topic": "/world/robot_world/dynamic_pose/info"
  },
  "target_world_xyz": [
    0.11999999999998384,
    -5.485458155644223e-15,
    0.7744791227116756
  ],
  "target_base_xy": [
    0.31999999999998385,
    -5.485458155644223e-15
  ],
  "waypoints_base": {
    "pregrasp": [
      0.31999999999998385,
      -5.485458155644223e-15,
      0.22
    ],
    "down": [
      0.31999999999998385,
      -5.485458155644223e-15,
      0.02
    ],
    "lift_1": [
      0.31999999999998385,
      -5.485458155644223e-15,
      0.035
    ],
    "lift_2": [
      0.31999999999998385,
      -5.485458155644223e-15,
      0.045
    ],
    "lift_3": [
      0.31999999999998385,
      -5.485458155644223e-15,
      0.06
    ],
    "lift_4": [
      0.31999999999998385,
      -5.485458155644223e-15,
      0.09
    ]
  },
  "q_targets": {
    "pregrasp": [
      -3.0395244349962515e-05,
      -0.38532903887194436,
      -0.8885314796461846,
      -0.5281537171080518,
      -0.004710381030250965
    ],
    "down": [
      -1.466505127247746e-05,
      -0.8606010201110333,
      -1.0562568601014763,
      -0.5244313055700027,
      -0.004710424047898964
    ],
    "lift_1": [
      -4.2526031714323854e-05,
      -0.8019464880264877,
      -1.0638467123852362,
      -0.5474575460074751,
      -0.004711121335476504
    ],
    "lift_2": [
      -5.177678972475036e-06,
      -0.7646799842489518,
      -1.066814199593368,
      -0.5609593041914317,
      -0.0047118235442715145
    ],
    "lift_3": [
      -5.331624785677073e-05,
      -0.7115240727239229,
      -1.0683876322441466,
      -0.5782787851481787,
      -0.004712199353860646
    ],
    "lift_4": [
      -8.823647475908148e-06,
      -0.6154820912121123,
      -1.0616779986570553,
      -0.6020403419368323,
      -0.004713305501404904
    ]
  },
  "truth_after_down": {
    "name": "wood_block",
    "x": 0.11946951925332013,
    "y": 0.00022014205623381545,
    "z": 0.7747176896492572,
    "qx": 0.000286062336586561,
    "qy": -0.005072726455275062,
    "qz": -0.0046855111632400906,
    "qw": 0.99997611551466,
    "source_topic": "/world/robot_world/dynamic_pose/info"
  },
  "delta_after_down": {
    "dx": -0.0005304807466637168,
    "dy": 0.00022014205623930092,
    "dz": 0.00023856693758161907,
    "abs_xy": 0.0005743451466724185
  },
  "actual_r_joint_before_lift": 1.25892794613447,
  "truth_after_hold_close": {
    "name": "wood_block",
    "x": 0.11972364508759648,
    "y": 0.00018432850043078496,
    "z": 0.7746392313360261,
    "qx": 0.003024889454843326,
    "qy": -0.002634204705881199,
    "qz": -0.007357793423985069,
    "qw": 0.9999648863261567,
    "source_topic": "/world/robot_world/dynamic_pose/info"
  },
  "delta_after_hold_close": {
    "dx": -0.00027635491238736654,
    "dy": 0.00018432850043627043,
    "dz": 0.00016010862435045237,
    "abs_xy": 0.00033218825035469447
  },
  "lift_results": [
    {
      "name": "lift_1",
      "target_z_base": 0.035,
      "actual_r_joint": 0.8883573611891004,
      "truth": {
        "name": "wood_block",
        "x": 0.1205161496746306,
        "y": -0.0008927488930756938,
        "z": 0.7763366343227575,
        "qx": 0.002142375810339199,
        "qy": 0.030588669280846432,
        "qz": 0.015184313304790047,
        "qw": 0.9994144186307181,
        "source_topic": "/world/robot_world/dynamic_pose/info"
      },
      "delta": {
        "dx": 0.0005161496746467625,
        "dy": -0.0008927488930702083,
        "dz": 0.0018575116110818302,
        "abs_xy": 0.001031218246888621
      },
      "clamped_at_step": false,
      "success_at_step": false
    },
    {
      "name": "lift_2",
      "target_z_base": 0.045,
      "actual_r_joint": 0.850000548203503,
      "truth": {
        "name": "wood_block",
        "x": 0.1190803320666798,
        "y": -0.0010838947877793708,
        "z": 0.7779548491033439,
        "qx": -0.0012860300705737477,
        "qy": 0.06640134770163664,
        "qz": 0.021326046857166013,
        "qw": 0.9975642369669785,
        "source_topic": "/world/robot_world/dynamic_pose/info"
      },
      "delta": {
        "dx": -0.0009196679333040442,
        "dy": -0.0010838947877738854,
        "dz": 0.0034757263916682657,
        "abs_xy": 0.001421484090136477
      },
      "clamped_at_step": false,
      "success_at_step": false
    },
    {
      "name": "lift_3",
      "target_z_base": 0.06,
      "actual_r_joint": 0.8499999991051908,
      "truth": {
        "name": "wood_block",
        "x": 0.11574433797093042,
        "y": -0.0006765448000317616,
        "z": 0.7771753139746425,
        "qx": 0.004070935810165581,
        "qy": 0.050975581972913506,
        "qz": 0.006798160596257601,
        "qw": 0.9986684647753026,
        "source_topic": "/world/robot_world/dynamic_pose/info"
      },
      "delta": {
        "dx": -0.00425566202905342,
        "dy": -0.0006765448000262762,
        "dz": 0.0026961912629668294,
        "abs_xy": 0.004309103406971068
      },
      "clamped_at_step": false,
      "success_at_step": false
    },
    {
      "name": "lift_4",
      "target_z_base": 0.09,
      "actual_r_joint": 0.8499999991739955,
      "truth": {
        "name": "wood_block",
        "x": 0.11177493022494656,
        "y": -0.0012019372572371378,
        "z": 0.7745459104894693,
        "qx": -0.0038599562387370127,
        "qy": -0.0066462328400214285,
        "qz": 0.024832357084723845,
        "qw": 0.9996620840906631,
        "source_topic": "/world/robot_world/dynamic_pose/info"
      },
      "delta": {
        "dx": -0.008225069775037286,
        "dy": -0.0012019372572316524,
        "dz": 6.67877777936754e-05,
        "abs_xy": 0.00831242599813998
      },
      "clamped_at_step": false,
      "success_at_step": false
    }
  ],
  "actual_r_joint_after_lift": 0.8499999991739955,
  "truth_after": {
    "name": "wood_block",
    "x": 0.11177493022494656,
    "y": -0.0012019372572371378,
    "z": 0.7745459104894693,
    "qx": -0.0038599562387370127,
    "qy": -0.0066462328400214285,
    "qz": 0.024832357084723845,
    "qw": 0.9996620840906631,
    "source_topic": "/world/robot_world/dynamic_pose/info"
  },
  "delta_final": {
    "dx": -0.008225069775037286,
    "dy": -0.0012019372572316524,
    "dz": 6.67877777936754e-05,
    "abs_xy": 0.00831242599813998
  },
  "t_end": 1778653624.304922,
  "duration_s": 130.769788980484
}