{
  "trial_id": "step7_lowz_grasp_001",
  "use_truth": true,
  "success": false,
  "failure_type": "grasp_no_lift",
  "t_start": 1778553476.3689644,
  "stage": "done",
  "truth_before": {
    "name": "wood_block",
    "x": 0.12,
    "y": 1.3855440747919593e-17,
    "z": 0.774621296143662,
    "qx": 1.8559041080362266e-17,
    "qy": -1.2514096839146299e-16,
    "qz": 8.451622975063875e-17,
    "qw": 1.0,
    "source_topic": "/world/robot_world/dynamic_pose/info"
  },
  "target_source": "gazebo_truth",
  "perception": null,
  "target_world_xyz": [
    0.12,
    1.3855440747919593e-17,
    0.774621296143662
  ],
  "target_base_xy": [
    0.32,
    1.3855440747919593e-17
  ],
  "waypoints_base": {
    "pregrasp": [
      0.32,
      1.3855440747919593e-17,
      0.22
    ],
    "down": [
      0.32,
      1.3855440747919593e-17,
      0.02
    ],
    "lift": [
      0.32,
      1.3855440747919593e-17,
      0.26
    ]
  },
  "q_targets": {
    "pregrasp": [
      0.00034149864003313904,
      -0.4018333899204337,
      -0.8415916562122048,
      -0.5799753411877552,
      0.05985154006692616
    ],
    "down": [
      0.0003566392802434538,
      -0.8754159144710267,
      -1.0135530926105591,
      -0.5743219187440424,
      0.05985419528464102
    ],
    "lift": [
      0.0003214220143397924,
      -0.4020331215749417,
      -0.7446621464159311,
      -0.4838221463603078,
      0.059930150818786436
    ]
  },
  "truth_after_down": {
    "name": "wood_block",
    "x": 0.12,
    "y": 1.4115941108075553e-17,
    "z": 0.7749875172379103,
    "qx": 5.04764938974361e-17,
    "qy": -1.168126822531847e-16,
    "qz": 1.516723535134535e-16,
    "qw": 1.0,
    "source_topic": "/world/robot_world/dynamic_pose/info"
  },
  "close_sequence": [
    0.8,
    0.6,
    0.4,
    0.2,
    0.0,
    -0.1
  ],
  "truth_after": {
    "name": "wood_block",
    "x": 0.12099351252891914,
    "y": 0.00010411452483016866,
    "z": 0.7748599360631522,
    "qx": 0.0008651042468094507,
    "qy": -0.001788801431789386,
    "qz": 0.005301085646791845,
    "qw": 0.9999839750091224,
    "source_topic": "/world/robot_world/dynamic_pose/info"
  },
  "t_end": 1778555507.528477,
  "duration_s": 2031.1595125198364
}