{
  "trial_id": "step7_yoff_m0020",
  "mode": "hold_close_multilift_probe",
  "params": {
    "trial_id": "step7_yoff_m0020",
    "skip_home": false,
    "pre_z_base": 0.22,
    "down_z_base": 0.02,
    "lift_seq": "0.035,0.045,0.060,0.090",
    "x_offset": 0.0,
    "y_offset": -0.02,
    "close_seq": "1.2,1.1,1.0,0.95,0.9,0.75",
    "gripper_step_dt": 0.8,
    "gripper_hold_s": 45.0,
    "wait_before_lift": 4.0,
    "down_duration": 3.0,
    "lift_duration": 2.5,
    "hold_after_each_lift": 0.8,
    "clamp_dz": 0.012,
    "success_dz": 0.035,
    "max_clamp_xy": 0.035
  },
  "close_values": [
    1.2,
    1.1,
    1.0,
    0.95,
    0.9,
    0.75
  ],
  "lift_zs": [
    0.035,
    0.045,
    0.06,
    0.09
  ],
  "success": false,
  "clamped": false,
  "failure_type": "partial_contact_not_clamped",
  "diagnosis": "object moved slightly but did not reach clamp threshold; tune close endpoint and x/y offset",
  "t_start": 1778638046.4452665,
  "stage": "done",
  "truth_before": {
    "name": "wood_block",
    "x": 0.11999996958738747,
    "y": 8.575912938640029e-09,
    "z": 0.7744415504897961,
    "qx": -1.0943988915590278e-07,
    "qy": -3.8810485012926486e-07,
    "qz": 1.3961223428679864e-12,
    "qw": 0.9999999999999187,
    "source_topic": "/world/robot_world/dynamic_pose/info"
  },
  "target_world_xyz": [
    0.11999996958738747,
    8.575912938640029e-09,
    0.7744415504897961
  ],
  "target_base_xy": [
    0.31999996958738747,
    -0.019999991424087062
  ],
  "waypoints_base": {
    "pregrasp": [
      0.31999996958738747,
      -0.019999991424087062,
      0.22
    ],
    "down": [
      0.31999996958738747,
      -0.019999991424087062,
      0.02
    ],
    "lift_1": [
      0.31999996958738747,
      -0.019999991424087062,
      0.035
    ],
    "lift_2": [
      0.31999996958738747,
      -0.019999991424087062,
      0.045
    ],
    "lift_3": [
      0.31999996958738747,
      -0.019999991424087062,
      0.06
    ],
    "lift_4": [
      0.31999996958738747,
      -0.019999991424087062,
      0.09
    ]
  },
  "q_targets": {
    "pregrasp": [
      -0.0620831443488715,
      -0.39415182796579257,
      -0.8714930971354582,
      -0.5405817580733429,
      0.0014726381358386028
    ],
    "down": [
      -0.06204697448119569,
      -0.8679897791328918,
      -1.0401620703733365,
      -0.5368090105484813,
      0.0014725801402997456
    ],
    "lift_1": [
      -0.0620970977329847,
      -0.8096421070420239,
      -1.0474701911380393,
      -0.5600011320371234,
      0.0014703031601182661
    ],
    "lift_2": [
      -0.062054633781727084,
      -0.7725680635230933,
      -1.0502578581789288,
      -0.5735860166078341,
      0.0014685804277405619
    ],
    "lift_3": [
      -0.06208505376317789,
      -0.7196317195559009,
      -1.0516325959657893,
      -0.5910655283584793,
      0.0014668283404854127
    ],
    "lift_4": [
      -0.06204419254185732,
      -0.6239960577432728,
      -1.0445677536995954,
      -0.6150347739710949,
      0.0014639946404172764
    ]
  },
  "truth_after_down": {
    "name": "wood_block",
    "x": 0.1192249314181359,
    "y": 0.0007601773955126074,
    "z": 0.7748095769538156,
    "qx": -0.007784422539972066,
    "qy": -0.009518898656796459,
    "qz": -0.007328602213008568,
    "qw": 0.9998975372125307,
    "source_topic": "/world/robot_world/dynamic_pose/info"
  },
  "delta_after_down": {
    "dx": -0.0007750381692515768,
    "dy": 0.0007601688195996687,
    "dz": 0.00036802646401945527,
    "abs_xy": 0.0010856061892271936
  },
  "actual_r_joint_before_lift": 1.242777801193476,
  "truth_after_hold_close": {
    "name": "wood_block",
    "x": 0.11953755753776427,
    "y": 0.0005527195677865529,
    "z": 0.7746289451111381,
    "qx": 0.000452643445947347,
    "qy": -0.0035433325219654268,
    "qz": -0.011159024244190494,
    "qw": 0.9999313556872128,
    "source_topic": "/world/robot_world/dynamic_pose/info"
  },
  "delta_after_hold_close": {
    "dx": -0.0004624120496232037,
    "dy": 0.0005527109918736143,
    "dz": 0.00018739462134198526,
    "abs_xy": 0.0007206346814958649
  },
  "lift_results": [
    {
      "name": "lift_1",
      "target_z_base": 0.035,
      "actual_r_joint": 0.8438946963870274,
      "truth": {
        "name": "wood_block",
        "x": 0.11906301734380935,
        "y": 0.0005433592483875633,
        "z": 0.7733361808587619,
        "qx": -0.015684720449323154,
        "qy": -0.00537315219295187,
        "qz": 0.006278787470950927,
        "qw": 0.999842835453569,
        "source_topic": "/world/robot_world/dynamic_pose/info"
      },
      "delta": {
        "dx": -0.0009369522435781208,
        "dy": 0.0005433506724746247,
        "dz": -0.0011053696310342476,
        "abs_xy": 0.001083101777315826
      },
      "clamped_at_step": false,
      "success_at_step": false
    },
    {
      "name": "lift_2",
      "target_z_base": 0.045,
      "actual_r_joint": 0.7500009955078821,
      "truth": {
        "name": "wood_block",
        "x": 0.11920656953772835,
        "y": -0.0002834779751661782,
        "z": 0.7748250235225371,
        "qx": -0.0017876365704397746,
        "qy": 0.0006698998077563284,
        "qz": 0.009197737378836973,
        "qw": 0.9999558776350332,
        "source_topic": "/world/robot_world/dynamic_pose/info"
      },
      "delta": {
        "dx": -0.0007934000496591237,
        "dy": -0.00028348655107911686,
        "dz": 0.00038347303274099964,
        "abs_xy": 0.0008425249334244255
      },
      "clamped_at_step": false,
      "success_at_step": false
    },
    {
      "name": "lift_3",
      "target_z_base": 0.06,
      "actual_r_joint": 0.749999999207329,
      "truth": {
        "name": "wood_block",
        "x": 0.11947679478610627,
        "y": 0.00021942339855420134,
        "z": 0.7740790048533993,
        "qx": -0.002261467014245963,
        "qy": -0.00041143870436724343,
        "qz": 0.022543067214550145,
        "qw": 0.9997432303375184,
        "source_topic": "/world/robot_world/dynamic_pose/info"
      },
      "delta": {
        "dx": -0.0005231748012811954,
        "dy": 0.0002194148226412627,
        "dz": -0.00036254563639681603,
        "abs_xy": 0.0005673224278047846
      },
      "clamped_at_step": false,
      "success_at_step": false
    },
    {
      "name": "lift_4",
      "target_z_base": 0.09,
      "actual_r_joint": 0.749999999254844,
      "truth": {
        "name": "wood_block",
        "x": 0.11949634521683795,
        "y": 0.0001242072488669612,
        "z": 0.7748546817218779,
        "qx": -0.0003487961497981547,
        "qy": -6.34579474757204e-05,
        "qz": 0.02254303793133018,
        "qw": 0.999745810571448,
        "source_topic": "/world/robot_world/dynamic_pose/info"
      },
      "delta": {
        "dx": -0.0005036243705495158,
        "dy": 0.00012419867295402256,
        "dz": 0.00041313123208175373,
        "abs_xy": 0.0005187126535712584
      },
      "clamped_at_step": false,
      "success_at_step": false
    }
  ],
  "actual_r_joint_after_lift": 0.749999999254844,
  "truth_after": {
    "name": "wood_block",
    "x": 0.11949634521683795,
    "y": 0.0001242072488669612,
    "z": 0.7748546817218779,
    "qx": -0.0003487961497981547,
    "qy": -6.34579474757204e-05,
    "qz": 0.02254303793133018,
    "qw": 0.999745810571448,
    "source_topic": "/world/robot_world/dynamic_pose/info"
  },
  "delta_final": {
    "dx": -0.0005036243705495158,
    "dy": 0.00012419867295402256,
    "dz": 0.00041313123208175373,
    "abs_xy": 0.0005187126535712584
  },
  "t_end": 1778638180.4454875,
  "duration_s": 134.00022101402283
}