{
  "trial_id": "step7_probe_z_0045",
  "use_truth": true,
  "success": false,
  "failure_type": "probe_no_contact",
  "t_start": 1778552937.109402,
  "stage": "probe_done",
  "truth_before": {
    "name": "wood_block",
    "x": 0.12,
    "y": -1.277381142383101e-17,
    "z": 0.7745332501956144,
    "qx": 8.278036044807252e-17,
    "qy": -1.4828127337211345e-16,
    "qz": -2.864356397861903e-17,
    "qw": 1.0,
    "source_topic": "/world/robot_world/dynamic_pose/info"
  },
  "target_source": "gazebo_truth",
  "perception": null,
  "target_world_xyz": [
    0.12,
    -1.277381142383101e-17,
    0.7745332501956144
  ],
  "target_base_xy": [
    0.32,
    -1.277381142383101e-17
  ],
  "waypoints_base": {
    "pregrasp": [
      0.32,
      -1.277381142383101e-17,
      0.22
    ],
    "down": [
      0.32,
      -1.277381142383101e-17,
      0.045
    ],
    "lift": [
      0.32,
      -1.277381142383101e-17,
      0.26
    ]
  },
  "q_targets": {
    "pregrasp": [
      2.9087937846979853e-05,
      -0.39853506264961386,
      -0.8507510562742642,
      -0.5700954517934341,
      0.005229065769369809
    ],
    "down": [
      3.930172282705714e-05,
      -0.7783832933875464,
      -1.0287304502741899,
      -0.6046943955207194,
      0.005223308377375948
    ],
    "lift": [
      1.248669907392547e-05,
      -0.4003169644066206,
      -0.7497687008273602,
      -0.4782057001290583,
      0.005243589216699481
    ]
  },
  "truth_after_down": {
    "name": "wood_block",
    "x": 0.12,
    "y": 8.820253058726908e-19,
    "z": 0.7749855056344398,
    "qx": -5.256441112984576e-18,
    "qy": -1.2730415528250224e-16,
    "qz": 1.0449742030222466e-17,
    "qw": 1.0,
    "source_topic": "/world/robot_world/dynamic_pose/info"
  },
  "truth_after": {
    "name": "wood_block",
    "x": 0.12,
    "y": 8.820253058726908e-19,
    "z": 0.7749855056344398,
    "qx": -5.256441112984576e-18,
    "qy": -1.2730415528250224e-16,
    "qz": 1.0449742030222466e-17,
    "qw": 1.0,
    "source_topic": "/world/robot_world/dynamic_pose/info"
  },
  "probe_motion": {
    "dx": 0.0,
    "dy": 1.3655836729703701e-17,
    "dz": 0.00045225543882543295,
    "abs_xy": 1.3655836729703701e-17
  },
  "t_end": 1778552999.0395775,
  "duration_s": 61.93017554283142
}