{
  "trial_id": "step7_close_3",
  "use_truth": true,
  "success": false,
  "failure_type": "grasp_no_lift",
  "t_start": 1778551586.734736,
  "stage": "done",
  "truth_before": {
    "name": "wood_block",
    "x": 0.12,
    "y": 6.403048600692123e-18,
    "z": 0.7744524813975546,
    "qx": 3.125631154131522e-16,
    "qy": -1.8230910574767666e-16,
    "qz": 1.8390592724109813e-16,
    "qw": 1.0,
    "source_topic": "/world/robot_world/dynamic_pose/info"
  },
  "target_source": "gazebo_truth",
  "perception": null,
  "target_world_xyz": [
    0.12,
    6.403048600692123e-18,
    0.7744524813975546
  ],
  "target_base_xy": [
    0.32,
    6.403048600692123e-18
  ],
  "waypoints_base": {
    "pregrasp": [
      0.32,
      6.403048600692123e-18,
      0.22
    ],
    "down": [
      0.32,
      6.403048600692123e-18,
      0.08
    ],
    "lift": [
      0.32,
      6.403048600692123e-18,
      0.26
    ]
  },
  "q_targets": {
    "pregrasp": [
      -0.0001379058433641819,
      -0.3966977185972825,
      -0.8559179003794312,
      -0.5644175068610741,
      -0.025541505371953266
    ],
    "down": [
      -0.0001512143930274299,
      -0.6592259753812827,
      -1.029567417083611,
      -0.6361108018874668,
      -0.025525932739232895
    ],
    "lift": [
      -0.00013961879787654686,
      -0.39929823116353264,
      -0.7530107385255768,
      -0.4744251645108238,
      -0.025560667321449793
    ]
  },
  "close_sequence": [
    0.6,
    0.3,
    0.1,
    -0.1
  ],
  "truth_after": {
    "name": "wood_block",
    "x": 0.12,
    "y": 4.51506684090048e-17,
    "z": 0.7749956925164087,
    "qx": -1.5915580170055906e-17,
    "qy": -1.1600261851132292e-16,
    "qz": 2.31064640717865e-16,
    "qw": 1.0,
    "source_topic": "/world/robot_world/dynamic_pose/info"
  },
  "t_end": 1778551680.581994,
  "duration_s": 93.8472580909729
}