{
  "trial_id": "step7_probe_z_0030",
  "use_truth": true,
  "success": false,
  "failure_type": "probe_no_contact",
  "t_start": 1778553121.3964486,
  "stage": "probe_done",
  "truth_before": {
    "name": "wood_block",
    "x": 0.12,
    "y": 2.7791820573361525e-18,
    "z": 0.7745093968043647,
    "qx": 2.8798421296070286e-17,
    "qy": 9.595902618124934e-17,
    "qz": 1.579363634676493e-16,
    "qw": 1.0,
    "source_topic": "/world/robot_world/dynamic_pose/info"
  },
  "target_source": "gazebo_truth",
  "perception": null,
  "target_world_xyz": [
    0.12,
    2.7791820573361525e-18,
    0.7745093968043647
  ],
  "target_base_xy": [
    0.32,
    2.7791820573361525e-18
  ],
  "waypoints_base": {
    "pregrasp": [
      0.32,
      2.7791820573361525e-18,
      0.22
    ],
    "down": [
      0.32,
      2.7791820573361525e-18,
      0.03
    ],
    "lift": [
      0.32,
      2.7791820573361525e-18,
      0.26
    ]
  },
  "q_targets": {
    "pregrasp": [
      -6.256380706481414e-05,
      -0.4050109347872753,
      -0.8327866509755382,
      -0.5894638342713007,
      -0.011361830277023012
    ],
    "down": [
      -6.66998745712968e-05,
      -0.8398834059614328,
      -1.008958521264852,
      -0.6009632555215361,
      -0.011361233143429125
    ],
    "lift": [
      -5.517331358462675e-05,
      -0.40559281259882374,
      -0.7341666355347584,
      -0.4952309005066005,
      -0.011365904709638714
    ]
  },
  "truth_after_down": {
    "name": "wood_block",
    "x": 0.12,
    "y": 1.2504301627712527e-17,
    "z": 0.7749855056099985,
    "qx": 6.77167281995012e-18,
    "qy": -1.2321775850822943e-16,
    "qz": 1.5180605135112405e-16,
    "qw": 1.0,
    "source_topic": "/world/robot_world/dynamic_pose/info"
  },
  "truth_after": {
    "name": "wood_block",
    "x": 0.12,
    "y": 1.2504301627712527e-17,
    "z": 0.7749855056099985,
    "qx": 6.77167281995012e-18,
    "qy": -1.2321775850822943e-16,
    "qz": 1.5180605135112405e-16,
    "qw": 1.0,
    "source_topic": "/world/robot_world/dynamic_pose/info"
  },
  "probe_motion": {
    "dx": 0.0,
    "dy": 9.725119570376375e-18,
    "dz": 0.000476108805633757,
    "abs_xy": 9.725119570376375e-18
  },
  "t_end": 1778553182.9354222,
  "duration_s": 61.538973569869995
}