{
  "trial_id": "step7_yoff_0010",
  "mode": "hold_close_multilift_probe",
  "params": {
    "trial_id": "step7_yoff_0010",
    "skip_home": false,
    "pre_z_base": 0.22,
    "down_z_base": 0.02,
    "lift_seq": "0.035,0.045,0.060,0.090",
    "x_offset": 0.0,
    "y_offset": 0.01,
    "close_seq": "1.2,1.1,1.0,0.95,0.9,0.75",
    "gripper_step_dt": 0.8,
    "gripper_hold_s": 45.0,
    "wait_before_lift": 4.0,
    "down_duration": 3.0,
    "lift_duration": 2.5,
    "hold_after_each_lift": 0.8,
    "clamp_dz": 0.012,
    "success_dz": 0.035,
    "max_clamp_xy": 0.035
  },
  "close_values": [
    1.2,
    1.1,
    1.0,
    0.95,
    0.9,
    0.75
  ],
  "lift_zs": [
    0.035,
    0.045,
    0.06,
    0.09
  ],
  "success": false,
  "clamped": false,
  "failure_type": "partial_contact_not_clamped",
  "diagnosis": "object moved slightly but did not reach clamp threshold; tune close endpoint and x/y offset",
  "t_start": 1778638463.4678645,
  "stage": "done",
  "truth_before": {
    "name": "wood_block",
    "x": 0.12000050233554549,
    "y": 1.5519933626649916e-07,
    "z": 0.7744251571321891,
    "qx": -1.9671456322858305e-06,
    "qy": 6.3672717673926326e-06,
    "qz": -9.260896500493665e-10,
    "qw": 0.9999999999777941,
    "source_topic": "/world/robot_world/dynamic_pose/info"
  },
  "target_world_xyz": [
    0.12000050233554549,
    1.5519933626649916e-07,
    0.7744251571321891
  ],
  "target_base_xy": [
    0.3200005023355455,
    0.010000155199336266
  ],
  "waypoints_base": {
    "pregrasp": [
      0.3200005023355455,
      0.010000155199336266,
      0.22
    ],
    "down": [
      0.3200005023355455,
      0.010000155199336266,
      0.02
    ],
    "lift_1": [
      0.3200005023355455,
      0.010000155199336266,
      0.035
    ],
    "lift_2": [
      0.3200005023355455,
      0.010000155199336266,
      0.045
    ],
    "lift_3": [
      0.3200005023355455,
      0.010000155199336266,
      0.06
    ],
    "lift_4": [
      0.3200005023355455,
      0.010000155199336266,
      0.09
    ]
  },
  "q_targets": {
    "pregrasp": [
      0.031610306505368384,
      -0.40820557273442243,
      -0.8259642260663894,
      -0.5952080694464805,
      0.10032506255575675
    ],
    "down": [
      0.0316280792869437,
      -0.8810627084402674,
      -0.9990769163402287,
      -0.5892024494352963,
      0.10032980124689721
    ],
    "lift_1": [
      0.03160452003833998,
      -0.8234672674359378,
      -1.0052234560206295,
      -0.6130439921431572,
      0.10029948659317424
    ],
    "lift_2": [
      0.03162075542779546,
      -0.7867757745807731,
      -1.0073819487175346,
      -0.6270935038537004,
      0.10028147192123307
    ],
    "lift_3": [
      0.03159064940758144,
      -0.7343862617812581,
      -1.0078499214736638,
      -0.6451445278777374,
      0.10025863572722686
    ],
    "lift_4": [
      0.03161256972349425,
      -0.6396107897151079,
      -0.9992445059273606,
      -0.6699795525406866,
      0.10022703056235559
    ]
  },
  "truth_after_down": {
    "name": "wood_block",
    "x": 0.12009018663941551,
    "y": -0.0001350133358839213,
    "z": 0.7747529649919246,
    "qx": 0.002853389321664069,
    "qy": -0.0018391386222049002,
    "qz": -0.00016732168431344253,
    "qw": 0.9999942238542987,
    "source_topic": "/world/robot_world/dynamic_pose/info"
  },
  "delta_after_down": {
    "dx": 8.968430387001902e-05,
    "dy": -0.0001351685352201878,
    "dz": 0.0003278078597355183,
    "abs_xy": 0.00016221531146664626
  },
  "actual_r_joint_before_lift": 1.2390111329740456,
  "truth_after_hold_close": {
    "name": "wood_block",
    "x": 0.1205910480932576,
    "y": 2.695250962810962e-06,
    "z": 0.7746428518899962,
    "qx": 0.0015055178285611685,
    "qy": 0.001450801271877318,
    "qz": -0.001617159635807116,
    "qw": 0.9999965066871233,
    "source_topic": "/world/robot_world/dynamic_pose/info"
  },
  "delta_after_hold_close": {
    "dx": 0.0005905457577121132,
    "dy": 2.5400516265444627e-06,
    "dz": 0.00021769475780708536,
    "abs_xy": 0.0005905512203137331
  },
  "lift_results": [
    {
      "name": "lift_1",
      "target_z_base": 0.035,
      "actual_r_joint": 0.8472284256475783,
      "truth": {
        "name": "wood_block",
        "x": 0.12006716644666918,
        "y": 0.001313704624234844,
        "z": 0.7744554113738504,
        "qx": -0.015203047046215303,
        "qy": -0.006310985609062012,
        "qz": -0.011559715760425105,
        "qw": 0.999797685430753,
        "source_topic": "/world/robot_world/dynamic_pose/info"
      },
      "delta": {
        "dx": 6.666411112368764e-05,
        "dy": 0.0013135494248985775,
        "dz": 3.0254241661364922e-05,
        "abs_xy": 0.0013152399763401716
      },
      "clamped_at_step": false,
      "success_at_step": false
    },
    {
      "name": "lift_2",
      "target_z_base": 0.045,
      "actual_r_joint": 0.7500010633300969,
      "truth": {
        "name": "wood_block",
        "x": 0.11970404957734788,
        "y": -8.565872571051578e-05,
        "z": 0.7746234067108048,
        "qx": 0.005516627449840277,
        "qy": -0.001270843835855896,
        "qz": -0.016777962359515577,
        "qw": 0.999843213587304,
        "source_topic": "/world/robot_world/dynamic_pose/info"
      },
      "delta": {
        "dx": -0.0002964527581976045,
        "dy": -8.581392504678228e-05,
        "dz": 0.0001982495786156946,
        "abs_xy": 0.0003086231805534091
      },
      "clamped_at_step": false,
      "success_at_step": false
    },
    {
      "name": "lift_3",
      "target_z_base": 0.06,
      "actual_r_joint": 0.7499999990945113,
      "truth": {
        "name": "wood_block",
        "x": 0.1195188707818123,
        "y": -0.0005022723563216027,
        "z": 0.7742772825828819,
        "qx": 0.0133370043406377,
        "qy": -0.0011038759761435285,
        "qz": -0.015949612504932036,
        "qw": 0.9997832343233155,
        "source_topic": "/world/robot_world/dynamic_pose/info"
      },
      "delta": {
        "dx": -0.00048163155373319444,
        "dy": -0.0005024275556578692,
        "dz": -0.00014787454930720312,
        "abs_xy": 0.0006959902314226775
      },
      "clamped_at_step": false,
      "success_at_step": false
    },
    {
      "name": "lift_4",
      "target_z_base": 0.09,
      "actual_r_joint": 0.7499999991335876,
      "truth": {
        "name": "wood_block",
        "x": 0.11957474020602893,
        "y": 6.61043060144021e-05,
        "z": 0.7748885926445993,
        "qx": 0.0020162795076778513,
        "qy": -0.0001668478328061255,
        "qz": -0.01593977691601432,
        "qw": 0.9998709068127822,
        "source_topic": "/world/robot_world/dynamic_pose/info"
      },
      "delta": {
        "dx": -0.00042576212951656034,
        "dy": 6.594910667813559e-05,
        "dz": 0.0004634355124102374,
        "abs_xy": 0.00043083950097701164
      },
      "clamped_at_step": false,
      "success_at_step": false
    }
  ],
  "actual_r_joint_after_lift": 0.7499999991335876,
  "truth_after": {
    "name": "wood_block",
    "x": 0.11957474020602893,
    "y": 6.61043060144021e-05,
    "z": 0.7748885926445993,
    "qx": 0.0020162795076778513,
    "qy": -0.0001668478328061255,
    "qz": -0.01593977691601432,
    "qw": 0.9998709068127822,
    "source_topic": "/world/robot_world/dynamic_pose/info"
  },
  "delta_final": {
    "dx": -0.00042576212951656034,
    "dy": 6.594910667813559e-05,
    "dz": 0.0004634355124102374,
    "abs_xy": 0.00043083950097701164
  },
  "t_end": 1778638594.6921368,
  "duration_s": 131.22427225112915
}