{
  "trial_id": "step7_z_0076_seq1",
  "use_truth": true,
  "success": false,
  "failure_type": "grasp_no_lift",
  "t_start": 1778550969.5189657,
  "stage": "done",
  "truth_before": {
    "name": "wood_block",
    "x": 0.12,
    "y": 1.1150585847637019e-19,
    "z": 0.7745238310049996,
    "qx": 2.2564387014665225e-17,
    "qy": -1.136679890491865e-16,
    "qz": 8.199666521219377e-17,
    "qw": 1.0,
    "source_topic": "/world/robot_world/dynamic_pose/info"
  },
  "target_source": "gazebo_truth",
  "perception": null,
  "target_world_xyz": [
    0.12,
    1.1150585847637019e-19,
    0.7745238310049996
  ],
  "target_base_xy": [
    0.32,
    1.1150585847637019e-19
  ],
  "waypoints_base": {
    "pregrasp": [
      0.32,
      1.1150585847637019e-19,
      0.22
    ],
    "down": [
      0.32,
      1.1150585847637019e-19,
      0.076
    ],
    "lift": [
      0.32,
      1.1150585847637019e-19,
      0.26
    ]
  },
  "q_targets": {
    "pregrasp": [
      0.00010284258828832042,
      -0.3931589331207102,
      -0.8659308677764507,
      -0.5534183047990164,
      0.019350717192623358
    ],
    "down": [
      0.0001229481335300155,
      -0.6680708695847777,
      -1.0406123115160757,
      -0.6220484853581701,
      0.01932781810147013
    ],
    "lift": [
      0.00010261283890410192,
      -0.3961476220095234,
      -0.7626221831928395,
      -0.46366441250370427,
      0.019380012413363328
    ]
  },
  "close_sequence": [
    0.6,
    0.4,
    0.2,
    0.0
  ],
  "truth_after": {
    "name": "wood_block",
    "x": 0.12,
    "y": 3.0907568473660114e-17,
    "z": 0.7749956925164148,
    "qx": 4.290108346329089e-17,
    "qy": -8.169793978805325e-17,
    "qz": 8.306433804958858e-17,
    "qw": 1.0,
    "source_topic": "/world/robot_world/dynamic_pose/info"
  },
  "t_end": 1778551065.2695134,
  "duration_s": 95.7505476474762
}