{
  "trial_id": "step7_multi_c080",
  "mode": "hold_close_multilift_probe",
  "params": {
    "trial_id": "step7_multi_c080",
    "skip_home": false,
    "pre_z_base": 0.22,
    "down_z_base": 0.02,
    "lift_seq": "0.035,0.045,0.060,0.090",
    "x_offset": 0.0,
    "y_offset": 0.0,
    "close_seq": "1.2,1.1,1.0,0.95,0.9,0.80",
    "gripper_step_dt": 0.8,
    "gripper_hold_s": 45.0,
    "wait_before_lift": 4.0,
    "down_duration": 3.0,
    "lift_duration": 2.5,
    "hold_after_each_lift": 0.8,
    "clamp_dz": 0.012,
    "success_dz": 0.035,
    "max_clamp_xy": 0.035
  },
  "close_values": [
    1.2,
    1.1,
    1.0,
    0.95,
    0.9,
    0.8
  ],
  "lift_zs": [
    0.035,
    0.045,
    0.06,
    0.09
  ],
  "success": false,
  "clamped": false,
  "failure_type": "partial_contact_not_clamped",
  "diagnosis": "object moved slightly but did not reach clamp threshold; tune close endpoint and x/y offset",
  "t_start": 1778636966.4874508,
  "stage": "done",
  "truth_before": {
    "name": "wood_block",
    "x": 0.1199998221236511,
    "y": 4.835004584041047e-07,
    "z": 0.7744250744632156,
    "qx": -6.143809186946149e-06,
    "qy": -2.2602064820271453e-06,
    "qz": 3.792183717262627e-09,
    "qw": 0.9999999999785725,
    "source_topic": "/world/robot_world/dynamic_pose/info"
  },
  "target_world_xyz": [
    0.1199998221236511,
    4.835004584041047e-07,
    0.7744250744632156
  ],
  "target_base_xy": [
    0.3199998221236511,
    4.835004584041047e-07
  ],
  "waypoints_base": {
    "pregrasp": [
      0.3199998221236511,
      4.835004584041047e-07,
      0.22
    ],
    "down": [
      0.3199998221236511,
      4.835004584041047e-07,
      0.02
    ],
    "lift_1": [
      0.3199998221236511,
      4.835004584041047e-07,
      0.035
    ],
    "lift_2": [
      0.3199998221236511,
      4.835004584041047e-07,
      0.045
    ],
    "lift_3": [
      0.3199998221236511,
      4.835004584041047e-07,
      0.06
    ],
    "lift_4": [
      0.3199998221236511,
      4.835004584041047e-07,
      0.09
    ]
  },
  "q_targets": {
    "pregrasp": [
      -2.8891461942721222e-05,
      -0.3853284048659241,
      -0.8885308370675928,
      -0.5281563693459133,
      -0.004710440235831515
    ],
    "down": [
      -1.3164966952565985e-05,
      -0.8606006160145317,
      -1.0562564474498763,
      -0.5244336892411173,
      -0.004710482937315527
    ],
    "lift_1": [
      -4.1020853793273125e-05,
      -0.8019460779046051,
      -1.0638462571779133,
      -0.5474599748132345,
      -0.004711180370896279
    ],
    "lift_2": [
      -3.6792995540536857e-06,
      -0.7646795779568805,
      -1.0668137128299897,
      -0.5609617535745883,
      -0.004711882537627647
    ],
    "lift_3": [
      -5.180913774309819e-05,
      -0.7115236685578612,
      -1.0683871023030016,
      -0.5782812636028954,
      -0.0047122584182725915
    ],
    "lift_4": [
      -7.324692637752056e-06,
      -0.615481678546484,
      -1.0616773974942342,
      -0.6020428721042537,
      -0.004713364341832564
    ]
  },
  "truth_after_down": {
    "name": "wood_block",
    "x": 0.11999993265338535,
    "y": 1.8305286911839431e-07,
    "z": 0.7749835481814946,
    "qx": -1.3485800522349223e-07,
    "qy": -4.961204493674907e-08,
    "qz": 3.792183666796658e-09,
    "qw": 0.9999999999999897,
    "source_topic": "/world/robot_world/dynamic_pose/info"
  },
  "delta_after_down": {
    "dx": 1.1052973425407231e-07,
    "dy": -3.0044758928571036e-07,
    "dz": 0.0005584737182789956,
    "abs_xy": 3.2013368467231114e-07
  },
  "actual_r_joint_before_lift": 1.2352444648906726,
  "truth_after_hold_close": {
    "name": "wood_block",
    "x": 0.11999993410958833,
    "y": 1.7909454351875272e-07,
    "z": 0.7749909049901347,
    "qx": -5.569150102613044e-08,
    "qy": -2.048798843887243e-08,
    "qz": 3.792183662402743e-09,
    "qw": 0.9999999999999982,
    "source_topic": "/world/robot_world/dynamic_pose/info"
  },
  "delta_after_hold_close": {
    "dx": 1.1198593723171779e-07,
    "dy": -3.0440591488535194e-07,
    "dz": 0.0005658305269190533,
    "abs_xy": 3.2435136989822376e-07
  },
  "lift_results": [
    {
      "name": "lift_1",
      "target_z_base": 0.035,
      "actual_r_joint": 0.8566492087648232,
      "truth": {
        "name": "wood_block",
        "x": 0.12105824994132727,
        "y": -0.001087766768059882,
        "z": 0.7779655455572801,
        "qx": 0.006159957552061638,
        "qy": 0.07542264324301108,
        "qz": 0.014885621321009216,
        "qw": 0.9970215133521854,
        "source_topic": "/world/robot_world/dynamic_pose/info"
      },
      "delta": {
        "dx": 0.0010584278176761774,
        "dy": -0.001088250268518286,
        "dz": 0.0035404710940645234,
        "abs_xy": 0.0015180771034966824
      },
      "clamped_at_step": false,
      "success_at_step": false
    },
    {
      "name": "lift_2",
      "target_z_base": 0.045,
      "actual_r_joint": 0.8000006724593249,
      "truth": {
        "name": "wood_block",
        "x": 0.11962872990824706,
        "y": -0.00048652461091119295,
        "z": 0.7784501707736774,
        "qx": 3.800494950613498e-05,
        "qy": 0.07638532243948527,
        "qz": 0.0055164547397360975,
        "qw": 0.9970631122444276,
        "source_topic": "/world/robot_world/dynamic_pose/info"
      },
      "delta": {
        "dx": -0.00037109221540403137,
        "dy": -0.00048700811136959707,
        "dz": 0.004025096310461773,
        "abs_xy": 0.0006122796198415018
      },
      "clamped_at_step": false,
      "success_at_step": false
    },
    {
      "name": "lift_3",
      "target_z_base": 0.06,
      "actual_r_joint": 0.7999999991569234,
      "truth": {
        "name": "wood_block",
        "x": 0.11631052373697669,
        "y": 0.0001909623761162367,
        "z": 0.7739833973559148,
        "qx": 0.0046246363190543885,
        "qy": 0.0005064355489884138,
        "qz": -0.013456496436310226,
        "qw": 0.9998986343453075,
        "source_topic": "/world/robot_world/dynamic_pose/info"
      },
      "delta": {
        "dx": -0.0036892983866744083,
        "dy": 0.0001904788756578326,
        "dz": -0.00044167710730080856,
        "abs_xy": 0.003694212336613891
      },
      "clamped_at_step": false,
      "success_at_step": false
    },
    {
      "name": "lift_4",
      "target_z_base": 0.09,
      "actual_r_joint": 0.7999999992183111,
      "truth": {
        "name": "wood_block",
        "x": 0.11629181097874337,
        "y": 0.00038606723711334857,
        "z": 0.7748368760681117,
        "qx": 0.0007277779598691286,
        "qy": 7.96980926610141e-05,
        "qz": -0.013456424532430667,
        "qw": 0.9999091901899183,
        "source_topic": "/world/robot_world/dynamic_pose/info"
      },
      "delta": {
        "dx": -0.003708011144907722,
        "dy": 0.00038558373665494445,
        "dz": 0.0004118016048960671,
        "abs_xy": 0.00372800502530947
      },
      "clamped_at_step": false,
      "success_at_step": false
    }
  ],
  "actual_r_joint_after_lift": 0.7999999992183111,
  "truth_after": {
    "name": "wood_block",
    "x": 0.11629181097874337,
    "y": 0.00038606723711334857,
    "z": 0.7748368760681117,
    "qx": 0.0007277779598691286,
    "qy": 7.96980926610141e-05,
    "qz": -0.013456424532430667,
    "qw": 0.9999091901899183,
    "source_topic": "/world/robot_world/dynamic_pose/info"
  },
  "delta_final": {
    "dx": -0.003708011144907722,
    "dy": 0.00038558373665494445,
    "dz": 0.0004118016048960671,
    "abs_xy": 0.00372800502530947
  },
  "t_end": 1778637103.7809508,
  "duration_s": 137.29349994659424
}