{
  "trial_id": "step7_contact_patch_close04",
  "use_truth": true,
  "success": false,
  "failure_type": "grasp_no_lift",
  "t_start": 1778564997.149165,
  "params": {
    "pre_z_base": 0.22,
    "down_z_base": 0.02,
    "lift_z_base": 0.26,
    "x_offset": 0.0,
    "y_offset": 0.0,
    "close": 0.0,
    "close_seq": "1.0,0.8,0.6,0.4",
    "close_wait": 1.0,
    "gripper_close_duration": 1.2,
    "down_duration": 3.0,
    "lift_duration": 3.5
  },
  "stage": "done",
  "truth_before": {
    "name": "wood_block",
    "x": 0.12,
    "y": 1.111026427864621e-17,
    "z": 0.7749321722402933,
    "qx": -4.5119139434414484e-17,
    "qy": 1.0101761784980294e-16,
    "qz": 8.622246557258047e-17,
    "qw": 1.0,
    "source_topic": "/world/robot_world/dynamic_pose/info"
  },
  "target_source": "gazebo_truth",
  "perception": null,
  "target_world_xyz": [
    0.12,
    1.111026427864621e-17,
    0.7749321722402933
  ],
  "target_base_xy": [
    0.32,
    1.111026427864621e-17
  ],
  "waypoints_base": {
    "pregrasp": [
      0.32,
      1.111026427864621e-17,
      0.22
    ],
    "down": [
      0.32,
      1.111026427864621e-17,
      0.02
    ],
    "lift": [
      0.32,
      1.111026427864621e-17,
      0.26
    ]
  },
  "q_targets": {
    "pregrasp": [
      0.00010309216931578654,
      -0.40621146245737316,
      -0.8294959141024407,
      -0.5929708646189134,
      0.019637977619435004
    ],
    "down": [
      0.00013649289601574537,
      -0.879409951155952,
      -1.002440805015498,
      -0.5869023659332967,
      0.019639034107253896
    ],
    "lift": [
      9.708216589386713e-05,
      -0.40603454355175334,
      -0.7327727032475638,
      -0.49682989319900556,
      0.019669859980460547
    ]
  },
  "truth_after_down": {
    "name": "wood_block",
    "x": 0.12,
    "y": 1.9266224927959088e-17,
    "z": 0.7749936907473186,
    "qx": 3.4428215089827345e-17,
    "qy": 9.333108919908632e-17,
    "qz": 2.2100597310595862e-16,
    "qw": 1.0,
    "source_topic": "/world/robot_world/dynamic_pose/info"
  },
  "close_sequence": [
    1.0,
    0.8,
    0.6,
    0.4
  ],
  "truth_after": {
    "name": "wood_block",
    "x": 0.12036808133244639,
    "y": -0.00022982488522083422,
    "z": 0.7749188411276791,
    "qx": 0.00048199799402603684,
    "qy": -0.0005768915614204535,
    "qz": 0.004019198564399743,
    "qw": 0.9999916404235387,
    "source_topic": "/world/robot_world/dynamic_pose/info"
  },
  "t_end": 1778566133.4390404,
  "duration_s": 1136.2898755073547
}