{
  "trial_id": "step7_yoff_0030",
  "mode": "hold_close_multilift_probe",
  "params": {
    "trial_id": "step7_yoff_0030",
    "skip_home": false,
    "pre_z_base": 0.22,
    "down_z_base": 0.02,
    "lift_seq": "0.035,0.045,0.060,0.090",
    "x_offset": 0.0,
    "y_offset": 0.03,
    "close_seq": "1.2,1.1,1.0,0.95,0.9,0.75",
    "gripper_step_dt": 0.8,
    "gripper_hold_s": 45.0,
    "wait_before_lift": 4.0,
    "down_duration": 3.0,
    "lift_duration": 2.5,
    "hold_after_each_lift": 0.8,
    "clamp_dz": 0.012,
    "success_dz": 0.035,
    "max_clamp_xy": 0.035
  },
  "close_values": [
    1.2,
    1.1,
    1.0,
    0.95,
    0.9,
    0.75
  ],
  "lift_zs": [
    0.035,
    0.045,
    0.06,
    0.09
  ],
  "success": false,
  "clamped": false,
  "failure_type": "partial_contact_not_clamped",
  "diagnosis": "object moved slightly but did not reach clamp threshold; tune close endpoint and x/y offset",
  "t_start": 1778638731.9681644,
  "stage": "done",
  "truth_before": {
    "name": "wood_block",
    "x": 0.11999999151136452,
    "y": -8.41438225902047e-09,
    "z": 0.7744301974714005,
    "qx": 1.0847378963063172e-07,
    "qy": -1.0943101228245261e-07,
    "qz": 8.216856379993183e-13,
    "qw": 0.9999999999999881,
    "source_topic": "/world/robot_world/dynamic_pose/info"
  },
  "target_world_xyz": [
    0.11999999151136452,
    -8.41438225902047e-09,
    0.7744301974714005
  ],
  "target_base_xy": [
    0.31999999151136455,
    0.02999999158561774
  ],
  "waypoints_base": {
    "pregrasp": [
      0.31999999151136455,
      0.02999999158561774,
      0.22
    ],
    "down": [
      0.31999999151136455,
      0.02999999158561774,
      0.02
    ],
    "lift_1": [
      0.31999999151136455,
      0.02999999158561774,
      0.035
    ],
    "lift_2": [
      0.31999999151136455,
      0.02999999158561774,
      0.045
    ],
    "lift_3": [
      0.31999999151136455,
      0.02999999158561774,
      0.06
    ],
    "lift_4": [
      0.31999999151136455,
      0.02999999158561774,
      0.09
    ]
  },
  "q_targets": {
    "pregrasp": [
      0.09311786039059526,
      -0.4149609741834738,
      -0.8231160406102788,
      -0.5851724187382837,
      0.026983219820785616
    ],
    "down": [
      0.09312515813246476,
      -0.8860380530743781,
      -0.9953860001936149,
      -0.5803364432489561,
      0.026984249570276713
    ],
    "lift_1": [
      0.09308531493081092,
      -0.8284498724158548,
      -1.001752140854525,
      -0.6041272057790361,
      0.026974673900992244
    ],
    "lift_2": [
      0.0931399793562158,
      -0.7918224960034993,
      -1.0039985341579145,
      -0.6180846307835655,
      0.026968635821604456
    ],
    "lift_3": [
      0.09309868240019989,
      -0.739564675533051,
      -1.0045728600606183,
      -0.6359792514517433,
      0.0269615075340343
    ],
    "lift_4": [
      0.09311601804452954,
      -0.6449263212706907,
      -0.9962798387084001,
      -0.6606962362442124,
      0.026951314312200495
    ]
  },
  "truth_after_down": {
    "name": "wood_block",
    "x": 0.11988793641660592,
    "y": 0.00014444184965393866,
    "z": 0.7747179126331936,
    "qx": -0.00021361561475568828,
    "qy": -0.005396009238356618,
    "qz": -0.0026752526237278237,
    "qw": 0.9999818400731425,
    "source_topic": "/world/robot_world/dynamic_pose/info"
  },
  "delta_after_down": {
    "dx": -0.00011205509475860354,
    "dy": 0.00014445026403619768,
    "dz": 0.0002877151617930451,
    "abs_xy": 0.0001828174582513575
  },
  "actual_r_joint_before_lift": 1.2390111330184395,
  "truth_after_hold_close": {
    "name": "wood_block",
    "x": 0.12034292517148809,
    "y": 0.00018004789642351053,
    "z": 0.7745736763347536,
    "qx": 0.001756495509165624,
    "qy": -0.0022988278896446794,
    "qz": -0.005528136528711231,
    "qw": 0.9999805347207414,
    "source_topic": "/world/robot_world/dynamic_pose/info"
  },
  "delta_after_hold_close": {
    "dx": 0.0003429336601235705,
    "dy": 0.00018005631080576955,
    "dz": 0.0001434788633530859,
    "abs_xy": 0.0003873290207391288
  },
  "lift_results": [
    {
      "name": "lift_1",
      "target_z_base": 0.035,
      "actual_r_joint": 0.8405110145144526,
      "truth": {
        "name": "wood_block",
        "x": 0.1206476393529868,
        "y": 0.0007254302668559556,
        "z": 0.7739495174492736,
        "qx": -0.00336219852276979,
        "qy": 0.0022566797700933673,
        "qz": -0.01194241088608463,
        "qw": 0.9999204877587701,
        "source_topic": "/world/robot_world/dynamic_pose/info"
      },
      "delta": {
        "dx": 0.0006476478416222731,
        "dy": 0.0007254386812382146,
        "dz": -0.000480680022126867,
        "abs_xy": 0.000972475710233746
      },
      "clamped_at_step": false,
      "success_at_step": false
    },
    {
      "name": "lift_2",
      "target_z_base": 0.045,
      "actual_r_joint": 0.7500008233060768,
      "truth": {
        "name": "wood_block",
        "x": 0.1203672825184398,
        "y": 0.000642945244997468,
        "z": 0.7747846279490312,
        "qx": -0.002395109586328513,
        "qy": -0.0003417533960886527,
        "qz": -0.011302471189813453,
        "qw": 0.9999331981686023,
        "source_topic": "/world/robot_world/dynamic_pose/info"
      },
      "delta": {
        "dx": 0.0003672910070752766,
        "dy": 0.000642953659379727,
        "dz": 0.00035443047763072943,
        "abs_xy": 0.0007404674820599166
      },
      "clamped_at_step": false,
      "success_at_step": false
    },
    {
      "name": "lift_3",
      "target_z_base": 0.06,
      "actual_r_joint": 0.7499999991661123,
      "truth": {
        "name": "wood_block",
        "x": 0.1204436363703101,
        "y": 0.0003886403599365285,
        "z": 0.7746091591784264,
        "qx": 0.0004669175607875858,
        "qy": 0.0032390704161193704,
        "qz": -0.008605571541392245,
        "qw": 0.9999576163764526,
        "source_topic": "/world/robot_world/dynamic_pose/info"
      },
      "delta": {
        "dx": 0.00044364485894557437,
        "dy": 0.00038864877431878754,
        "dz": 0.0001789617070259153,
        "abs_xy": 0.0005898038916863252
      },
      "clamped_at_step": false,
      "success_at_step": false
    },
    {
      "name": "lift_4",
      "target_z_base": 0.09,
      "actual_r_joint": 0.7499999992131691,
      "truth": {
        "name": "wood_block",
        "x": 0.12030709139625242,
        "y": 0.00040952481704970424,
        "z": 0.7749358767325367,
        "qx": 7.27426635997968e-05,
        "qy": 0.0005046263785555096,
        "qz": -0.008605548747868208,
        "qw": 0.9999628416053624,
        "source_topic": "/world/robot_world/dynamic_pose/info"
      },
      "delta": {
        "dx": 0.0003070998848879042,
        "dy": 0.0004095332314319633,
        "dz": 0.0005056792611362049,
        "abs_xy": 0.0005118865176435789
      },
      "clamped_at_step": false,
      "success_at_step": false
    }
  ],
  "actual_r_joint_after_lift": 0.7499999992131691,
  "truth_after": {
    "name": "wood_block",
    "x": 0.12030709139625242,
    "y": 0.00040952481704970424,
    "z": 0.7749358767325367,
    "qx": 7.27426635997968e-05,
    "qy": 0.0005046263785555096,
    "qz": -0.008605548747868208,
    "qw": 0.9999628416053624,
    "source_topic": "/world/robot_world/dynamic_pose/info"
  },
  "delta_final": {
    "dx": 0.0003070998848879042,
    "dy": 0.0004095332314319633,
    "dz": 0.0005056792611362049,
    "abs_xy": 0.0005118865176435789
  },
  "t_end": 1778638860.9387276,
  "duration_s": 128.97056317329407
}