{
  "trial_id": "step7_yoff_0020",
  "mode": "hold_close_multilift_probe",
  "params": {
    "trial_id": "step7_yoff_0020",
    "skip_home": false,
    "pre_z_base": 0.22,
    "down_z_base": 0.02,
    "lift_seq": "0.035,0.045,0.060,0.090",
    "x_offset": 0.0,
    "y_offset": 0.02,
    "close_seq": "1.2,1.1,1.0,0.95,0.9,0.75",
    "gripper_step_dt": 0.8,
    "gripper_hold_s": 45.0,
    "wait_before_lift": 4.0,
    "down_duration": 3.0,
    "lift_duration": 2.5,
    "hold_after_each_lift": 0.8,
    "clamp_dz": 0.012,
    "success_dz": 0.035,
    "max_clamp_xy": 0.035
  },
  "close_values": [
    1.2,
    1.1,
    1.0,
    0.95,
    0.9,
    0.75
  ],
  "lift_zs": [
    0.035,
    0.045,
    0.06,
    0.09
  ],
  "success": false,
  "clamped": false,
  "failure_type": "partial_contact_not_clamped",
  "diagnosis": "object moved slightly but did not reach clamp threshold; tune close endpoint and x/y offset",
  "t_start": 1778638595.4667761,
  "stage": "done",
  "truth_before": {
    "name": "wood_block",
    "x": 0.12000002350310361,
    "y": 3.522515033487057e-07,
    "z": 0.7744581521594165,
    "qx": -4.426369461387518e-06,
    "qy": 2.9533053555370196e-07,
    "qz": 6.409255266444694e-10,
    "qw": 0.99999999999016,
    "source_topic": "/world/robot_world/dynamic_pose/info"
  },
  "target_world_xyz": [
    0.12000002350310361,
    3.522515033487057e-07,
    0.7744581521594165
  ],
  "target_base_xy": [
    0.32000002350310364,
    0.02000035225150335
  ],
  "waypoints_base": {
    "pregrasp": [
      0.32000002350310364,
      0.02000035225150335,
      0.22
    ],
    "down": [
      0.32000002350310364,
      0.02000035225150335,
      0.02
    ],
    "lift_1": [
      0.32000002350310364,
      0.02000035225150335,
      0.035
    ],
    "lift_2": [
      0.32000002350310364,
      0.02000035225150335,
      0.045
    ],
    "lift_3": [
      0.32000002350310364,
      0.02000035225150335,
      0.06
    ],
    "lift_4": [
      0.32000002350310364,
      0.02000035225150335,
      0.09
    ]
  },
  "q_targets": {
    "pregrasp": [
      0.062416757004414715,
      -0.39814235829383116,
      -0.860092126661028,
      -0.5532599312119266,
      0.06572050592029094
    ],
    "down": [
      0.062441257888316226,
      -0.8715318072805344,
      -1.029837624247322,
      -0.5489855094579251,
      0.0657220742540732
    ],
    "lift_1": [
      0.062412294114266666,
      -0.8133888581629665,
      -1.0368638052034627,
      -0.5723240723625054,
      0.0657019692285354
    ],
    "lift_2": [
      0.06245778984011206,
      -0.7764031507905421,
      -1.0395133830912178,
      -0.5860320027665002,
      0.06568982872789052
    ],
    "lift_3": [
      0.062424365894342915,
      -0.7236549007021934,
      -1.0406347717515456,
      -0.6035991911380654,
      0.06567478870380097
    ],
    "lift_4": [
      0.06242332856816983,
      -0.6282164003306491,
      -1.033239981319839,
      -0.62781227274553,
      0.06565392667886373
    ]
  },
  "truth_after_down": {
    "name": "wood_block",
    "x": 0.11996933786608308,
    "y": 3.494724800208531e-05,
    "z": 0.7747195557911765,
    "qx": 0.0008839119220633631,
    "qy": -0.0040711740065933815,
    "qz": -0.0015846606270561439,
    "qw": 0.9999900664969723,
    "source_topic": "/world/robot_world/dynamic_pose/info"
  },
  "delta_after_down": {
    "dx": -3.068563702053606e-05,
    "dy": 3.45949964987366e-05,
    "dz": 0.00026140363175997106,
    "abs_xy": 4.6243076261249e-05
  },
  "actual_r_joint_before_lift": 1.2506565924044635,
  "truth_after_hold_close": {
    "name": "wood_block",
    "x": 0.12028133497519622,
    "y": 0.00018841030916274466,
    "z": 0.7746324868746912,
    "qx": -0.0004930810654835954,
    "qy": -0.0022820956601065155,
    "qz": -0.0033216834283298705,
    "qw": 0.9999917576308632,
    "source_topic": "/world/robot_world/dynamic_pose/info"
  },
  "delta_after_hold_close": {
    "dx": 0.00028131147209260743,
    "dy": 0.00018805805765939596,
    "dz": 0.00017433471527472655,
    "abs_xy": 0.00033838140814993747
  },
  "lift_results": [
    {
      "name": "lift_1",
      "target_z_base": 0.035,
      "actual_r_joint": 0.8538391202407741,
      "truth": {
        "name": "wood_block",
        "x": 0.11929804561310511,
        "y": 0.0011266594203650135,
        "z": 0.7747170795767675,
        "qx": -0.001589996635585741,
        "qy": -0.0026261506618552657,
        "qz": -0.021096982980454797,
        "qw": 0.9997727204482639,
        "source_topic": "/world/robot_world/dynamic_pose/info"
      },
      "delta": {
        "dx": -0.000701977889998498,
        "dy": 0.0011263071688616649,
        "dz": 0.000258927417351007,
        "abs_xy": 0.0013271551516970132
      },
      "clamped_at_step": false,
      "success_at_step": false
    },
    {
      "name": "lift_2",
      "target_z_base": 0.045,
      "actual_r_joint": 0.7500010633757619,
      "truth": {
        "name": "wood_block",
        "x": 0.11930788342910599,
        "y": 0.0009177997953873202,
        "z": 0.7741685417463646,
        "qx": 0.0021591114474417677,
        "qy": 0.00014107494534861974,
        "qz": -0.01994050792468813,
        "qw": 0.9997988270043743,
        "source_topic": "/world/robot_world/dynamic_pose/info"
      },
      "delta": {
        "dx": -0.0006921400739976213,
        "dy": 0.0009174475438839714,
        "dz": -0.0002896104130518662,
        "abs_xy": 0.0011492466566460676
      },
      "clamped_at_step": false,
      "success_at_step": false
    },
    {
      "name": "lift_3",
      "target_z_base": 0.06,
      "actual_r_joint": 0.7499999991410139,
      "truth": {
        "name": "wood_block",
        "x": 0.11908913373539677,
        "y": 0.000980724943140904,
        "z": 0.7749534490034544,
        "qx": -0.0002992093877350417,
        "qy": 0.0003133834760826793,
        "qz": -0.01873982126538399,
        "qw": 0.9998243002465387,
        "source_topic": "/world/robot_world/dynamic_pose/info"
      },
      "delta": {
        "dx": -0.0009108897677068406,
        "dy": 0.0009803726916375554,
        "dz": 0.0004952968440379291,
        "abs_xy": 0.0013382267309472215
      },
      "clamped_at_step": false,
      "success_at_step": false
    },
    {
      "name": "lift_4",
      "target_z_base": 0.09,
      "actual_r_joint": 0.7499999991830328,
      "truth": {
        "name": "wood_block",
        "x": 0.11907569641923695,
        "y": 0.0009683683685652202,
        "z": 0.7749893731314901,
        "qx": -4.708500781510974e-05,
        "qy": 4.9315509813534275e-05,
        "qz": -0.018739820399250165,
        "qw": 0.9998243918220772,
        "source_topic": "/world/robot_world/dynamic_pose/info"
      },
      "delta": {
        "dx": -0.0009243270838666662,
        "dy": 0.0009680161170618714,
        "dz": 0.0005312209720735872,
        "abs_xy": 0.0013384452774996061
      },
      "clamped_at_step": false,
      "success_at_step": false
    }
  ],
  "actual_r_joint_after_lift": 0.7499999991830328,
  "truth_after": {
    "name": "wood_block",
    "x": 0.11907569641923695,
    "y": 0.0009683683685652202,
    "z": 0.7749893731314901,
    "qx": -4.708500781510974e-05,
    "qy": 4.9315509813534275e-05,
    "qz": -0.018739820399250165,
    "qw": 0.9998243918220772,
    "source_topic": "/world/robot_world/dynamic_pose/info"
  },
  "delta_final": {
    "dx": -0.0009243270838666662,
    "dy": 0.0009680161170618714,
    "dz": 0.0005312209720735872,
    "abs_xy": 0.0013384452774996061
  },
  "t_end": 1778638731.1641092,
  "duration_s": 135.69733309745789
}