{
  "trial_id": "step7_probe_z_0070",
  "use_truth": true,
  "success": false,
  "failure_type": "probe_no_contact",
  "t_start": 1778552691.9241853,
  "stage": "probe_done",
  "truth_before": {
    "name": "wood_block",
    "x": 0.12,
    "y": 6.1491962968314706e-18,
    "z": 0.7744301823177084,
    "qx": 2.4149361551666563e-16,
    "qy": -1.1048621607801251e-16,
    "qz": -2.7083716254613434e-18,
    "qw": 1.0,
    "source_topic": "/world/robot_world/dynamic_pose/info"
  },
  "target_source": "gazebo_truth",
  "perception": null,
  "target_world_xyz": [
    0.12,
    6.1491962968314706e-18,
    0.7744301823177084
  ],
  "target_base_xy": [
    0.32,
    6.1491962968314706e-18
  ],
  "waypoints_base": {
    "pregrasp": [
      0.32,
      6.1491962968314706e-18,
      0.22
    ],
    "down": [
      0.32,
      6.1491962968314706e-18,
      0.07
    ],
    "lift": [
      0.32,
      6.1491962968314706e-18,
      0.26
    ]
  },
  "q_targets": {
    "pregrasp": [
      -9.072996384203599e-05,
      -0.38507730808533924,
      -0.8893030247102761,
      -0.5272564800325958,
      -0.016361888830364515
    ],
    "down": [
      -9.44432992367611e-05,
      -0.6789821974719668,
      -1.0647857588867695,
      -0.5910036730601145,
      -0.016355197101173953
    ],
    "lift": [
      -9.016239397885767e-05,
      -0.3889107055022425,
      -0.7851389585853272,
      -0.438057406864074,
      -0.016371057396817063
    ]
  },
  "truth_after_down": {
    "name": "wood_block",
    "x": 0.12,
    "y": -4.065253795664711e-20,
    "z": 0.7749834081125884,
    "qx": 1.3586517689440633e-17,
    "qy": -1.500356703350767e-16,
    "qz": 2.3944975029025088e-17,
    "qw": 1.0,
    "source_topic": "/world/robot_world/dynamic_pose/info"
  },
  "truth_after": {
    "name": "wood_block",
    "x": 0.12,
    "y": -4.065253795664711e-20,
    "z": 0.7749834081125884,
    "qx": 1.3586517689440633e-17,
    "qy": -1.500356703350767e-16,
    "qz": 2.3944975029025088e-17,
    "qw": 1.0,
    "source_topic": "/world/robot_world/dynamic_pose/info"
  },
  "probe_motion": {
    "dx": 0.0,
    "dy": -6.189848834788118e-18,
    "dz": 0.0005532257948799302,
    "abs_xy": 6.189848834788118e-18
  },
  "t_end": 1778552755.647653,
  "duration_s": 63.72346782684326
}