{
  "trial_id": "step7_yoff_m0010",
  "mode": "hold_close_multilift_probe",
  "params": {
    "trial_id": "step7_yoff_m0010",
    "skip_home": false,
    "pre_z_base": 0.22,
    "down_z_base": 0.02,
    "lift_seq": "0.035,0.045,0.060,0.090",
    "x_offset": 0.0,
    "y_offset": -0.01,
    "close_seq": "1.2,1.1,1.0,0.95,0.9,0.75",
    "gripper_step_dt": 0.8,
    "gripper_hold_s": 45.0,
    "wait_before_lift": 4.0,
    "down_duration": 3.0,
    "lift_duration": 2.5,
    "hold_after_each_lift": 0.8,
    "clamp_dz": 0.012,
    "success_dz": 0.035,
    "max_clamp_xy": 0.035
  },
  "close_values": [
    1.2,
    1.1,
    1.0,
    0.95,
    0.9,
    0.75
  ],
  "lift_zs": [
    0.035,
    0.045,
    0.06,
    0.09
  ],
  "success": false,
  "clamped": false,
  "failure_type": "partial_contact_not_clamped",
  "diagnosis": "object moved slightly but did not reach clamp threshold; tune close endpoint and x/y offset",
  "t_start": 1778638181.2386105,
  "stage": "done",
  "truth_before": {
    "name": "wood_block",
    "x": 0.12000000893928274,
    "y": -5.631599959915166e-08,
    "z": 0.774519332429407,
    "qx": 6.737216828980154e-07,
    "qy": 1.0694270356647523e-07,
    "qz": -2.724784457732576e-11,
    "qw": 0.9999999999997673,
    "source_topic": "/world/robot_world/dynamic_pose/info"
  },
  "target_world_xyz": [
    0.12000000893928274,
    -5.631599959915166e-08,
    0.774519332429407
  ],
  "target_base_xy": [
    0.32000000893928277,
    -0.0100000563159996
  ],
  "waypoints_base": {
    "pregrasp": [
      0.32000000893928277,
      -0.0100000563159996,
      0.22
    ],
    "down": [
      0.32000000893928277,
      -0.0100000563159996,
      0.02
    ],
    "lift_1": [
      0.32000000893928277,
      -0.0100000563159996,
      0.035
    ],
    "lift_2": [
      0.32000000893928277,
      -0.0100000563159996,
      0.045
    ],
    "lift_3": [
      0.32000000893928277,
      -0.0100000563159996,
      0.06
    ],
    "lift_4": [
      0.32000000893928277,
      -0.0100000563159996,
      0.09
    ]
  },
  "q_targets": {
    "pregrasp": [
      -0.03119654438191162,
      -0.3975922755891395,
      -0.8554690793178436,
      -0.5632394299606222,
      -0.0253457083498476
    ],
    "down": [
      -0.031217984999236083,
      -0.8714565457457499,
      -1.0260931593238516,
      -0.5581922226838381,
      -0.025346157958922134
    ],
    "lift_1": [
      -0.031188606145582744,
      -0.8133539183596581,
      -1.0329360675901447,
      -0.5816736388160904,
      -0.025341457592226065
    ],
    "lift_2": [
      -0.031228515858348543,
      -0.7764061178979975,
      -1.0354660792413812,
      -0.5954559907010814,
      -0.025338390964718672
    ],
    "lift_3": [
      -0.031177417698324324,
      -0.7236785086990319,
      -1.0364438638888025,
      -0.6131508101841968,
      -0.02533501503600423
    ],
    "lift_4": [
      -0.031220362341399115,
      -0.6282944420456308,
      -1.028761723691627,
      -0.6375223945670596,
      -0.025329778544036174
    ]
  },
  "truth_after_down": {
    "name": "wood_block",
    "x": 0.11998460007674255,
    "y": 0.00029152331528304725,
    "z": 0.7736825058669852,
    "qx": -0.0022439703500863124,
    "qy": 0.0022588259880330424,
    "qz": -0.0037155422777921175,
    "qw": 0.9999880284522439,
    "source_topic": "/world/robot_world/dynamic_pose/info"
  },
  "delta_after_down": {
    "dx": -1.5408862540186585e-05,
    "dy": 0.0002915796312826464,
    "dz": -0.0008368265624217885,
    "abs_xy": 0.00029198649698865595
  },
  "actual_r_joint_before_lift": 1.2632866697990899,
  "truth_after_hold_close": {
    "name": "wood_block",
    "x": 0.12003850144462032,
    "y": -4.718701002821694e-05,
    "z": 0.774276010730663,
    "qx": 0.004755757982678367,
    "qy": -0.0018773864297583374,
    "qz": -0.003957408382168751,
    "qw": 0.9999790983341104,
    "source_topic": "/world/robot_world/dynamic_pose/info"
  },
  "delta_after_hold_close": {
    "dx": 3.849250533757842e-05,
    "dy": -4.713069402861779e-05,
    "dz": -0.00024332169874397014,
    "abs_xy": 6.085207709505643e-05
  },
  "lift_results": [
    {
      "name": "lift_1",
      "target_z_base": 0.035,
      "actual_r_joint": 0.8666801659631027,
      "truth": {
        "name": "wood_block",
        "x": 0.12056075769807889,
        "y": -0.0030129624992621656,
        "z": 0.7774827685746312,
        "qx": 0.05839602883667976,
        "qy": 0.003835248021408291,
        "qz": -0.001780607969080835,
        "qw": 0.9982845406616194,
        "source_topic": "/world/robot_world/dynamic_pose/info"
      },
      "delta": {
        "dx": 0.0005607487587961507,
        "dy": -0.0030129061832625662,
        "dz": 0.0029634361452242075,
        "abs_xy": 0.003064643998841175
      },
      "clamped_at_step": false,
      "success_at_step": false
    },
    {
      "name": "lift_2",
      "target_z_base": 0.045,
      "actual_r_joint": 0.750001461218256,
      "truth": {
        "name": "wood_block",
        "x": 0.11942639798947653,
        "y": -0.00261620039159547,
        "z": 0.7752582505704061,
        "qx": 0.05314171188781857,
        "qy": 0.00165559838752539,
        "qz": 0.0114768350343028,
        "qw": 0.9985196541426747,
        "source_topic": "/world/robot_world/dynamic_pose/info"
      },
      "delta": {
        "dx": -0.0005736109498062081,
        "dy": -0.0026161440755958706,
        "dz": 0.0007389181409991341,
        "abs_xy": 0.0026782903774633833
      },
      "clamped_at_step": false,
      "success_at_step": false
    },
    {
      "name": "lift_3",
      "target_z_base": 0.06,
      "actual_r_joint": 0.7499999992262388,
      "truth": {
        "name": "wood_block",
        "x": 0.11915069117659649,
        "y": -0.00018313322164374926,
        "z": 0.774870309584694,
        "qx": 0.002761607347839469,
        "qy": 0.0015192681702236685,
        "qz": 0.01657999716256919,
        "qw": 0.9998575743790575,
        "source_topic": "/world/robot_world/dynamic_pose/info"
      },
      "delta": {
        "dx": -0.0008493177626862497,
        "dy": -0.00018307690564415012,
        "dz": 0.00035097715528709106,
        "abs_xy": 0.0008688255379502918
      },
      "clamped_at_step": false,
      "success_at_step": false
    },
    {
      "name": "lift_4",
      "target_z_base": 0.09,
      "actual_r_joint": 0.7499999992707487,
      "truth": {
        "name": "wood_block",
        "x": 0.11908242261367313,
        "y": -6.650565335950148e-05,
        "z": 0.7749714659715301,
        "qx": 0.00040724879572021257,
        "qy": 0.00019327896073555937,
        "qz": 0.016577334171355432,
        "qw": 0.9998624849365202,
        "source_topic": "/world/robot_world/dynamic_pose/info"
      },
      "delta": {
        "dx": -0.0009175863256096067,
        "dy": -6.644933735990233e-05,
        "dz": 0.0004521335421231454,
        "abs_xy": 0.00091998922786156
      },
      "clamped_at_step": false,
      "success_at_step": false
    }
  ],
  "actual_r_joint_after_lift": 0.7499999992707487,
  "truth_after": {
    "name": "wood_block",
    "x": 0.11908242261367313,
    "y": -6.650565335950148e-05,
    "z": 0.7749714659715301,
    "qx": 0.00040724879572021257,
    "qy": 0.00019327896073555937,
    "qz": 0.016577334171355432,
    "qw": 0.9998624849365202,
    "source_topic": "/world/robot_world/dynamic_pose/info"
  },
  "delta_final": {
    "dx": -0.0009175863256096067,
    "dy": -6.644933735990233e-05,
    "dz": 0.0004521335421231454,
    "abs_xy": 0.00091998922786156
  },
  "t_end": 1778638318.7253065,
  "duration_s": 137.48669600486755
}