{
  "trial_id": "step7_probe_z_0020",
  "use_truth": true,
  "success": false,
  "failure_type": "probe_no_contact",
  "t_start": 1778553245.012215,
  "stage": "probe_done",
  "truth_before": {
    "name": "wood_block",
    "x": 0.12,
    "y": -8.215332686121585e-18,
    "z": 0.7744525038980257,
    "qx": -1.959612196366164e-18,
    "qy": -1.6356348206669431e-16,
    "qz": 1.6462324081160988e-18,
    "qw": 1.0,
    "source_topic": "/world/robot_world/dynamic_pose/info"
  },
  "target_source": "gazebo_truth",
  "perception": null,
  "target_world_xyz": [
    0.12,
    -8.215332686121585e-18,
    0.7744525038980257
  ],
  "target_base_xy": [
    0.32,
    -8.215332686121585e-18
  ],
  "waypoints_base": {
    "pregrasp": [
      0.32,
      -8.215332686121585e-18,
      0.22
    ],
    "down": [
      0.32,
      -8.215332686121585e-18,
      0.02
    ],
    "lift": [
      0.32,
      -8.215332686121585e-18,
      0.26
    ]
  },
  "q_targets": {
    "pregrasp": [
      0.0001665554949369278,
      -0.3974436791454456,
      -0.8537688674480459,
      -0.5668163789139772,
      0.031108542253036744
    ],
    "down": [
      0.00018900724768929623,
      -0.8714846646921991,
      -1.0246649921205158,
      -0.5615169296294585,
      0.031109807834223308
    ],
    "lift": [
      0.00014313988772433022,
      -0.3980915144430132,
      -0.7565780229512898,
      -0.4705675130897614,
      0.03115387571826158
    ]
  },
  "truth_after_down": {
    "name": "wood_block",
    "x": 0.12,
    "y": 2.1183681180942097e-18,
    "z": 0.7749845045011514,
    "qx": 1.233510268841759e-17,
    "qy": -1.2034765573474776e-16,
    "qz": 1.0812509370287454e-17,
    "qw": 1.0,
    "source_topic": "/world/robot_world/dynamic_pose/info"
  },
  "truth_after": {
    "name": "wood_block",
    "x": 0.12,
    "y": 2.1183681180942097e-18,
    "z": 0.7749845045011514,
    "qx": 1.233510268841759e-17,
    "qy": -1.2034765573474776e-16,
    "qz": 1.0812509370287454e-17,
    "qw": 1.0,
    "source_topic": "/world/robot_world/dynamic_pose/info"
  },
  "probe_motion": {
    "dx": 0.0,
    "dy": 1.0333700804215795e-17,
    "dz": 0.0005320006031257485,
    "abs_xy": 1.0333700804215795e-17
  },
  "t_end": 1778553304.5037675,
  "duration_s": 59.49155259132385
}