{
  "trial_id": "step7_xoff_0000",
  "mode": "hold_close_multilift_probe",
  "params": {
    "trial_id": "step7_xoff_0000",
    "skip_home": false,
    "pre_z_base": 0.22,
    "down_z_base": 0.02,
    "lift_seq": "0.035,0.045,0.060,0.090",
    "x_offset": 0.0,
    "y_offset": 0.0,
    "close_seq": "1.2,1.1,1.0,0.95,0.9,0.75",
    "gripper_step_dt": 0.8,
    "gripper_hold_s": 45.0,
    "wait_before_lift": 4.0,
    "down_duration": 3.0,
    "lift_duration": 2.5,
    "hold_after_each_lift": 0.8,
    "clamp_dz": 0.012,
    "success_dz": 0.035,
    "max_clamp_xy": 0.035
  },
  "close_values": [
    1.2,
    1.1,
    1.0,
    0.95,
    0.9,
    0.75
  ],
  "lift_zs": [
    0.035,
    0.045,
    0.06,
    0.09
  ],
  "success": false,
  "clamped": false,
  "failure_type": "partial_contact_not_clamped",
  "diagnosis": "object moved slightly but did not reach clamp threshold; tune close endpoint and x/y offset",
  "t_start": 1778651111.0016453,
  "stage": "done",
  "truth_before": {
    "name": "wood_block",
    "x": 0.1199990503113615,
    "y": 4.3039162764807137e-07,
    "z": 0.7744305267640491,
    "qx": -5.488460719386019e-06,
    "qy": -1.2115173786909768e-05,
    "qz": 1.398970137641137e-07,
    "qw": 0.9999999999115399,
    "source_topic": "/world/robot_world/dynamic_pose/info"
  },
  "target_world_xyz": [
    0.1199990503113615,
    4.3039162764807137e-07,
    0.7744305267640491
  ],
  "target_base_xy": [
    0.3199990503113615,
    4.3039162764807137e-07
  ],
  "waypoints_base": {
    "pregrasp": [
      0.3199990503113615,
      4.3039162764807137e-07,
      0.22
    ],
    "down": [
      0.3199990503113615,
      4.3039162764807137e-07,
      0.02
    ],
    "lift_1": [
      0.3199990503113615,
      4.3039162764807137e-07,
      0.035
    ],
    "lift_2": [
      0.3199990503113615,
      4.3039162764807137e-07,
      0.045
    ],
    "lift_3": [
      0.3199990503113615,
      4.3039162764807137e-07,
      0.06
    ],
    "lift_4": [
      0.3199990503113615,
      4.3039162764807137e-07,
      0.09
    ]
  },
  "q_targets": {
    "pregrasp": [
      -0.00015173029510868547,
      -0.39505320152013057,
      -0.8605283766015943,
      -0.5594154826112987,
      -0.027136727172735423
    ],
    "down": [
      -0.00017162470920997267,
      -0.8693335959795724,
      -1.0308210307294492,
      -0.5543386423090575,
      -0.02713726324741636
    ],
    "lift_1": [
      -0.00013269995010685307,
      -0.8111607283870484,
      -1.0377392811973916,
      -0.5777561576689008,
      -0.027132130967676645
    ],
    "lift_2": [
      -0.00016510379548255726,
      -0.7741422570431123,
      -1.0403403810454936,
      -0.5915325020972987,
      -0.02712881537583964
    ],
    "lift_3": [
      -0.00011996271653057672,
      -0.7212898995761333,
      -1.0414269939763565,
      -0.6092412030912759,
      -0.027125031023006414
    ],
    "lift_4": [
      -0.00017857026965688468,
      -0.625848253348023,
      -1.033808863693217,
      -0.633494777667854,
      -0.02711922307043276
    ]
  },
  "truth_after_down": {
    "name": "wood_block",
    "x": 0.11999964136785943,
    "y": 1.6262913232405122e-07,
    "z": 0.7749823555382207,
    "qx": -1.332097204179169e-07,
    "qy": -2.940458163970428e-07,
    "qz": 1.398970145555646e-07,
    "qw": 0.9999999999999382,
    "source_topic": "/world/robot_world/dynamic_pose/info"
  },
  "delta_after_down": {
    "dx": 5.910564979255684e-07,
    "dy": -2.677624953240202e-07,
    "dz": 0.0005518287741715922,
    "abs_xy": 6.488794476959363e-07
  },
  "actual_r_joint_before_lift": 1.2352444648832428,
  "truth_after_hold_close": {
    "name": "wood_block",
    "x": 0.11999965023786764,
    "y": 1.5861080995089392e-07,
    "z": 0.7749906358111192,
    "qx": -5.2843256383219385e-08,
    "qy": -1.1664568022975789e-07,
    "qz": 1.3989701455724934e-07,
    "qw": 0.999999999999982,
    "source_topic": "/world/robot_world/dynamic_pose/info"
  },
  "delta_after_hold_close": {
    "dx": 5.999265061396031e-07,
    "dy": -2.7178081769717743e-07,
    "dz": 0.0005601090470700454,
    "abs_xy": 6.58617207212974e-07
  },
  "lift_results": [
    {
      "name": "lift_1",
      "target_z_base": 0.035,
      "actual_r_joint": 0.8371273327125179,
      "truth": {
        "name": "wood_block",
        "x": 0.12058745657885435,
        "y": -0.0003649024377519683,
        "z": 0.7750901461741856,
        "qx": 0.014389429411864335,
        "qy": 0.0075207199146775615,
        "qz": 0.001233903439632708,
        "qw": 0.9998674214992044,
        "source_topic": "/world/robot_world/dynamic_pose/info"
      },
      "delta": {
        "dx": 0.000588406267492847,
        "dy": -0.00036533282937961637,
        "dz": 0.0006596194101364805,
        "abs_xy": 0.0006925965722174632
      },
      "clamped_at_step": false,
      "success_at_step": false
    },
    {
      "name": "lift_2",
      "target_z_base": 0.045,
      "actual_r_joint": 0.7500009955199941,
      "truth": {
        "name": "wood_block",
        "x": 0.11950192322945362,
        "y": -0.0017697426483012186,
        "z": 0.7757050485724842,
        "qx": 0.03591601889715005,
        "qy": 0.010761204330309497,
        "qz": 0.009725821828531545,
        "qw": 0.9992495406342204,
        "source_topic": "/world/robot_world/dynamic_pose/info"
      },
      "delta": {
        "dx": -0.0004971270819078832,
        "dy": -0.0017701730399288667,
        "dz": 0.001274521808435125,
        "abs_xy": 0.0018386538355158787
      },
      "clamped_at_step": false,
      "success_at_step": false
    },
    {
      "name": "lift_3",
      "target_z_base": 0.06,
      "actual_r_joint": 0.7499999992205069,
      "truth": {
        "name": "wood_block",
        "x": 0.11829837886996736,
        "y": 0.004420233108176748,
        "z": 0.7735445737691136,
        "qx": -0.027507507660618578,
        "qy": 0.002168976734800561,
        "qz": 0.020186019037959732,
        "qw": 0.9994154077247479,
        "source_topic": "/world/robot_world/dynamic_pose/info"
      },
      "delta": {
        "dx": -0.0017006714413941443,
        "dy": 0.0044198027165491,
        "dz": -0.000885952994935546,
        "abs_xy": 0.004735708965380837
      },
      "clamped_at_step": false,
      "success_at_step": false
    },
    {
      "name": "lift_4",
      "target_z_base": 0.09,
      "actual_r_joint": 0.7499999992759808,
      "truth": {
        "name": "wood_block",
        "x": 0.11824928530096415,
        "y": 0.003280024704378061,
        "z": 0.7747572348591889,
        "qx": -0.004722333272155478,
        "qy": 0.0004850899728744969,
        "qz": 0.02066223078584781,
        "qw": 0.9997752429797095,
        "source_topic": "/world/robot_world/dynamic_pose/info"
      },
      "delta": {
        "dx": -0.00174976501039735,
        "dy": 0.003279594312750413,
        "dz": 0.0003267080951397938,
        "abs_xy": 0.0037171785601226763
      },
      "clamped_at_step": false,
      "success_at_step": false
    }
  ],
  "actual_r_joint_after_lift": 0.7499999992759808,
  "truth_after": {
    "name": "wood_block",
    "x": 0.11824928530096415,
    "y": 0.003280024704378061,
    "z": 0.7747572348591889,
    "qx": -0.004722333272155478,
    "qy": 0.0004850899728744969,
    "qz": 0.02066223078584781,
    "qw": 0.9997752429797095,
    "source_topic": "/world/robot_world/dynamic_pose/info"
  },
  "delta_final": {
    "dx": -0.00174976501039735,
    "dy": 0.003279594312750413,
    "dz": 0.0003267080951397938,
    "abs_xy": 0.0037171785601226763
  },
  "t_end": 1778651244.2341955,
  "duration_s": 133.23255014419556
}