{
  "trial_id": "step7_root_c07",
  "mode": "positive_close_root_probe",
  "params": {
    "trial_id": "step7_root_c07",
    "skip_home": false,
    "pre_z_base": 0.22,
    "down_z_base": 0.02,
    "lift_z_base": 0.06,
    "x_offset": 0.0,
    "y_offset": 0.0,
    "close_seq": "1.1,1.0,0.9,0.8,0.7",
    "gripper_duration": 0.8,
    "gripper_settle": 0.8,
    "down_duration": 3.0,
    "lift_duration": 3.0,
    "hold_after_lift": 1.0,
    "clamp_dz": 0.012,
    "success_dz": 0.035,
    "max_clamp_xy": 0.035
  },
  "close_values": [
    1.1,
    1.0,
    0.9,
    0.8,
    0.7
  ],
  "success": false,
  "clamped": false,
  "failure_type": "not_clamped",
  "diagnosis": "r_joint did not reach target, but block still did not move. Likely gripper contact/controller/contact model abnormal.",
  "t_start": 1778569092.1528513,
  "stage": "done",
  "truth_before": {
    "name": "wood_block",
    "x": 0.11999997034468599,
    "y": -4.342344253946492e-05,
    "z": 0.7747817031352826,
    "qx": 6.364591007751215e-05,
    "qy": -0.00031018143454113195,
    "qz": -0.0007262733593616018,
    "qw": 0.9999996861317924,
    "source_topic": "/world/robot_world/dynamic_pose/info"
  },
  "target_world_xyz": [
    0.11999997034468599,
    -4.342344253946492e-05,
    0.7747817031352826
  ],
  "target_base_xy": [
    0.31999997034468597,
    -4.342344253946492e-05
  ],
  "waypoints_base": {
    "pregrasp": [
      0.31999997034468597,
      -4.342344253946492e-05,
      0.22
    ],
    "down": [
      0.31999997034468597,
      -4.342344253946492e-05,
      0.02
    ],
    "lift": [
      0.31999997034468597,
      -4.342344253946492e-05,
      0.06
    ]
  },
  "q_targets": {
    "pregrasp": [
      0.00022658526456240157,
      -0.40996084534010263,
      -0.8192899382715501,
      -0.6038391073341818,
      0.062028654195364706
    ],
    "down": [
      0.0002236094276575344,
      -0.8827916480911738,
      -0.9930927644735497,
      -0.5975015214331312,
      0.062032098308062375
    ],
    "lift": [
      0.00019358063597085478,
      -0.7361581026503085,
      -1.002044042324803,
      -0.652923896479222,
      0.061986556430193414
    ]
  },
  "truth_after_down": {
    "name": "wood_block",
    "x": 0.1200149829007785,
    "y": -4.035438701791514e-05,
    "z": 0.7749891870617988,
    "qx": 2.04675414393037e-06,
    "qy": -9.974955741611166e-06,
    "qz": -0.0007262733409013982,
    "qw": 0.9999997362116378,
    "source_topic": "/world/robot_world/dynamic_pose/info"
  },
  "delta_after_down": {
    "dx": 1.5012556092514062e-05,
    "dy": 3.069055521549781e-06,
    "dz": 0.00020748392651614989,
    "abs_xy": 1.5323052640555545e-05
  },
  "close_results": [
    {
      "i": 0,
      "target_r_joint": 1.1,
      "actual_r_joint": 1.340187375913192,
      "truth": {
        "name": "wood_block",
        "x": 0.11873482967398483,
        "y": -3.706645781002233e-05,
        "z": 0.7736210520115989,
        "qx": 8.840314886427064e-05,
        "qy": -0.026038855633202754,
        "qz": -0.0008522903959791088,
        "qw": 0.9996605642833358,
        "source_topic": "/world/robot_world/dynamic_pose/info"
      },
      "delta": {
        "dx": -0.0012651406707011592,
        "dy": 6.356984729442592e-06,
        "dz": -0.001160651123683687,
        "abs_xy": 0.0012651566416523408
      }
    },
    {
      "i": 1,
      "target_r_joint": 1.0,
      "actual_r_joint": 1.1681327762241918,
      "truth": {
        "name": "wood_block",
        "x": 0.1190102592052828,
        "y": -4.0820932905555e-05,
        "z": 0.7737928814248579,
        "qx": 0.00030947071270214654,
        "qy": -0.021438267560768828,
        "qz": -0.000998890556401917,
        "qw": 0.9997696270289107,
        "source_topic": "/world/robot_world/dynamic_pose/info"
      },
      "delta": {
        "dx": -0.0009897111394031877,
        "dy": 2.6025096339099224e-06,
        "dz": -0.0009888217104246921,
        "abs_xy": 0.0009897145611312136
      }
    },
    {
      "i": 2,
      "target_r_joint": 0.9,
      "actual_r_joint": null,
      "truth": {
        "name": "wood_block",
        "x": 0.11907009965058465,
        "y": -4.109047708257984e-05,
        "z": 0.7738475997944407,
        "qx": 0.00032988136044212414,
        "qy": -0.020324674812360076,
        "qz": -0.0010159515737658367,
        "qw": 0.9997928618541241,
        "source_topic": "/world/robot_world/dynamic_pose/info"
      },
      "delta": {
        "dx": -0.0009298706941013313,
        "dy": 2.332965456885083e-06,
        "dz": -0.0009341033408418742,
        "abs_xy": 0.0009298736207013911
      }
    },
    {
      "i": 3,
      "target_r_joint": 0.8,
      "actual_r_joint": 1.1546142875075138,
      "truth": {
        "name": "wood_block",
        "x": 0.11910750467185874,
        "y": -3.931666266502256e-05,
        "z": 0.7738878235412057,
        "qx": 0.00030493784574216984,
        "qy": -0.019581542962489526,
        "qz": -0.0010287896417657818,
        "qw": 0.9998076873979272,
        "source_topic": "/world/robot_world/dynamic_pose/info"
      },
      "delta": {
        "dx": -0.0008924656728272473,
        "dy": 4.106779874442359e-06,
        "dz": -0.0008938795940769406,
        "abs_xy": 0.0008924751216789901
      }
    },
    {
      "i": 4,
      "target_r_joint": 0.7,
      "actual_r_joint": 1.152486601572835,
      "truth": {
        "name": "wood_block",
        "x": 0.11914222120162399,
        "y": -3.800788826461711e-05,
        "z": 0.7739287875990064,
        "qx": 0.00028315035402715354,
        "qy": -0.018867055843602702,
        "qz": -0.0010354693682042124,
        "qw": 0.9998214249719091,
        "source_topic": "/world/robot_world/dynamic_pose/info"
      },
      "delta": {
        "dx": -0.0008577491430619977,
        "dy": 5.415554274847809e-06,
        "dz": -0.0008529155362761998,
        "abs_xy": 0.0008577662389320852
      }
    }
  ],
  "truth_after_close": {
    "name": "wood_block",
    "x": 0.11914222120162399,
    "y": -3.800788826461711e-05,
    "z": 0.7739287875990064,
    "qx": 0.00028315035402715354,
    "qy": -0.018867055843602702,
    "qz": -0.0010354693682042124,
    "qw": 0.9998214249719091,
    "source_topic": "/world/robot_world/dynamic_pose/info"
  },
  "delta_after_close": {
    "dx": -0.0008577491430619977,
    "dy": 5.415554274847809e-06,
    "dz": -0.0008529155362761998,
    "abs_xy": 0.0008577662389320852
  },
  "actual_r_joint_after_close": 1.152486601572835,
  "truth_after_lift": {
    "name": "wood_block",
    "x": 0.11907118136790094,
    "y": -0.00018260776898129595,
    "z": 0.7744112345589725,
    "qx": -0.006647044005260598,
    "qy": 0.004509492367848227,
    "qz": 0.008466970818696181,
    "qw": 0.99993189352562,
    "source_topic": "/world/robot_world/dynamic_pose/info"
  },
  "delta_after_lift": {
    "dx": -0.0009287889767850416,
    "dy": -0.00013918432644183102,
    "dz": -0.0003704685763100679,
    "abs_xy": 0.0009391598586633006
  },
  "truth_after": {
    "name": "wood_block",
    "x": 0.11907118136790094,
    "y": -0.00018260776898129595,
    "z": 0.7744112345589725,
    "qx": -0.006647044005260598,
    "qy": 0.004509492367848227,
    "qz": 0.008466970818696181,
    "qw": 0.99993189352562,
    "source_topic": "/world/robot_world/dynamic_pose/info"
  },
  "delta_final": {
    "dx": -0.0009287889767850416,
    "dy": -0.00013918432644183102,
    "dz": -0.0003704685763100679,
    "abs_xy": 0.0009391598586633006
  },
  "reached_close_target": false,
  "close_moved_block": false,
  "t_end": 1778569663.1867483,
  "duration_s": 571.0338969230652
}