{
  "trial_id": "step7_xoff_m0030",
  "mode": "hold_close_multilift_probe",
  "params": {
    "trial_id": "step7_xoff_m0030",
    "skip_home": false,
    "pre_z_base": 0.22,
    "down_z_base": 0.02,
    "lift_seq": "0.035,0.045,0.060,0.090",
    "x_offset": -0.03,
    "y_offset": 0.0,
    "close_seq": "1.2,1.1,1.0,0.95,0.9,0.75",
    "gripper_step_dt": 0.8,
    "gripper_hold_s": 45.0,
    "wait_before_lift": 4.0,
    "down_duration": 3.0,
    "lift_duration": 2.5,
    "hold_after_each_lift": 0.8,
    "clamp_dz": 0.012,
    "success_dz": 0.035,
    "max_clamp_xy": 0.035
  },
  "close_values": [
    1.2,
    1.1,
    1.0,
    0.95,
    0.9,
    0.75
  ],
  "lift_zs": [
    0.035,
    0.045,
    0.06,
    0.09
  ],
  "success": false,
  "clamped": false,
  "failure_type": "partial_contact_not_clamped",
  "diagnosis": "object moved slightly but did not reach clamp threshold; tune close endpoint and x/y offset",
  "t_start": 1778649566.370396,
  "stage": "done",
  "truth_before": {
    "name": "wood_block",
    "x": 0.119999968143993,
    "y": -1.9892958296281307e-08,
    "z": 0.7744633264100699,
    "qx": 2.50789569175499e-07,
    "qy": -4.0160716346928276e-07,
    "qz": -1.361721162598178e-11,
    "qw": 0.9999999999998879,
    "source_topic": "/world/robot_world/dynamic_pose/info"
  },
  "target_world_xyz": [
    0.119999968143993,
    -1.9892958296281307e-08,
    0.7744633264100699
  ],
  "target_base_xy": [
    0.289999968143993,
    -1.9892958296281307e-08
  ],
  "waypoints_base": {
    "pregrasp": [
      0.289999968143993,
      -1.9892958296281307e-08,
      0.22
    ],
    "down": [
      0.289999968143993,
      -1.9892958296281307e-08,
      0.02
    ],
    "lift_1": [
      0.289999968143993,
      -1.9892958296281307e-08,
      0.035
    ],
    "lift_2": [
      0.289999968143993,
      -1.9892958296281307e-08,
      0.045
    ],
    "lift_3": [
      0.289999968143993,
      -1.9892958296281307e-08,
      0.06
    ],
    "lift_4": [
      0.289999968143993,
      -1.9892958296281307e-08,
      0.09
    ]
  },
  "q_targets": {
    "pregrasp": [
      -0.00012142017182384477,
      -0.23957716839072274,
      -0.9262082472476524,
      -0.7768884988154809,
      -0.014352061766584026
    ],
    "down": [
      -7.173718194861826e-05,
      -0.7567364711725633,
      -1.1216706573703898,
      -0.7443295386095068,
      -0.014354771009208058
    ],
    "lift_1": [
      -0.00010438986219466895,
      -0.6965773654401267,
      -1.1248336534293173,
      -0.7704746787746598,
      -0.0143525494540456
    ],
    "lift_2": [
      -6.62833856068778e-05,
      -0.6580649601150513,
      -1.1250523931462957,
      -0.7860220044671561,
      -0.014351575965973683
    ],
    "lift_3": [
      -0.0001120087190988097,
      -0.6027441163464732,
      -1.122760634120352,
      -0.8063059459068057,
      -0.01434973301274345
    ],
    "lift_4": [
      -5.41265859529261e-05,
      -0.5014967139435058,
      -1.1092567210037974,
      -0.8354679338900634,
      -0.014347830249590876
    ]
  },
  "truth_after_down": {
    "name": "wood_block",
    "x": 0.11999998774668377,
    "y": -7.651766444884405e-09,
    "z": 0.7749834087747772,
    "qx": 5.965756928937798e-09,
    "qy": -9.553390812859178e-09,
    "qz": -1.361723689068548e-11,
    "qw": 0.9999999999999999,
    "source_topic": "/world/robot_world/dynamic_pose/info"
  },
  "delta_after_down": {
    "dx": 1.9602690776165943e-08,
    "dy": 1.2241191851396902e-08,
    "dz": 0.0005200823647073527,
    "abs_xy": 2.3110868949667107e-08
  },
  "actual_r_joint_before_lift": 1.242777800987895,
  "truth_after_hold_close": {
    "name": "wood_block",
    "x": 0.11999998801900165,
    "y": -7.481713498214066e-09,
    "z": 0.7749906327799557,
    "qx": 2.5646980720108657e-09,
    "qy": -4.107033624011471e-09,
    "qz": -1.3617225361781125e-11,
    "qw": 1.0,
    "source_topic": "/world/robot_world/dynamic_pose/info"
  },
  "delta_after_hold_close": {
    "dx": 1.9875008652747717e-08,
    "dy": 1.2411244798067241e-08,
    "dz": 0.0005273063698858493,
    "abs_xy": 2.343192195242097e-08
  },
  "lift_results": [
    {
      "name": "lift_1",
      "target_z_base": 0.035,
      "actual_r_joint": 0.8438946962653912,
      "truth": {
        "name": "wood_block",
        "x": 0.12098195310868473,
        "y": 0.0002060159679529081,
        "z": 0.774821183891248,
        "qx": 0.008036817886167386,
        "qy": 0.006871829640073243,
        "qz": -0.011768005151508984,
        "qw": 0.9998748429530651,
        "source_topic": "/world/robot_world/dynamic_pose/info"
      },
      "delta": {
        "dx": 0.0009819849646917345,
        "dy": 0.0002060358609112044,
        "dz": 0.00035785748117811433,
        "abs_xy": 0.0010033669552372392
      },
      "clamped_at_step": false,
      "success_at_step": false
    },
    {
      "name": "lift_2",
      "target_z_base": 0.045,
      "actual_r_joint": 0.7500012084644638,
      "truth": {
        "name": "wood_block",
        "x": 0.12071661964453004,
        "y": 0.00048451575363815376,
        "z": 0.7748568231177674,
        "qx": 0.0010044036283721484,
        "qy": 0.0010716369757456845,
        "qz": -0.010185907731513646,
        "qw": 0.9999470436234255,
        "source_topic": "/world/robot_world/dynamic_pose/info"
      },
      "delta": {
        "dx": 0.0007166515005370411,
        "dy": 0.00048453564659645,
        "dz": 0.0003934967076975049,
        "abs_xy": 0.0008650804390602254
      },
      "clamped_at_step": false,
      "success_at_step": false
    },
    {
      "name": "lift_3",
      "target_z_base": 0.06,
      "actual_r_joint": 0.7499999991118299,
      "truth": {
        "name": "wood_block",
        "x": 0.12070041395851729,
        "y": 0.0005078986478114935,
        "z": 0.7749833677005559,
        "qx": 0.00041952740717334815,
        "qy": 0.00026948051233575406,
        "qz": -0.01006537634753756,
        "qw": 0.9999492184986148,
        "source_topic": "/world/robot_world/dynamic_pose/info"
      },
      "delta": {
        "dx": 0.0007004458145242892,
        "dy": 0.0005079185407697897,
        "dz": 0.0005200412904859952,
        "abs_xy": 0.000865219962288381
      },
      "clamped_at_step": false,
      "success_at_step": false
    },
    {
      "name": "lift_4",
      "target_z_base": 0.09,
      "actual_r_joint": 0.7499999991501356,
      "truth": {
        "name": "wood_block",
        "x": 0.12068855878795388,
        "y": 0.0005263843774598566,
        "z": 0.7749933475609855,
        "qx": 5.227071276748778e-05,
        "qy": 2.8709466715068308e-05,
        "qz": -0.010065414664064722,
        "qw": 0.999949340652405,
        "source_topic": "/world/robot_world/dynamic_pose/info"
      },
      "delta": {
        "dx": 0.0006885906439608874,
        "dy": 0.0005264042704181529,
        "dz": 0.000530021150915605,
        "abs_xy": 0.0008667517123518923
      },
      "clamped_at_step": false,
      "success_at_step": false
    }
  ],
  "actual_r_joint_after_lift": 0.7499999991501356,
  "truth_after": {
    "name": "wood_block",
    "x": 0.12068855878795388,
    "y": 0.0005263843774598566,
    "z": 0.7749933475609855,
    "qx": 5.227071276748778e-05,
    "qy": 2.8709466715068308e-05,
    "qz": -0.010065414664064722,
    "qw": 0.999949340652405,
    "source_topic": "/world/robot_world/dynamic_pose/info"
  },
  "delta_final": {
    "dx": 0.0006885906439608874,
    "dy": 0.0005264042704181529,
    "dz": 0.000530021150915605,
    "abs_xy": 0.0008667517123518923
  },
  "t_end": 1778649701.3613615,
  "duration_s": 134.9909656047821
}