{
  "trial_id": "step7_slowclose_z085_seq1",
  "use_truth": true,
  "success": false,
  "failure_type": "grasp_no_lift",
  "t_start": 1778549867.3399143,
  "stage": "done",
  "truth_before": {
    "name": "wood_block",
    "x": 0.12,
    "y": 3.962665298993472e-18,
    "z": 0.7745939795894908,
    "qx": 4.9742878125014836e-17,
    "qy": 2.8247159476521933e-17,
    "qz": 2.7346990258941107e-16,
    "qw": 1.0,
    "source_topic": "/world/robot_world/dynamic_pose/info"
  },
  "target_source": "gazebo_truth",
  "perception": null,
  "target_world_xyz": [
    0.12,
    3.962665298993472e-18,
    0.7745939795894908
  ],
  "target_base_xy": [
    0.32,
    3.962665298993472e-18
  ],
  "waypoints_base": {
    "pregrasp": [
      0.32,
      3.962665298993472e-18,
      0.22
    ],
    "down": [
      0.32,
      3.962665298993472e-18,
      0.085
    ],
    "lift": [
      0.32,
      3.962665298993472e-18,
      0.26
    ]
  },
  "q_targets": {
    "pregrasp": [
      0.0001030921680836893,
      -0.40621146235668065,
      -0.8294959143735136,
      -0.5929708643348489,
      0.019637977298816868
    ],
    "down": [
      0.0001225206379365246,
      -0.6538998718122191,
      -1.0016910999304987,
      -0.668166767074176,
      0.019612720843502084
    ],
    "lift": [
      0.00010994408137124212,
      -0.4077920481202274,
      -0.7277326780430312,
      -0.502171992590526,
      0.01966788749449898
    ]
  },
  "close_sequence": [
    0.6,
    0.4,
    0.2,
    0.0
  ],
  "truth_after": {
    "name": "wood_block",
    "x": 0.12,
    "y": 1.3298048054227102e-18,
    "z": 0.7749956925160869,
    "qx": 5.223086082979582e-17,
    "qy": -1.661339890695381e-16,
    "qz": 3.6605428326610894e-16,
    "qw": 1.0,
    "source_topic": "/world/robot_world/dynamic_pose/info"
  },
  "t_end": 1778549961.3763237,
  "duration_s": 94.03640937805176
}