{
  "trial_id": "step7_close_1",
  "use_truth": true,
  "success": false,
  "failure_type": "grasp_no_lift",
  "t_start": 1778551392.5283232,
  "stage": "done",
  "truth_before": {
    "name": "wood_block",
    "x": 0.12,
    "y": -1.6344856106283143e-17,
    "z": 0.7745142424088131,
    "qx": 2.665595071159049e-16,
    "qy": -1.436323124989658e-16,
    "qz": -2.7971268803304546e-17,
    "qw": 1.0,
    "source_topic": "/world/robot_world/dynamic_pose/info"
  },
  "target_source": "gazebo_truth",
  "perception": null,
  "target_world_xyz": [
    0.12,
    -1.6344856106283143e-17,
    0.7745142424088131
  ],
  "target_base_xy": [
    0.32,
    -1.6344856106283143e-17
  ],
  "waypoints_base": {
    "pregrasp": [
      0.32,
      -1.6344856106283143e-17,
      0.22
    ],
    "down": [
      0.32,
      -1.6344856106283143e-17,
      0.08
    ],
    "lift": [
      0.32,
      -1.6344856106283143e-17,
      0.26
    ]
  },
  "q_targets": {
    "pregrasp": [
      6.677114812480421e-05,
      -0.38651540472823076,
      -0.8850201901224812,
      -0.5321499675378154,
      0.011909723663070264
    ],
    "down": [
      7.186574561870991e-05,
      -0.648591245853232,
      -1.0580919801338018,
      -0.6040054294814698,
      0.011892399926036221
    ],
    "lift": [
      7.208382192502725e-05,
      -0.3902730335089737,
      -0.7808053665238254,
      -0.44306600215537845,
      0.011930795594351761
    ]
  },
  "close_sequence": [
    0.8,
    0.5,
    0.3,
    0.1
  ],
  "truth_after": {
    "name": "wood_block",
    "x": 0.12,
    "y": -2.8337949713522624e-18,
    "z": 0.7749956925163922,
    "qx": 5.272069994749577e-17,
    "qy": -1.5737058635494668e-16,
    "qz": 9.865759396646815e-18,
    "qw": 1.0,
    "source_topic": "/world/robot_world/dynamic_pose/info"
  },
  "t_end": 1778551489.0088525,
  "duration_s": 96.48052930831909
}