{
  "trial_id": "step7_z_0080_seq1",
  "use_truth": true,
  "success": false,
  "failure_type": "grasp_no_lift",
  "t_start": 1778550874.330393,
  "stage": "done",
  "truth_before": {
    "name": "wood_block",
    "x": 0.12,
    "y": 1.535312327350208e-18,
    "z": 0.7744414439968099,
    "qx": 5.374496038775019e-17,
    "qy": 8.664469274417631e-17,
    "qz": 1.4151364011940858e-16,
    "qw": 1.0,
    "source_topic": "/world/robot_world/dynamic_pose/info"
  },
  "target_source": "gazebo_truth",
  "perception": null,
  "target_world_xyz": [
    0.12,
    1.535312327350208e-18,
    0.7744414439968099
  ],
  "target_base_xy": [
    0.32,
    1.535312327350208e-18
  ],
  "waypoints_base": {
    "pregrasp": [
      0.32,
      1.535312327350208e-18,
      0.22
    ],
    "down": [
      0.32,
      1.535312327350208e-18,
      0.08
    ],
    "lift": [
      0.32,
      1.535312327350208e-18,
      0.26
    ]
  },
  "q_targets": {
    "pregrasp": [
      -0.0001669351116778061,
      -0.41311793341166303,
      -0.8107339485188587,
      -0.6128516482287747,
      -0.030297441392226166
    ],
    "down": [
      -0.00017580225201892344,
      -0.6762898771764094,
      -0.9852879862641536,
      -0.6844887540305639,
      -0.030277746962314882
    ],
    "lift": [
      -0.0001727279649708656,
      -0.4140533889461856,
      -0.7096849563468591,
      -0.521427222435886,
      -0.03032212085236838
    ]
  },
  "close_sequence": [
    0.6,
    0.4,
    0.2,
    0.0
  ],
  "truth_after": {
    "name": "wood_block",
    "x": 0.12,
    "y": 3.2029546477974646e-17,
    "z": 0.7749956925163056,
    "qx": 5.043359516474354e-17,
    "qy": 9.77825265936111e-17,
    "qz": 5.561144398220077e-16,
    "qw": 1.0,
    "source_topic": "/world/robot_world/dynamic_pose/info"
  },
  "t_end": 1778550968.6808572,
  "duration_s": 94.35046410560608
}