{
  "trial_id": "step7_close_4",
  "use_truth": true,
  "success": false,
  "failure_type": "grasp_no_lift",
  "t_start": 1778551681.4697917,
  "stage": "done",
  "truth_before": {
    "name": "wood_block",
    "x": 0.12,
    "y": -1.0288699666884466e-18,
    "z": 0.7744524813975546,
    "qx": 5.853461632531841e-16,
    "qy": -2.024314070210498e-16,
    "qz": 1.0636078835568524e-16,
    "qw": 1.0,
    "source_topic": "/world/robot_world/dynamic_pose/info"
  },
  "target_source": "gazebo_truth",
  "perception": null,
  "target_world_xyz": [
    0.12,
    -1.0288699666884466e-18,
    0.7744524813975546
  ],
  "target_base_xy": [
    0.32,
    -1.0288699666884466e-18
  ],
  "waypoints_base": {
    "pregrasp": [
      0.32,
      -1.0288699666884466e-18,
      0.22
    ],
    "down": [
      0.32,
      -1.0288699666884466e-18,
      0.08
    ],
    "lift": [
      0.32,
      -1.0288699666884466e-18,
      0.26
    ]
  },
  "q_targets": {
    "pregrasp": [
      -3.7157120387178643e-05,
      -0.40861760989559887,
      -0.8229155111624666,
      -0.5999504072807336,
      -0.008572927280983024
    ],
    "down": [
      -5.909665451090095e-05,
      -0.671620711914475,
      -0.9972408316197223,
      -0.6715963165468373,
      -0.008572148126361598
    ],
    "lift": [
      -2.9990947810659418e-05,
      -0.40998589279908115,
      -0.721399608629365,
      -0.5089328677105858,
      -0.008573801751182079
    ]
  },
  "close_sequence": [
    0.5,
    0.2,
    0.0,
    -0.2
  ],
  "truth_after": {
    "name": "wood_block",
    "x": 0.12,
    "y": 3.083139538631989e-17,
    "z": 0.7749956925164087,
    "qx": 1.5926601378666557e-17,
    "qy": -1.4609863396188863e-16,
    "qz": 2.3750262600535183e-16,
    "qw": 1.0,
    "source_topic": "/world/robot_world/dynamic_pose/info"
  },
  "t_end": 1778551775.8298533,
  "duration_s": 94.36006164550781
}