{
  "trial_id": "step7_probe_z_0060",
  "use_truth": true,
  "success": false,
  "failure_type": "probe_no_contact",
  "t_start": 1778552756.4508014,
  "stage": "probe_done",
  "truth_before": {
    "name": "wood_block",
    "x": 0.12,
    "y": -7.30071175730168e-19,
    "z": 0.7744470183923128,
    "qx": 5.639963028957251e-18,
    "qy": 1.4449658891943022e-16,
    "qz": 9.113132740225944e-17,
    "qw": 1.0,
    "source_topic": "/world/robot_world/dynamic_pose/info"
  },
  "target_source": "gazebo_truth",
  "perception": null,
  "target_world_xyz": [
    0.12,
    -7.30071175730168e-19,
    0.7744470183923128
  ],
  "target_base_xy": [
    0.32,
    -7.30071175730168e-19
  ],
  "waypoints_base": {
    "pregrasp": [
      0.32,
      -7.30071175730168e-19,
      0.22
    ],
    "down": [
      0.32,
      -7.30071175730168e-19,
      0.06
    ],
    "lift": [
      0.32,
      -7.30071175730168e-19,
      0.26
    ]
  },
  "q_targets": {
    "pregrasp": [
      0.0006043065406248445,
      -0.3975963848043498,
      -0.8534103352803557,
      -0.5672222518607959,
      0.10941717922065801
    ],
    "down": [
      0.0006175901801528479,
      -0.7250039003997798,
      -1.0314762351471896,
      -0.6204829201857546,
      0.10934021455371973
    ],
    "lift": [
      0.0006157136555229998,
      -0.39983360244452665,
      -0.7512216540887541,
      -0.47663925658004985,
      0.1095445700565975
    ]
  },
  "truth_after_down": {
    "name": "wood_block",
    "x": 0.12,
    "y": 2.4693308881273184e-17,
    "z": 0.7749834087667536,
    "qx": 5.0277331896122657e-17,
    "qy": 1.346722656266964e-16,
    "qz": 5.1676700386418127e-17,
    "qw": 1.0,
    "source_topic": "/world/robot_world/dynamic_pose/info"
  },
  "truth_after": {
    "name": "wood_block",
    "x": 0.12,
    "y": 2.4693308881273184e-17,
    "z": 0.7749834087667536,
    "qx": 5.0277331896122657e-17,
    "qy": 1.346722656266964e-16,
    "qz": 5.1676700386418127e-17,
    "qw": 1.0,
    "source_topic": "/world/robot_world/dynamic_pose/info"
  },
  "probe_motion": {
    "dx": 0.0,
    "dy": 2.542338005700335e-17,
    "dz": 0.0005363903744408649,
    "abs_xy": 2.542338005700335e-17
  },
  "t_end": 1778552816.3113563,
  "duration_s": 59.860554933547974
}