{
  "trial_id": "step7_xoff_0040",
  "mode": "hold_close_multilift_probe",
  "params": {
    "trial_id": "step7_xoff_0040",
    "skip_home": false,
    "pre_z_base": 0.22,
    "down_z_base": 0.02,
    "lift_seq": "0.035,0.045,0.060,0.090",
    "x_offset": 0.04,
    "y_offset": 0.0,
    "close_seq": "1.2,1.1,1.0,0.95,0.9,0.75",
    "gripper_step_dt": 0.8,
    "gripper_hold_s": 45.0,
    "wait_before_lift": 4.0,
    "down_duration": 3.0,
    "lift_duration": 2.5,
    "hold_after_each_lift": 0.8,
    "clamp_dz": 0.012,
    "success_dz": 0.035,
    "max_clamp_xy": 0.035
  },
  "close_values": [
    1.2,
    1.1,
    1.0,
    0.95,
    0.9,
    0.75
  ],
  "lift_zs": [
    0.035,
    0.045,
    0.06,
    0.09
  ],
  "success": false,
  "clamped": false,
  "failure_type": "partial_contact_not_clamped",
  "diagnosis": "object moved slightly but did not reach clamp threshold; tune close endpoint and x/y offset",
  "t_start": 1778650514.727399,
  "stage": "done",
  "truth_before": {
    "name": "wood_block",
    "x": 0.12000003829544997,
    "y": -5.372808901227641e-08,
    "z": 0.774435890385876,
    "qx": 6.89412187736346e-07,
    "qy": 4.913881505340002e-07,
    "qz": -2.304460695918516e-11,
    "qw": 0.9999999999996416,
    "source_topic": "/world/robot_world/dynamic_pose/info"
  },
  "target_world_xyz": [
    0.12000003829544997,
    -5.372808901227641e-08,
    0.774435890385876
  ],
  "target_base_xy": [
    0.36000003829544996,
    -5.372808901227641e-08
  ],
  "waypoints_base": {
    "pregrasp": [
      0.36000003829544996,
      -5.372808901227641e-08,
      0.22
    ],
    "down": [
      0.36000003829544996,
      -5.372808901227641e-08,
      0.02
    ],
    "lift_1": [
      0.36000003829544996,
      -5.372808901227641e-08,
      0.035
    ],
    "lift_2": [
      0.36000003829544996,
      -5.372808901227641e-08,
      0.045
    ],
    "lift_3": [
      0.36000003829544996,
      -5.372808901227641e-08,
      0.06
    ],
    "lift_4": [
      0.36000003829544996,
      -5.372808901227641e-08,
      0.09
    ]
  },
  "q_targets": {
    "pregrasp": [
      0.00015247780150467603,
      -0.6890641078928974,
      -0.614845314558317,
      -0.3277965144979599,
      0.03584179649093417
    ],
    "down": [
      0.0001957972442408069,
      -1.0947472336744184,
      -0.7807207511682286,
      -0.36620966910147823,
      0.03582035335713329
    ],
    "lift_1": [
      0.00017050038113829277,
      -1.0380423996279817,
      -0.7924530386116632,
      -0.3892737774995194,
      0.03580867878766974
    ],
    "lift_2": [
      0.000178977564887402,
      -1.0024970289824366,
      -0.7977920488143547,
      -0.4025063987378031,
      0.03580187285558497
    ],
    "lift_3": [
      0.00014972034960778583,
      -0.9524507362926325,
      -0.8023764467617932,
      -0.419013821630805,
      0.03579359349235786
    ],
    "lift_4": [
      0.00018977580436020216,
      -0.8641198019231969,
      -0.8000119584660734,
      -0.4399967617923323,
      0.035782782069103146
    ]
  },
  "truth_after_down": {
    "name": "wood_block",
    "x": 0.12063378037829849,
    "y": 0.00013468894427114524,
    "z": 0.7734683552051264,
    "qx": 0.0014612425547188015,
    "qy": 0.002644997861593514,
    "qz": -0.004172103941353124,
    "qw": 0.9999867310645731,
    "source_topic": "/world/robot_world/dynamic_pose/info"
  },
  "delta_after_down": {
    "dx": 0.0006337420828485124,
    "dy": 0.00013474267236015752,
    "dz": -0.0009675351807496568,
    "abs_xy": 0.0006479078756489441
  },
  "actual_r_joint_before_lift": 1.3601249170754603,
  "truth_after_hold_close": {
    "name": "wood_block",
    "x": 0.12138388561578753,
    "y": 0.00036203114963497863,
    "z": 0.774367705441709,
    "qx": 0.0011146931384854,
    "qy": 0.010184194700268068,
    "qz": -0.008524891890657188,
    "qw": 0.9999111789832968,
    "source_topic": "/world/robot_world/dynamic_pose/info"
  },
  "delta_after_hold_close": {
    "dx": 0.0013838473203375556,
    "dy": 0.0003620848777239909,
    "dz": -6.818494416704901e-05,
    "abs_xy": 0.0014304331038821182
  },
  "lift_results": [
    {
      "name": "lift_1",
      "target_z_base": 0.035,
      "actual_r_joint": 0.9552959042298089,
      "truth": {
        "name": "wood_block",
        "x": 0.12017830911234233,
        "y": 0.001199429339213267,
        "z": 0.7749860774150099,
        "qx": -0.018327270585177385,
        "qy": -0.015880384910793615,
        "qz": -0.01309440423251433,
        "qw": 0.9996201584130735,
        "source_topic": "/world/robot_world/dynamic_pose/info"
      },
      "delta": {
        "dx": 0.00017827081689235358,
        "dy": 0.0011994830673022793,
        "dz": 0.0005501870291338973,
        "abs_xy": 0.0012126582836480982
      },
      "clamped_at_step": false,
      "success_at_step": false
    },
    {
      "name": "lift_2",
      "target_z_base": 0.045,
      "actual_r_joint": 0.7501282506750734,
      "truth": {
        "name": "wood_block",
        "x": 0.11995873315757527,
        "y": -4.372841890597601e-05,
        "z": 0.7738717236807597,
        "qx": -0.0032828712021649186,
        "qy": -0.013364472440632566,
        "qz": -0.017029274677047884,
        "qw": 0.999760279985671,
        "source_topic": "/world/robot_world/dynamic_pose/info"
      },
      "delta": {
        "dx": -4.1305137874703135e-05,
        "dy": -4.367469081696373e-05,
        "dz": -0.0005641667051162758,
        "abs_xy": 6.011316854737913e-05
      },
      "clamped_at_step": false,
      "success_at_step": false
    },
    {
      "name": "lift_3",
      "target_z_base": 0.06,
      "actual_r_joint": 0.7500000005164301,
      "truth": {
        "name": "wood_block",
        "x": 0.12038268280776235,
        "y": -0.000241373364400783,
        "z": 0.7748666422183104,
        "qx": -0.000713287180573834,
        "qy": -0.0016013736178265862,
        "qz": -0.01579605923738881,
        "qw": 0.999873697692115,
        "source_topic": "/world/robot_world/dynamic_pose/info"
      },
      "delta": {
        "dx": 0.0003826445123123745,
        "dy": -0.00024131963631177073,
        "dz": 0.00043075183243435067,
        "abs_xy": 0.00045238478054905894
      },
      "clamped_at_step": false,
      "success_at_step": false
    },
    {
      "name": "lift_4",
      "target_z_base": 0.09,
      "actual_r_joint": 0.7499999993539471,
      "truth": {
        "name": "wood_block",
        "x": 0.12045003955043067,
        "y": -0.00027265987820736617,
        "z": 0.7749763375616395,
        "qx": -0.00010891300793568284,
        "qy": -0.0002445164247092599,
        "qz": -0.015796047250583662,
        "qw": 0.9998751988328004,
        "source_topic": "/world/robot_world/dynamic_pose/info"
      },
      "delta": {
        "dx": 0.00045000125498069476,
        "dy": -0.0002726061501183539,
        "dz": 0.0005404471757635143,
        "abs_xy": 0.0005261323432051585
      },
      "clamped_at_step": false,
      "success_at_step": false
    }
  ],
  "actual_r_joint_after_lift": 0.7499999993539471,
  "truth_after": {
    "name": "wood_block",
    "x": 0.12045003955043067,
    "y": -0.00027265987820736617,
    "z": 0.7749763375616395,
    "qx": -0.00010891300793568284,
    "qy": -0.0002445164247092599,
    "qz": -0.015796047250583662,
    "qw": 0.9998751988328004,
    "source_topic": "/world/robot_world/dynamic_pose/info"
  },
  "delta_final": {
    "dx": 0.00045000125498069476,
    "dy": -0.0002726061501183539,
    "dz": 0.0005404471757635143,
    "abs_xy": 0.0005261323432051585
  },
  "t_end": 1778650663.444384,
  "duration_s": 148.7169849872589
}