{
  "name": "wood_block",
  "x": 0.12070242749924764,
  "y": -3.9222543885931225e-05,
  "z": 0.7737436650415067,
  "qx": 0.00854908575122289,
  "qy": -0.011350682328891084,
  "qz": -0.007748179656117068,
  "qw": 0.9998690118488038,
  "source_topic": "/world/robot_world/dynamic_pose/info"
}