{
  "name": "wood_block",
  "x": 0.12067626548587397,
  "y": 0.000280539450366065,
  "z": 0.7736391666054199,
  "qx": 0.005369795195251358,
  "qy": -0.030445678021526347,
  "qz": -0.01032485050030183,
  "qw": 0.9994686705702771,
  "source_topic": "/world/robot_world/dynamic_pose/info"
}