{
  "name": "wood_block",
  "x": 0.11865516110143244,
  "y": 0.0001891797174657614,
  "z": 0.7753781784787839,
  "qx": -0.006114366570795364,
  "qy": -0.015350825211977276,
  "qz": -0.006089373872998703,
  "qw": 0.9998449310831076,
  "source_topic": "/world/robot_world/dynamic_pose/info"
}