{
  "name": "wood_block",
  "x": 0.12006266361014707,
  "y": 0.0002560905765433262,
  "z": 0.7749729098742691,
  "qx": 0.0013792193046964938,
  "qy": -0.002766128425986705,
  "qz": -0.007406053764313375,
  "qw": 0.9999677978091498,
  "source_topic": "/world/robot_world/dynamic_pose/info"
}