{
  "name": "wood_block",
  "x": 0.12,
  "y": -4.852253977883152e-19,
  "z": 0.7684972950005287,
  "qx": -6.897081753094377e-17,
  "qy": 8.647608653078042e-17,
  "qz": 2.110569163854792e-17,
  "qw": 1.0,
  "source_topic": "/world/robot_world/dynamic_pose/info"
}