{
  "name": "wood_block",
  "x": 0.12,
  "y": -5.267968346470126e-18,
  "z": 0.7684972950126161,
  "qx": 5.611376788381511e-17,
  "qy": -7.477279653104138e-17,
  "qz": 3.844701610411249e-18,
  "qw": 1.0,
  "source_topic": "/world/robot_world/dynamic_pose/info"
}