{
  "name": "wood_block",
  "x": 0.12,
  "y": 3.083139538631989e-17,
  "z": 0.7749956925164087,
  "qx": 1.5926601378666557e-17,
  "qy": -1.4609863396188863e-16,
  "qz": 2.3750262600535183e-16,
  "qw": 1.0,
  "source_topic": "/world/robot_world/dynamic_pose/info"
}