{
  "name": "wood_block",
  "x": 0.12,
  "y": 1.066059125161629e-17,
  "z": 0.774737685622604,
  "qx": 3.6429892857332274e-17,
  "qy": -1.384353327294565e-16,
  "qz": 8.015802202878882e-17,
  "qw": 1.0,
  "source_topic": "/world/robot_world/dynamic_pose/info"
}