{
  "name": "wood_block",
  "x": 0.11920656953772835,
  "y": -0.0002834779751661782,
  "z": 0.7748250235225371,
  "qx": -0.0017876365704397746,
  "qy": 0.0006698998077563284,
  "qz": 0.009197737378836973,
  "qw": 0.9999558776350332,
  "source_topic": "/world/robot_world/dynamic_pose/info"
}