{
  "name": "wood_block",
  "x": 0.11999995549883248,
  "y": -3.2724871139714374e-07,
  "z": 0.7749835466643697,
  "qx": 2.4237767258360136e-07,
  "qy": -3.340633875332509e-08,
  "qz": 1.2946971659340652e-07,
  "qw": 0.9999999999999617,
  "source_topic": "/world/robot_world/dynamic_pose/info"
}