{
  "name": "wood_block",
  "x": 0.120562894864135,
  "y": 9.084056129886217e-06,
  "z": 0.7738782813832078,
  "qx": 0.0068920800506123165,
  "qy": -0.010173391783106764,
  "qz": -0.007050744718066683,
  "qw": 0.9998996391294098,
  "source_topic": "/world/robot_world/dynamic_pose/info"
}