{
  "name": "wood_block",
  "x": 0.11999993265338535,
  "y": 1.8305286911839431e-07,
  "z": 0.7749835481814946,
  "qx": -1.3485800522349223e-07,
  "qy": -4.961204493674907e-08,
  "qz": 3.792183666796658e-09,
  "qw": 0.9999999999999897,
  "source_topic": "/world/robot_world/dynamic_pose/info"
}