{
  "name": "wood_block",
  "x": 0.12000002350310361,
  "y": 3.522515033487057e-07,
  "z": 0.7744581521594165,
  "qx": -4.426369461387518e-06,
  "qy": 2.9533053555370196e-07,
  "qz": 6.409255266444694e-10,
  "qw": 0.99999999999016,
  "source_topic": "/world/robot_world/dynamic_pose/info"
}