{
  "name": "wood_block",
  "x": 0.11970404957734788,
  "y": -8.565872571051578e-05,
  "z": 0.7746234067108048,
  "qx": 0.005516627449840277,
  "qy": -0.001270843835855896,
  "qz": -0.016777962359515577,
  "qw": 0.999843213587304,
  "source_topic": "/world/robot_world/dynamic_pose/info"
}