{
  "name": "wood_block",
  "x": 0.12037182540421182,
  "y": -0.00039150355772961474,
  "z": 0.7743823387696427,
  "qx": 0.010335398658941033,
  "qy": -0.0003887174155901703,
  "qz": -0.0012194907003276732,
  "qw": 0.9999457691673901,
  "source_topic": "/world/robot_world/dynamic_pose/info"
}