{
  "name": "wood_block",
  "x": 0.12,
  "y": 1.9266224927959088e-17,
  "z": 0.7749936907473186,
  "qx": 3.4428215089827345e-17,
  "qy": 9.333108919908632e-17,
  "qz": 2.2100597310595862e-16,
  "qw": 1.0,
  "source_topic": "/world/robot_world/dynamic_pose/info"
}