{
  "name": "wood_block",
  "x": 0.1199999564793679,
  "y": -3.201344895684283e-07,
  "z": 0.7749909043636388,
  "qx": 1.0009325282682998e-07,
  "qy": -1.3795615102907923e-08,
  "qz": 1.2946971658295974e-07,
  "qw": 0.9999999999999865,
  "source_topic": "/world/robot_world/dynamic_pose/info"
}