{
  "name": "wood_block",
  "x": 0.12,
  "y": 1.3749485769725494e-17,
  "z": 0.7749885659963509,
  "qx": -1.179756287063109e-17,
  "qy": -1.3566121020672603e-16,
  "qz": 9.329992347598472e-17,
  "qw": 1.0,
  "source_topic": "/world/robot_world/dynamic_pose/info"
}