{
  "name": "wood_block",
  "x": 0.12000017020086254,
  "y": -5.8572680299401075e-08,
  "z": 0.7744247493427832,
  "qx": 7.51610532844646e-07,
  "qy": 2.184041755822104e-06,
  "qz": -3.333338142501562e-10,
  "qw": 0.9999999999973325,
  "source_topic": "/world/robot_world/dynamic_pose/info"
}