{
  "name": "wood_block",
  "x": 0.12146341191100453,
  "y": -0.0007782101284317526,
  "z": 0.7730949645235026,
  "qx": 0.02433257826007724,
  "qy": -0.012987587386534665,
  "qz": -0.009047312530955542,
  "qw": 0.9995786083870851,
  "source_topic": "/world/robot_world/dynamic_pose/info"
}