{
  "name": "wood_block",
  "x": 0.12,
  "y": 6.940739957218268e-18,
  "z": 0.7749926833438306,
  "qx": 2.443978744995704e-17,
  "qy": -1.361598245325465e-16,
  "qz": 1.5574198871945935e-16,
  "qw": 1.0,
  "source_topic": "/world/robot_world/dynamic_pose/info"
}