{
  "name": "wood_block",
  "x": 0.12091257067467599,
  "y": -0.0015626715878520362,
  "z": 0.7778177163471278,
  "qx": 0.005032342629126783,
  "qy": 0.07337605000812296,
  "qz": 0.024632279398302565,
  "qw": 0.9969874029417385,
  "source_topic": "/world/robot_world/dynamic_pose/info"
}