{
  "name": "wood_block",
  "x": 0.1179222974811824,
  "y": -0.0007318871201039768,
  "z": 0.7739698381860068,
  "qx": 0.011545230188669495,
  "qy": 0.030440430450647444,
  "qz": 0.006013221031715917,
  "qw": 0.9994518142595438,
  "source_topic": "/world/robot_world/dynamic_pose/info"
}