{
  "name": "wood_block",
  "x": 0.12,
  "y": -9.179675250376281e-18,
  "z": 0.7744358685226193,
  "qx": 1.2660024515047235e-17,
  "qy": 1.0450057662171438e-16,
  "qz": 6.275174930946645e-17,
  "qw": 1.0,
  "source_topic": "/world/robot_world/dynamic_pose/info"
}