{
  "name": "wood_block",
  "x": 0.11999998801900165,
  "y": -7.481713498214066e-09,
  "z": 0.7749906327799557,
  "qx": 2.5646980720108657e-09,
  "qy": -4.107033624011471e-09,
  "qz": -1.3617225361781125e-11,
  "qw": 1.0,
  "source_topic": "/world/robot_world/dynamic_pose/info"
}