{
  "name": "wood_block",
  "x": 0.1243410430649036,
  "y": -0.0009494065054856466,
  "z": 0.781171108211264,
  "qx": -0.0035481892241569428,
  "qy": 0.1704821056784583,
  "qz": 0.021062149223430787,
  "qw": 0.9851292543959694,
  "source_topic": "/world/robot_world/dynamic_pose/info"
}