{
  "name": "wood_block",
  "x": 0.1190803320666798,
  "y": -0.0010838947877793708,
  "z": 0.7779548491033439,
  "qx": -0.0012860300705737477,
  "qy": 0.06640134770163664,
  "qz": 0.021326046857166013,
  "qw": 0.9975642369669785,
  "source_topic": "/world/robot_world/dynamic_pose/info"
}