{
  "name": "wood_block",
  "x": 0.12,
  "y": -6.5093975143112995e-18,
  "z": 0.7749906324956213,
  "qx": 1.5750823765689454e-17,
  "qy": -1.0546828358571517e-16,
  "qz": -6.002052481588228e-17,
  "qw": 1.0,
  "source_topic": "/world/robot_world/dynamic_pose/info"
}