{
  "name": "wood_block",
  "x": 0.119999968143993,
  "y": -1.9892958296281307e-08,
  "z": 0.7744633264100699,
  "qx": 2.50789569175499e-07,
  "qy": -4.0160716346928276e-07,
  "qz": -1.361721162598178e-11,
  "qw": 0.9999999999998879,
  "source_topic": "/world/robot_world/dynamic_pose/info"
}