{
  "name": "wood_block",
  "x": 0.12000471124244777,
  "y": 9.696268644830682e-07,
  "z": 0.774837384708035,
  "qx": -2.8624872077466904e-07,
  "qy": 1.5400372899345176e-05,
  "qz": -1.7559432079971224e-05,
  "qw": 0.9999999997272064,
  "source_topic": "/world/robot_world/dynamic_pose/info"
}