{
  "name": "wood_block",
  "x": 0.11915069117659649,
  "y": -0.00018313322164374926,
  "z": 0.774870309584694,
  "qx": 0.002761607347839469,
  "qy": 0.0015192681702236685,
  "qz": 0.01657999716256919,
  "qw": 0.9998575743790575,
  "source_topic": "/world/robot_world/dynamic_pose/info"
}