{
  "name": "wood_block",
  "x": 0.12099351252891914,
  "y": 0.00010411452483016866,
  "z": 0.7748599360631522,
  "qx": 0.0008651042468094507,
  "qy": -0.001788801431789386,
  "qz": 0.005301085646791845,
  "qw": 0.9999839750091224,
  "source_topic": "/world/robot_world/dynamic_pose/info"
}