{
  "name": "wood_block",
  "x": 0.11948951985484656,
  "y": -0.00018033828853456375,
  "z": 0.7743729815278045,
  "qx": -0.002754000131081687,
  "qy": 0.0028195016295637647,
  "qz": 0.006242984377880406,
  "qw": 0.9999727451485347,
  "source_topic": "/world/robot_world/dynamic_pose/info"
}