{
  "name": "wood_block",
  "x": 0.1203672825184398,
  "y": 0.000642945244997468,
  "z": 0.7747846279490312,
  "qx": -0.002395109586328513,
  "qy": -0.0003417533960886527,
  "qz": -0.011302471189813453,
  "qw": 0.9999331981686023,
  "source_topic": "/world/robot_world/dynamic_pose/info"
}