{
  "name": "wood_block",
  "x": 0.1157255170726262,
  "y": -0.0023853097397884978,
  "z": 0.7750520294814278,
  "qx": 0.00398485093808956,
  "qy": 0.023258207084853908,
  "qz": 0.022821195245858572,
  "qw": 0.999461039667755,
  "source_topic": "/world/robot_world/dynamic_pose/info"
}