{
  "name": "wood_block",
  "x": 0.11942639798947653,
  "y": -0.00261620039159547,
  "z": 0.7752582505704061,
  "qx": 0.05314171188781857,
  "qy": 0.00165559838752539,
  "qz": 0.0114768350343028,
  "qw": 0.9985196541426747,
  "source_topic": "/world/robot_world/dynamic_pose/info"
}