{
  "name": "wood_block",
  "x": 0.12,
  "y": 1.5271642726683603e-17,
  "z": 0.7744301823177084,
  "qx": 7.654776412609915e-18,
  "qy": 1.1350896394927833e-16,
  "qz": 7.249190245086604e-17,
  "qw": 1.0,
  "source_topic": "/world/robot_world/dynamic_pose/info"
}