{
  "name": "wood_block",
  "x": 0.12,
  "y": 1.3855440747919593e-17,
  "z": 0.774621296143662,
  "qx": 1.8559041080362266e-17,
  "qy": -1.2514096839146299e-16,
  "qz": 8.451622975063875e-17,
  "qw": 1.0,
  "source_topic": "/world/robot_world/dynamic_pose/info"
}