{
  "name": "wood_block",
  "x": 0.12000118043319355,
  "y": -7.30697837207235e-07,
  "z": 0.774480075572502,
  "qx": 8.812740596610708e-06,
  "qy": 1.4238058109480667e-05,
  "qz": 1.807059751668153e-07,
  "qw": 0.9999999998597903,
  "source_topic": "/world/robot_world/dynamic_pose/info"
}