{
  "name": "wood_block",
  "x": 0.11824928530096415,
  "y": 0.003280024704378061,
  "z": 0.7747572348591889,
  "qx": -0.004722333272155478,
  "qy": 0.0004850899728744969,
  "qz": 0.02066223078584781,
  "qw": 0.9997752429797095,
  "source_topic": "/world/robot_world/dynamic_pose/info"
}