{
  "name": "wood_block",
  "x": 0.11673609102796323,
  "y": -0.001403080524388702,
  "z": 0.7765656519738057,
  "qx": 0.004876187676923859,
  "qy": 0.027514871999541245,
  "qz": 0.033031886689013655,
  "qw": 0.9990635861016817,
  "source_topic": "/world/robot_world/dynamic_pose/info"
}