{
  "name": "wood_block",
  "x": 0.12,
  "y": 3.0110055212534116e-17,
  "z": 0.774985505573364,
  "qx": -1.0204766746932508e-17,
  "qy": 1.0477271069936819e-16,
  "qz": 2.157820971275204e-16,
  "qw": 1.0,
  "source_topic": "/world/robot_world/dynamic_pose/info"
}