{
  "name": "wood_block",
  "x": 0.12000050233554549,
  "y": 1.5519933626649916e-07,
  "z": 0.7744251571321891,
  "qx": -1.9671456322858305e-06,
  "qy": 6.3672717673926326e-06,
  "qz": -9.260896500493665e-10,
  "qw": 0.9999999999777941,
  "source_topic": "/world/robot_world/dynamic_pose/info"
}