{
  "name": "wood_block",
  "x": 0.13702073241351748,
  "y": -0.0018472584682377752,
  "z": 0.7673796461618713,
  "qx": 0.04434258804087783,
  "qy": -0.12818836365246747,
  "qz": -0.007188830822030318,
  "qw": 0.990731951145895,
  "source_topic": "/world/robot_world/dynamic_pose/info"
}