{
  "name": "wood_block",
  "x": 0.12149635028378754,
  "y": -0.0011124265019658859,
  "z": 0.7771766432449001,
  "qx": 0.0017014353784565305,
  "qy": 0.04909629780569085,
  "qz": 0.020979651290086825,
  "qw": 0.9985722371922695,
  "source_topic": "/world/robot_world/dynamic_pose/info"
}