{
  "name": "wood_block",
  "x": 0.11810535993018254,
  "y": 0.002498925642201178,
  "z": 0.7749748097291718,
  "qx": -0.0003177875672492534,
  "qy": -0.0002387539532218949,
  "qz": 0.01705640632297273,
  "qw": 0.9998544499130648,
  "source_topic": "/world/robot_world/dynamic_pose/info"
}