{
  "name": "wood_block",
  "x": 0.11997213039514783,
  "y": 0.00036451681540443495,
  "z": 0.774886438189061,
  "qx": -0.0013974725826489467,
  "qy": 0.00010537478387295763,
  "qz": -0.0054582427184080165,
  "qw": 0.9999841216504203,
  "source_topic": "/world/robot_world/dynamic_pose/info"
}