{
  "name": "wood_block",
  "x": 0.1203404598045942,
  "y": 6.665580259834361e-05,
  "z": 0.7742433377471796,
  "qx": 0.004256965193675403,
  "qy": -0.008133036964462277,
  "qz": -0.00557500726993581,
  "qw": 0.9999423239622447,
  "source_topic": "/world/robot_world/dynamic_pose/info"
}