{
  "name": "wood_block",
  "x": 0.11950192322945362,
  "y": -0.0017697426483012186,
  "z": 0.7757050485724842,
  "qx": 0.03591601889715005,
  "qy": 0.010761204330309497,
  "qz": 0.009725821828531545,
  "qw": 0.9992495406342204,
  "source_topic": "/world/robot_world/dynamic_pose/info"
}