{
  "name": "wood_block",
  "x": 0.12,
  "y": 6.403048600692123e-18,
  "z": 0.7744524813975546,
  "qx": 3.125631154131522e-16,
  "qy": -1.8230910574767666e-16,
  "qz": 1.8390592724109813e-16,
  "qw": 1.0,
  "source_topic": "/world/robot_world/dynamic_pose/info"
}