{
  "name": "wood_block",
  "x": 0.1199999941168491,
  "y": 4.777281746166315e-08,
  "z": 0.7749916718355002,
  "qx": -1.2931252149367495e-08,
  "qy": -1.5924567897404602e-09,
  "qz": 6.946759726338749e-11,
  "qw": 0.9999999999999999,
  "source_topic": "/world/robot_world/dynamic_pose/info"
}