{
  "name": "wood_block",
  "x": 0.11912110875503557,
  "y": -0.001169807539649105,
  "z": 0.7745348456056248,
  "qx": -0.006992657734891541,
  "qy": 0.009463920993668946,
  "qz": 0.029239400620091865,
  "qw": 0.9995031737761547,
  "source_topic": "/world/robot_world/dynamic_pose/info"
}