{
  "name": "wood_block",
  "x": 0.11556655250435613,
  "y": 0.0032402120701501605,
  "z": 0.7740691823039627,
  "qx": 0.022995674276252973,
  "qy": -0.008500927657369303,
  "qz": 0.0767075913923791,
  "qw": 0.9967521650923686,
  "source_topic": "/world/robot_world/dynamic_pose/info"
}