{
  "name": "wood_block",
  "x": 0.12,
  "y": 3.211593198601575e-18,
  "z": 0.7749834087222837,
  "qx": 6.202868690582758e-17,
  "qy": 1.1812242305794445e-16,
  "qz": 2.1904157721500464e-16,
  "qw": 1.0,
  "source_topic": "/world/robot_world/dynamic_pose/info"
}