{
  "name": "wood_block",
  "x": 0.11008658726240138,
  "y": 0.003793109321736398,
  "z": 0.7749148240017243,
  "qx": 0.0003970846600698912,
  "qy": 0.001198846458106183,
  "qz": 0.0918917205923954,
  "qw": 0.9957682043415083,
  "source_topic": "/world/robot_world/dynamic_pose/info"
}