{
  "name": "wood_block",
  "x": 0.12003529729173883,
  "y": -0.0015319076450866864,
  "z": 0.7792931334915242,
  "qx": -0.0032198605887387454,
  "qy": 0.09546923118189127,
  "qz": 0.031512315176087595,
  "qw": 0.9949282548945781,
  "source_topic": "/world/robot_world/dynamic_pose/info"
}