{
  "name": "wood_block",
  "x": 0.11004330685288512,
  "y": 0.0038031440450034637,
  "z": 0.7749720136164859,
  "qx": 0.00011769653252815947,
  "qy": 0.00035533983484614115,
  "qz": 0.09189169110818378,
  "qw": 0.9957689375484686,
  "source_topic": "/world/robot_world/dynamic_pose/info"
}