{
  "name": "wood_block",
  "x": 0.12062950723285178,
  "y": -0.0006330087475687831,
  "z": 0.7754352362364094,
  "qx": 0.0038822011973240365,
  "qy": 0.014629886375041683,
  "qz": 0.008670106778684773,
  "qw": 0.9998478505187492,
  "source_topic": "/world/robot_world/dynamic_pose/info"
}