{
  "name": "wood_block",
  "x": 0.11456689696319562,
  "y": -0.0019465989444355123,
  "z": 0.77454933790192,
  "qx": -0.006992801546213704,
  "qy": 0.0017939093383324731,
  "qz": 0.025132413361477854,
  "qw": 0.9996580637470239,
  "source_topic": "/world/robot_world/dynamic_pose/info"
}