{
  "name": "wood_block",
  "x": 0.12,
  "y": -1.642956051252365e-18,
  "z": 0.7744842922850684,
  "qx": 8.15897336317433e-17,
  "qy": -7.657249986112843e-17,
  "qz": 3.6196098549685624e-17,
  "qw": 1.0,
  "source_topic": "/world/robot_world/dynamic_pose/info"
}