{
  "name": "wood_block",
  "x": 0.12007210295587617,
  "y": 9.163478137149375e-05,
  "z": 0.7748712356480897,
  "qx": -0.0017415643183943303,
  "qy": 0.0002582397373687236,
  "qz": -6.182951587333492e-05,
  "qw": 0.9999984482203329,
  "source_topic": "/world/robot_world/dynamic_pose/info"
}