{
  "name": "wood_block",
  "x": 0.12008767926215645,
  "y": -0.0007216712839624525,
  "z": 0.7772535208731985,
  "qx": -0.00117366460302703,
  "qy": 0.048941688223502325,
  "qz": 0.015788178658153157,
  "qw": 0.9986761572601458,
  "source_topic": "/world/robot_world/dynamic_pose/info"
}