{
  "name": "wood_block",
  "x": 0.11996933786608308,
  "y": 3.494724800208531e-05,
  "z": 0.7747195557911765,
  "qx": 0.0008839119220633631,
  "qy": -0.0040711740065933815,
  "qz": -0.0015846606270561439,
  "qw": 0.9999900664969723,
  "source_topic": "/world/robot_world/dynamic_pose/info"
}