{
  "name": "wood_block",
  "x": 0.11908913373539677,
  "y": 0.000980724943140904,
  "z": 0.7749534490034544,
  "qx": -0.0002992093877350417,
  "qy": 0.0003133834760826793,
  "qz": -0.01873982126538399,
  "qw": 0.9998243002465387,
  "source_topic": "/world/robot_world/dynamic_pose/info"
}