{
  "name": "wood_block",
  "x": 0.12,
  "y": 3.0907568473660114e-17,
  "z": 0.7749956925164148,
  "qx": 4.290108346329089e-17,
  "qy": -8.169793978805325e-17,
  "qz": 8.306433804958858e-17,
  "qw": 1.0,
  "source_topic": "/world/robot_world/dynamic_pose/info"
}