{
  "name": "wood_block",
  "x": 0.11003016218408754,
  "y": 0.00380619168298096,
  "z": 0.7749893658909054,
  "qx": 3.284393942981294e-05,
  "qy": 9.915975620581573e-05,
  "qz": 0.09189168848956844,
  "qw": 0.9957690026683671,
  "source_topic": "/world/robot_world/dynamic_pose/info"
}