{
  "name": "wood_block",
  "x": 0.1200739688699588,
  "y": 8.140544340718044e-05,
  "z": 0.7748803015217834,
  "qx": -0.0015199151359514876,
  "qy": 0.00021112451826305845,
  "qz": -8.111377909849669e-05,
  "qw": 0.9999988193517891,
  "source_topic": "/world/robot_world/dynamic_pose/info"
}