{
  "name": "wood_block",
  "x": 0.12000311270731019,
  "y": 0.0007479454609486825,
  "z": 0.7742816173684175,
  "qx": -0.009059936588950582,
  "qy": 0.0006832106437789688,
  "qz": -0.005460898949218103,
  "qw": 0.9999438130989595,
  "source_topic": "/world/robot_world/dynamic_pose/info"
}