{
  "name": "wood_block",
  "x": 0.11742939172043161,
  "y": -0.000793151019513553,
  "z": 0.7782835291916541,
  "qx": 0.0755065550824802,
  "qy": 0.00036139583316662215,
  "qz": 0.04123466228434423,
  "qw": 0.9962922925321285,
  "source_topic": "/world/robot_world/dynamic_pose/info"
}