{
  "name": "wood_block",
  "x": 0.11267193286831283,
  "y": -0.004436835161537929,
  "z": 0.7738931918925387,
  "qx": 0.0156713992957997,
  "qy": 0.016741542756618603,
  "qz": -0.008351030968744223,
  "qw": 0.9997021497786223,
  "source_topic": "/world/robot_world/dynamic_pose/info"
}