{
  "name": "wood_block",
  "x": 0.1187265719049658,
  "y": -0.0014806323678979254,
  "z": 0.7749225973655332,
  "qx": -0.0010112562318518538,
  "qy": 0.0013961633710604681,
  "qz": 0.029217585590358412,
  "qw": 0.9995715886223182,
  "source_topic": "/world/robot_world/dynamic_pose/info"
}