{
  "name": "wood_block",
  "x": 0.11811532658893407,
  "y": -0.0009728502350979446,
  "z": 0.777054888583989,
  "qx": 0.003431368861349429,
  "qy": 0.06526310362643303,
  "qz": 0.01315791132819817,
  "qw": 0.997775436850528,
  "source_topic": "/world/robot_world/dynamic_pose/info"
}