{
  "name": "wood_block",
  "x": 0.12021697831494274,
  "y": 0.00034599840669844096,
  "z": 0.773024819395284,
  "qx": 0.004842426359568505,
  "qy": -0.04011282341476638,
  "qz": -0.010907992973932563,
  "qw": 0.9991238802040159,
  "source_topic": "/world/robot_world/dynamic_pose/info"
}