{
  "name": "wood_block",
  "x": 0.11972364508759648,
  "y": 0.00018432850043078496,
  "z": 0.7746392313360261,
  "qx": 0.003024889454843326,
  "qy": -0.002634204705881199,
  "qz": -0.007357793423985069,
  "qw": 0.9999648863261567,
  "source_topic": "/world/robot_world/dynamic_pose/info"
}