{
  "name": "wood_block",
  "x": 0.12000000055083021,
  "y": -6.372334042570677e-10,
  "z": 0.7746432290068711,
  "qx": 6.767465656074118e-09,
  "qy": 5.84984496728876e-09,
  "qz": -1.181745074697152e-15,
  "qw": 0.9999999999999999,
  "source_topic": "/world/robot_world/dynamic_pose/info"
}