{
  "name": "wood_block",
  "x": 0.12038268280776235,
  "y": -0.000241373364400783,
  "z": 0.7748666422183104,
  "qx": -0.000713287180573834,
  "qy": -0.0016013736178265862,
  "qz": -0.01579605923738881,
  "qw": 0.999873697692115,
  "source_topic": "/world/robot_world/dynamic_pose/info"
}