{
  "name": "wood_block",
  "x": 0.11962872990824706,
  "y": -0.00048652461091119295,
  "z": 0.7784501707736774,
  "qx": 3.800494950613498e-05,
  "qy": 0.07638532243948527,
  "qz": 0.0055164547397360975,
  "qw": 0.9970631122444276,
  "source_topic": "/world/robot_world/dynamic_pose/info"
}