{
  "name": "wood_block",
  "x": 0.12127196096886961,
  "y": -0.0007810839086386784,
  "z": 0.7729415380496577,
  "qx": 0.023716351493198222,
  "qy": -0.016739810296874925,
  "qz": -0.008234482516350004,
  "qw": 0.9995446496884287,
  "source_topic": "/world/robot_world/dynamic_pose/info"
}