{
  "name": "wood_block",
  "x": 0.11999999999993319,
  "y": -4.1369357394531673e-14,
  "z": 0.7746136865125702,
  "qx": 4.556914871879698e-13,
  "qy": -7.360192885841253e-13,
  "qz": 6.630863770837215e-17,
  "qw": 1.0,
  "source_topic": "/world/robot_world/dynamic_pose/info"
}