{
  "name": "wood_block",
  "x": 0.1203779813419805,
  "y": 0.00043345690657406775,
  "z": 0.7747703340558804,
  "qx": 0.0009568179342509347,
  "qy": 0.002012569196077169,
  "qz": -0.009795535306412268,
  "qw": 0.9999495395032354,
  "source_topic": "/world/robot_world/dynamic_pose/info"
}