{
  "name": "wood_block",
  "x": 0.11923575095415427,
  "y": 0.0007902709565641513,
  "z": 0.7732825888439767,
  "qx": -0.01569724226433356,
  "qy": -0.01617593698877805,
  "qz": 0.0002631324900179173,
  "qw": 0.9997459009213904,
  "source_topic": "/world/robot_world/dynamic_pose/info"
}