{
  "name": "wood_block",
  "x": 0.11530770729824094,
  "y": -0.002162645820737606,
  "z": 0.7739999202067812,
  "qx": -0.007120546680310605,
  "qy": 0.017177249150255536,
  "qz": 0.03162859106702523,
  "qw": 0.9993267094167545,
  "source_topic": "/world/robot_world/dynamic_pose/info"
}