{
  "name": "wood_block",
  "x": 0.12,
  "y": -1.7090301932852196e-18,
  "z": 0.7746019816841753,
  "qx": 1.8873399696516637e-17,
  "qy": -1.277143908859795e-16,
  "qz": -2.865731145098149e-17,
  "qw": 1.0,
  "source_topic": "/world/robot_world/dynamic_pose/info"
}