{
  "name": "wood_block",
  "x": 0.11999996958738747,
  "y": 8.575912938640029e-09,
  "z": 0.7744415504897961,
  "qx": -1.0943988915590278e-07,
  "qy": -3.8810485012926486e-07,
  "qz": 1.3961223428679864e-12,
  "qw": 0.9999999999999187,
  "source_topic": "/world/robot_world/dynamic_pose/info"
}