{
  "name": "wood_block",
  "x": 0.12098195310868473,
  "y": 0.0002060159679529081,
  "z": 0.774821183891248,
  "qx": 0.008036817886167386,
  "qy": 0.006871829640073243,
  "qz": -0.011768005151508984,
  "qw": 0.9998748429530651,
  "source_topic": "/world/robot_world/dynamic_pose/info"
}