{
  "name": "wood_block",
  "x": 0.11929804561310511,
  "y": 0.0011266594203650135,
  "z": 0.7747170795767675,
  "qx": -0.001589996635585741,
  "qy": -0.0026261506618552657,
  "qz": -0.021096982980454797,
  "qw": 0.9997727204482639,
  "source_topic": "/world/robot_world/dynamic_pose/info"
}