{
  "name": "wood_block",
  "x": 0.11360490838027303,
  "y": 0.005692263618006082,
  "z": 0.7749929304198357,
  "qx": -2.2174780245726496e-05,
  "qy": 2.9121541755362388e-05,
  "qz": 0.09632271002589103,
  "qw": 0.9953501565748021,
  "source_topic": "/world/robot_world/dynamic_pose/info"
}