{
  "name": "wood_block",
  "x": 0.11907118136790094,
  "y": -0.00018260776898129595,
  "z": 0.7744112345589725,
  "qx": -0.006647044005260598,
  "qy": 0.004509492367848227,
  "qz": 0.008466970818696181,
  "qw": 0.99993189352562,
  "source_topic": "/world/robot_world/dynamic_pose/info"
}