{
  "name": "wood_block",
  "x": 0.12007072868043256,
  "y": -0.00022597229921995725,
  "z": 0.772657889292809,
  "qx": 0.010447950347322182,
  "qy": -0.020183967327629615,
  "qz": -0.005779136844090725,
  "qw": 0.9997249868707866,
  "source_topic": "/world/robot_world/dynamic_pose/info"
}