{
  "name": "wood_block",
  "x": 0.1207519528227888,
  "y": -5.032995650857626e-05,
  "z": 0.7739677818902405,
  "qx": 0.007788722982475731,
  "qy": -0.007216953180149398,
  "qz": -0.006821228910154682,
  "qw": 0.9999203579371975,
  "source_topic": "/world/robot_world/dynamic_pose/info"
}