{
  "name": "wood_block",
  "x": 0.12004675245968927,
  "y": 0.00014812799629009492,
  "z": 0.7748165228230331,
  "qx": -0.002955826564683323,
  "qy": 0.00020415176841705312,
  "qz": 2.883750131519823e-05,
  "qw": 0.9999956102802519,
  "source_topic": "/world/robot_world/dynamic_pose/info"
}