{
  "name": "wood_block",
  "x": 0.12000271437249739,
  "y": -2.011082974792193e-05,
  "z": 0.7749911921560393,
  "qx": 0.000418118943091053,
  "qy": -0.0004573380404908884,
  "qz": -2.206452386011357e-05,
  "qw": 0.999999807765793,
  "source_topic": "/world/robot_world/dynamic_pose/info"
}