{
  "name": "wood_block",
  "x": 0.12,
  "y": -1.0288699666884466e-18,
  "z": 0.7744524813975546,
  "qx": 5.853461632531841e-16,
  "qy": -2.024314070210498e-16,
  "qz": 1.0636078835568524e-16,
  "qw": 1.0,
  "source_topic": "/world/robot_world/dynamic_pose/info"
}