{
  "name": "wood_block",
  "x": 0.12063313595959756,
  "y": 7.061322236711688e-05,
  "z": 0.7747760969838837,
  "qx": 0.0007490525701323369,
  "qy": 0.0023401125717012004,
  "qz": -0.0022033180211118164,
  "qw": 0.9999945540767193,
  "source_topic": "/world/robot_world/dynamic_pose/info"
}