{
  "name": "wood_block",
  "x": 0.11988793641660592,
  "y": 0.00014444184965393866,
  "z": 0.7747179126331936,
  "qx": -0.00021361561475568828,
  "qy": -0.005396009238356618,
  "qz": -0.0026752526237278237,
  "qw": 0.9999818400731425,
  "source_topic": "/world/robot_world/dynamic_pose/info"
}