{
  "name": "wood_block",
  "x": 0.11648101588839838,
  "y": 0.0011609341723148624,
  "z": 0.7747019050288345,
  "qx": -0.006954493474807348,
  "qy": 0.0015741387965729462,
  "qz": 0.0017426171433214293,
  "qw": 0.9999730598336386,
  "source_topic": "/world/robot_world/dynamic_pose/info"
}