{
  "name": "wood_block",
  "x": 0.11629181097874337,
  "y": 0.00038606723711334857,
  "z": 0.7748368760681117,
  "qx": 0.0007277779598691286,
  "qy": 7.96980926610141e-05,
  "qz": -0.013456424532430667,
  "qw": 0.9999091901899183,
  "source_topic": "/world/robot_world/dynamic_pose/info"
}