{
  "name": "wood_block",
  "x": 0.11873482967398483,
  "y": -3.706645781002233e-05,
  "z": 0.7736210520115989,
  "qx": 8.840314886427064e-05,
  "qy": -0.026038855633202754,
  "qz": -0.0008522903959791088,
  "qw": 0.9996605642833358,
  "source_topic": "/world/robot_world/dynamic_pose/info"
}