{
  "name": "wood_block",
  "x": 0.12,
  "y": -8.215332686121585e-18,
  "z": 0.7744525038980257,
  "qx": -1.959612196366164e-18,
  "qy": -1.6356348206669431e-16,
  "qz": 1.6462324081160988e-18,
  "qw": 1.0,
  "source_topic": "/world/robot_world/dynamic_pose/info"
}