{
  "name": "wood_block",
  "x": 0.11184470842027039,
  "y": -0.003649364421355414,
  "z": 0.7749904251726347,
  "qx": 6.186311187588676e-05,
  "qy": 6.686197133985346e-05,
  "qz": -0.008331485122107192,
  "qw": 0.9999652884265995,
  "source_topic": "/world/robot_world/dynamic_pose/info"
}