{
  "name": "wood_block",
  "x": 0.1175240892987279,
  "y": -0.0018476031354972941,
  "z": 0.7777445331663819,
  "qx": -0.002776914430454351,
  "qy": 0.07517982802725773,
  "qz": 0.038961730303269694,
  "qw": 0.99640466968788,
  "source_topic": "/world/robot_world/dynamic_pose/info"
}