{
  "name": "wood_block",
  "x": 0.12030709139625242,
  "y": 0.00040952481704970424,
  "z": 0.7749358767325367,
  "qx": 7.27426635997968e-05,
  "qy": 0.0005046263785555096,
  "qz": -0.008605548747868208,
  "qw": 0.9999628416053624,
  "source_topic": "/world/robot_world/dynamic_pose/info"
}