{
  "name": "wood_block",
  "x": 0.12068855878795388,
  "y": 0.0005263843774598566,
  "z": 0.7749933475609855,
  "qx": 5.227071276748778e-05,
  "qy": 2.8709466715068308e-05,
  "qz": -0.010065414664064722,
  "qw": 0.999949340652405,
  "source_topic": "/world/robot_world/dynamic_pose/info"
}