{
  "name": "wood_block",
  "x": 0.12,
  "y": 2.2832057033152438e-18,
  "z": 0.7749823471792192,
  "qx": -7.843520352585002e-19,
  "qy": -8.313206822428105e-17,
  "qz": 1.5924090981980697e-16,
  "qw": 1.0,
  "source_topic": "/world/robot_world/dynamic_pose/info"
}