{
  "name": "wood_block",
  "x": 0.12000003829544997,
  "y": -5.372808901227641e-08,
  "z": 0.774435890385876,
  "qx": 6.89412187736346e-07,
  "qy": 4.913881505340002e-07,
  "qz": -2.304460695918516e-11,
  "qw": 0.9999999999996416,
  "source_topic": "/world/robot_world/dynamic_pose/info"
}