{
  "name": "wood_block",
  "x": 0.12053119662222558,
  "y": 0.0002925758048178154,
  "z": 0.7739814532598168,
  "qx": 0.0034922391788977884,
  "qy": -0.016462457598144964,
  "qz": -0.009314433578822291,
  "qw": 0.9998149994286205,
  "source_topic": "/world/robot_world/dynamic_pose/info"
}