{
  "name": "wood_block",
  "x": 0.12000000893928274,
  "y": -5.631599959915166e-08,
  "z": 0.774519332429407,
  "qx": 6.737216828980154e-07,
  "qy": 1.0694270356647523e-07,
  "qz": -2.724784457732576e-11,
  "qw": 0.9999999999997673,
  "source_topic": "/world/robot_world/dynamic_pose/info"
}