{
  "name": "wood_block",
  "x": 0.12,
  "y": -4.065253795664711e-20,
  "z": 0.7749834081125884,
  "qx": 1.3586517689440633e-17,
  "qy": -1.500356703350767e-16,
  "qz": 2.3944975029025088e-17,
  "qw": 1.0,
  "source_topic": "/world/robot_world/dynamic_pose/info"
}