{
  "name": "wood_block",
  "x": 0.12,
  "y": -7.590442881386122e-18,
  "z": 0.7744358413293883,
  "qx": 1.1679717947374464e-16,
  "qy": 5.0574524789079215e-17,
  "qz": -6.515171030839257e-17,
  "qw": 1.0,
  "source_topic": "/world/robot_world/dynamic_pose/info"
}