{
  "name": "wood_block",
  "x": 0.1205910480932576,
  "y": 2.695250962810962e-06,
  "z": 0.7746428518899962,
  "qx": 0.0015055178285611685,
  "qy": 0.001450801271877318,
  "qz": -0.001617159635807116,
  "qw": 0.9999965066871233,
  "source_topic": "/world/robot_world/dynamic_pose/info"
}