{
  "name": "wood_block",
  "x": 0.12,
  "y": -1.5074357878314148e-18,
  "z": 0.7749875172470084,
  "qx": 8.381120244524348e-18,
  "qy": -1.333711223400985e-16,
  "qz": 7.500776304690183e-17,
  "qw": 1.0,
  "source_topic": "/world/robot_world/dynamic_pose/info"
}