{
  "name": "wood_block",
  "x": 0.11926098346566448,
  "y": -0.0018008956742620976,
  "z": 0.7763105665870107,
  "qx": 0.0036578225579328777,
  "qy": 0.025377705818560366,
  "qz": 0.03121428917834638,
  "qw": 0.9991837971727784,
  "source_topic": "/world/robot_world/dynamic_pose/info"
}