{
  "name": "wood_block",
  "x": 0.11907569641923695,
  "y": 0.0009683683685652202,
  "z": 0.7749893731314901,
  "qx": -4.708500781510974e-05,
  "qy": 4.9315509813534275e-05,
  "qz": -0.018739820399250165,
  "qw": 0.9998243918220772,
  "source_topic": "/world/robot_world/dynamic_pose/info"
}