{
  "name": "wood_block",
  "x": 0.11994782052895098,
  "y": 0.0004876718848712009,
  "z": 0.7723817740961284,
  "qx": 0.0036896142037841384,
  "qy": -0.046299637482107435,
  "qz": -0.012438526382707203,
  "qw": 0.9988433377549651,
  "source_topic": "/world/robot_world/dynamic_pose/info"
}