{
  "name": "wood_block",
  "x": 0.12,
  "y": -9.460414573781181e-18,
  "z": 0.7749845040123976,
  "qx": 3.312943211494468e-17,
  "qy": -1.3768040366777055e-16,
  "qz": 6.704173534477724e-17,
  "qw": 1.0,
  "source_topic": "/world/robot_world/dynamic_pose/info"
}