{
  "name": "wood_block",
  "x": 0.12,
  "y": 3.909915777330574e-18,
  "z": 0.7743828034454688,
  "qx": 3.045465645227023e-17,
  "qy": -1.3845202085729416e-16,
  "qz": 1.5134246390192313e-16,
  "qw": 1.0,
  "source_topic": "/world/robot_world/dynamic_pose/info"
}