{
  "name": "wood_block",
  "x": 0.11953677671496966,
  "y": 0.0002478776875734512,
  "z": 0.7746116990501244,
  "qx": 0.003122369271680434,
  "qy": -0.0031816633800163144,
  "qz": -0.008908623650380561,
  "qw": 0.999950380895434,
  "source_topic": "/world/robot_world/dynamic_pose/info"
}