{
  "name": "wood_block",
  "x": 0.11185414484687933,
  "y": -0.003658242405585536,
  "z": 0.7749743332232903,
  "qx": 0.00023784425539298142,
  "qy": 0.0002570633019853564,
  "qz": -0.008331485363632955,
  "qw": 0.999965231245669,
  "source_topic": "/world/robot_world/dynamic_pose/info"
}