{
  "name": "wood_block",
  "x": 0.12,
  "y": 4.0099570526790075e-17,
  "z": 0.7749956925163718,
  "qx": 1.1515831623152526e-17,
  "qy": -1.0788723563329347e-16,
  "qz": 3.1915748536795175e-16,
  "qw": 1.0,
  "source_topic": "/world/robot_world/dynamic_pose/info"
}