{
  "name": "wood_block",
  "x": 0.12,
  "y": 1.535312327350208e-18,
  "z": 0.7744414439968099,
  "qx": 5.374496038775019e-17,
  "qy": 8.664469274417631e-17,
  "qz": 1.4151364011940858e-16,
  "qw": 1.0,
  "source_topic": "/world/robot_world/dynamic_pose/info"
}