{
  "name": "wood_block",
  "x": 0.11829837886996736,
  "y": 0.004420233108176748,
  "z": 0.7735445737691136,
  "qx": -0.027507507660618578,
  "qy": 0.002168976734800561,
  "qz": 0.020186019037959732,
  "qw": 0.9994154077247479,
  "source_topic": "/world/robot_world/dynamic_pose/info"
}