{
  "name": "wood_block",
  "x": 0.12,
  "y": -9.293492590368208e-18,
  "z": 0.7749916690037166,
  "qx": -3.9575780030200316e-17,
  "qy": -1.990284865421781e-16,
  "qz": 8.062451913290082e-17,
  "qw": 1.0,
  "source_topic": "/world/robot_world/dynamic_pose/info"
}