{
  "name": "wood_block",
  "x": 0.12004428239505946,
  "y": -0.0013374263224978336,
  "z": 0.7773926734751444,
  "qx": 0.0034460074934227628,
  "qy": 0.06624512903655579,
  "qz": 0.022418775268757626,
  "qw": 0.9975455410289468,
  "source_topic": "/world/robot_world/dynamic_pose/info"
}