{
  "name": "wood_block",
  "x": 0.12,
  "y": 2.1183681180942097e-18,
  "z": 0.7749845045011514,
  "qx": 1.233510268841759e-17,
  "qy": -1.2034765573474776e-16,
  "qz": 1.0812509370287454e-17,
  "qw": 1.0,
  "source_topic": "/world/robot_world/dynamic_pose/info"
}