{
  "name": "wood_block",
  "x": 0.11930788342910599,
  "y": 0.0009177997953873202,
  "z": 0.7741685417463646,
  "qx": 0.0021591114474417677,
  "qy": 0.00014107494534861974,
  "qz": -0.01994050792468813,
  "qw": 0.9997988270043743,
  "source_topic": "/world/robot_world/dynamic_pose/info"
}