{
  "name": "wood_block",
  "x": 0.11999964126472563,
  "y": -1.2656981307992514e-06,
  "z": 0.7744424473664169,
  "qx": 1.5694721853999324e-05,
  "qy": -4.449549282376463e-06,
  "qz": 5.142984054122535e-09,
  "qw": 0.9999999998669385,
  "source_topic": "/world/robot_world/dynamic_pose/info"
}