{
  "name": "wood_block",
  "x": 0.1146863694247061,
  "y": 0.004357556943602541,
  "z": 0.7737241990490933,
  "qx": -0.0068394460168886935,
  "qy": -0.009943640793457106,
  "qz": 0.08522655788625423,
  "qw": 0.9962885023008213,
  "source_topic": "/world/robot_world/dynamic_pose/info"
}