{
  "name": "wood_block",
  "x": 0.12064234697953961,
  "y": 0.0004194171376782043,
  "z": 0.7744615737165017,
  "qx": 0.00033489252766495236,
  "qy": -0.011393977739619279,
  "qz": -0.008091705999462448,
  "qw": 0.9999022899325125,
  "source_topic": "/world/robot_world/dynamic_pose/info"
}