{
  "name": "wood_block",
  "x": 0.1203884339486372,
  "y": 3.7481414663538446e-05,
  "z": 0.7748911336932756,
  "qx": 0.0017805691999038173,
  "qy": -6.696134077118828e-05,
  "qz": -0.001217604136500951,
  "qw": 0.9999976712621235,
  "source_topic": "/world/robot_world/dynamic_pose/info"
}