{
  "name": "wood_block",
  "x": 0.12007112422363772,
  "y": 6.951572865457028e-07,
  "z": 0.7749844956262446,
  "qx": 6.221924088266505e-05,
  "qy": 2.201047080803745e-05,
  "qz": -0.0001023678836775964,
  "qw": 0.9999999925825609,
  "source_topic": "/world/robot_world/dynamic_pose/info"
}