{
  "name": "wood_block",
  "x": 0.11026832583158482,
  "y": 0.0037490218953190758,
  "z": 0.7746832842640874,
  "qx": 0.0016092395422431058,
  "qy": 0.004736720557391188,
  "qz": 0.09188535841104123,
  "qw": 0.9957570259536869,
  "source_topic": "/world/robot_world/dynamic_pose/info"
}