{
  "name": "wood_block",
  "x": 0.1606395421913242,
  "y": 0.006847900610056379,
  "z": 0.7741623067959649,
  "qx": -0.013042386462185113,
  "qy": -0.011624942171997003,
  "qz": 0.003155731785197694,
  "qw": 0.9998423866949073,
  "source_topic": "/world/robot_world/dynamic_pose/info"
}