{
  "name": "wood_block",
  "x": 0.12138388561578753,
  "y": 0.00036203114963497863,
  "z": 0.774367705441709,
  "qx": 0.0011146931384854,
  "qy": 0.010184194700268068,
  "qz": -0.008524891890657188,
  "qw": 0.9999111789832968,
  "source_topic": "/world/robot_world/dynamic_pose/info"
}