{
  "name": "wood_block",
  "x": 0.12092618948173553,
  "y": -0.00011924792732860181,
  "z": 0.7731196305303949,
  "qx": 0.008884402059465378,
  "qy": -0.027936384892420122,
  "qz": -0.006292523320262912,
  "qw": 0.9995504139109004,
  "source_topic": "/world/robot_world/dynamic_pose/info"
}