{
  "name": "wood_block",
  "x": 0.11999996928790677,
  "y": 6.910701642526528e-08,
  "z": 0.7744843454136806,
  "qx": -8.573861962078988e-07,
  "qy": -3.8103379042076097e-07,
  "qz": -3.296468765195159e-11,
  "qw": 0.9999999999995598,
  "source_topic": "/world/robot_world/dynamic_pose/info"
}