{
  "name": "wood_block",
  "x": 0.12,
  "y": 4.3500810222791835e-17,
  "z": 0.7749956925163956,
  "qx": 3.423575870865977e-17,
  "qy": -1.4968204731556656e-16,
  "qz": 2.13659126143182e-16,
  "qw": 1.0,
  "source_topic": "/world/robot_world/dynamic_pose/info"
}