{
  "name": "wood_block",
  "x": 0.12003850144462032,
  "y": -4.718701002821694e-05,
  "z": 0.774276010730663,
  "qx": 0.004755757982678367,
  "qy": -0.0018773864297583374,
  "qz": -0.003957408382168751,
  "qw": 0.9999790983341104,
  "source_topic": "/world/robot_world/dynamic_pose/info"
}