{
  "name": "wood_block",
  "x": 0.12,
  "y": 5.141837376461941e-18,
  "z": 0.7749885659989939,
  "qx": 4.1912187754160075e-17,
  "qy": -1.3582347205575978e-16,
  "qz": 1.5150414368117032e-16,
  "qw": 1.0,
  "source_topic": "/world/robot_world/dynamic_pose/info"
}