{
  "name": "wood_block",
  "x": 0.11923563639796066,
  "y": 0.0004927349865265277,
  "z": 0.7720444713879563,
  "qx": 0.00022113709601557661,
  "qy": -0.001885493295992723,
  "qz": 0.002633838334312149,
  "qw": 0.9999947294406327,
  "source_topic": "/world/robot_world/dynamic_pose/info"
}