{
  "name": "wood_block",
  "x": 0.12,
  "y": 1.2280886764818449e-17,
  "z": 0.7749956925163773,
  "qx": 8.878219709212828e-17,
  "qy": -1.6766414794725565e-16,
  "qz": 1.0574051862807872e-16,
  "qw": 1.0,
  "source_topic": "/world/robot_world/dynamic_pose/info"
}