{
  "name": "wood_block",
  "x": 0.12,
  "y": 5.395311972772814e-18,
  "z": 0.7745190801483817,
  "qx": 3.0018878279253366e-17,
  "qy": 1.1521267875849743e-16,
  "qz": 2.2117424764418524e-16,
  "qw": 1.0,
  "source_topic": "/world/robot_world/dynamic_pose/info"
}