{
  "name": "wood_block",
  "x": 0.11207066104218845,
  "y": -0.003865733938568159,
  "z": 0.7747140969664299,
  "qx": 0.004350281102569362,
  "qy": 0.004620669280325959,
  "qz": -0.008332844743132973,
  "qw": 0.9999451425794403,
  "source_topic": "/world/robot_world/dynamic_pose/info"
}