{
  "name": "wood_block",
  "x": 0.11177493022494656,
  "y": -0.0012019372572371378,
  "z": 0.7745459104894693,
  "qx": -0.0038599562387370127,
  "qy": -0.0066462328400214285,
  "qz": 0.024832357084723845,
  "qw": 0.9996620840906631,
  "source_topic": "/world/robot_world/dynamic_pose/info"
}