{
  "name": "wood_block",
  "x": 0.12011409268445106,
  "y": 0.0002457338337986524,
  "z": 0.7747895391622127,
  "qx": -0.0017823932247520394,
  "qy": -0.001719237000966538,
  "qz": -0.0031481645369366936,
  "qw": 0.9999919781471126,
  "source_topic": "/world/robot_world/dynamic_pose/info"
}