{
  "name": "wood_block",
  "x": 0.11908242261367313,
  "y": -6.650565335950148e-05,
  "z": 0.7749714659715301,
  "qx": 0.00040724879572021257,
  "qy": 0.00019327896073555937,
  "qz": 0.016577334171355432,
  "qw": 0.9998624849365202,
  "source_topic": "/world/robot_world/dynamic_pose/info"
}