{
  "name": "wood_block",
  "x": 0.11895734820094936,
  "y": -0.0008525296221802109,
  "z": 0.7768327868507684,
  "qx": 0.026141121018895142,
  "qy": -0.07054942614282853,
  "qz": -0.00821196616530822,
  "qw": 0.9971318788778608,
  "source_topic": "/world/robot_world/dynamic_pose/info"
}