{
  "name": "wood_block",
  "x": 0.12125113800685128,
  "y": -0.0007642443420800566,
  "z": 0.7728375564122881,
  "qx": 0.023454525126174994,
  "qy": -0.018450121547624546,
  "qz": -0.008249062290064658,
  "qw": 0.9995206007068179,
  "source_topic": "/world/robot_world/dynamic_pose/info"
}