{
  "name": "wood_block",
  "x": 0.11999994821489893,
  "y": -4.995413185781105e-08,
  "z": 0.7749769590709275,
  "qx": 5.605398041334899e-08,
  "qy": -5.810852212695662e-08,
  "qz": -6.58244958854187e-11,
  "qw": 0.9999999999999967,
  "source_topic": "/world/robot_world/dynamic_pose/info"
}