{
  "name": "wood_block",
  "x": 0.11517771657582199,
  "y": 0.0040781158035226575,
  "z": 0.7749163087598151,
  "qx": -0.0004334408358941002,
  "qy": -0.0006295947874271568,
  "qz": 0.08524497449832547,
  "qw": 0.9963597292455297,
  "source_topic": "/world/robot_world/dynamic_pose/info"
}