{
  "name": "wood_block",
  "x": 0.11917264476812066,
  "y": -0.0016338267856625872,
  "z": 0.7774457731476204,
  "qx": -0.0025474881531754767,
  "qy": 0.07039884719056026,
  "qz": 0.015343617626739484,
  "qw": 0.997397656913467,
  "source_topic": "/world/robot_world/dynamic_pose/info"
}