{
  "name": "wood_block",
  "x": 0.12,
  "y": 4.51506684090048e-17,
  "z": 0.7749956925164087,
  "qx": -1.5915580170055906e-17,
  "qy": -1.1600261851132292e-16,
  "qz": 2.31064640717865e-16,
  "qw": 1.0,
  "source_topic": "/world/robot_world/dynamic_pose/info"
}