{
  "name": "wood_block",
  "x": 0.12070041395851729,
  "y": 0.0005078986478114935,
  "z": 0.7749833677005559,
  "qx": 0.00041952740717334815,
  "qy": 0.00026948051233575406,
  "qz": -0.01006537634753756,
  "qw": 0.9999492184986148,
  "source_topic": "/world/robot_world/dynamic_pose/info"
}