{
  "name": "wood_block",
  "x": 0.12009018663941551,
  "y": -0.0001350133358839213,
  "z": 0.7747529649919246,
  "qx": 0.002853389321664069,
  "qy": -0.0018391386222049002,
  "qz": -0.00016732168431344253,
  "qw": 0.9999942238542987,
  "source_topic": "/world/robot_world/dynamic_pose/info"
}