{
  "name": "wood_block",
  "x": 0.11999998541259028,
  "y": 1.1845415214982359e-07,
  "z": 0.7745096874340287,
  "qx": -1.4265578033704394e-06,
  "qy": -1.756776154917913e-07,
  "qz": 6.946764625133007e-11,
  "qw": 0.999999999998967,
  "source_topic": "/world/robot_world/dynamic_pose/info"
}