{
  "name": "wood_block",
  "x": 0.12046284093745183,
  "y": -0.0010024876881377747,
  "z": 0.7763355639176078,
  "qx": 0.0033519451538398313,
  "qy": 0.031231839679076164,
  "qz": 0.003693022262109232,
  "qw": 0.9994997239822119,
  "source_topic": "/world/robot_world/dynamic_pose/info"
}