{
  "name": "wood_block",
  "x": 0.11946951925332013,
  "y": 0.00022014205623381545,
  "z": 0.7747176896492572,
  "qx": 0.000286062336586561,
  "qy": -0.005072726455275062,
  "qz": -0.0046855111632400906,
  "qw": 0.99997611551466,
  "source_topic": "/world/robot_world/dynamic_pose/info"
}