{
  "name": "wood_block",
  "x": 0.12137567093111,
  "y": -6.271106902421102e-05,
  "z": 0.7743882066121195,
  "qx": 0.0037938971350219316,
  "qy": -0.014997215264265248,
  "qz": -0.0026673197119361737,
  "qw": 0.9998767800506223,
  "source_topic": "/world/robot_world/dynamic_pose/info"
}