{
  "name": "wood_block",
  "x": 0.12106751873831276,
  "y": 0.00024787016549450284,
  "z": 0.7748019532560989,
  "qx": 0.0034582943763701306,
  "qy": -0.005781599263554481,
  "qz": -0.008684437649702066,
  "qw": 0.9999395951019594,
  "source_topic": "/world/robot_world/dynamic_pose/info"
}