{
  "name": "wood_block",
  "x": 0.11826925162683184,
  "y": 0.00220185865974686,
  "z": 0.774185346672545,
  "qx": 0.006908008323577222,
  "qy": -0.0043175740527740475,
  "qz": 0.016798581893560028,
  "qw": 0.9998257076219162,
  "source_topic": "/world/robot_world/dynamic_pose/info"
}