{
  "name": "wood_block",
  "x": 0.12,
  "y": 1.3298048054227102e-18,
  "z": 0.7749956925160869,
  "qx": 5.223086082979582e-17,
  "qy": -1.661339890695381e-16,
  "qz": 3.6605428326610894e-16,
  "qw": 1.0,
  "source_topic": "/world/robot_world/dynamic_pose/info"
}