{
  "name": "wood_block",
  "x": 0.12004514485805229,
  "y": 0.00046777187350252304,
  "z": 0.7749558015936547,
  "qx": -0.0018795212870937963,
  "qy": -0.001888076855485204,
  "qz": -0.007633979164537966,
  "qw": 0.9999673119295622,
  "source_topic": "/world/robot_world/dynamic_pose/info"
}