{
  "name": "wood_block",
  "x": 0.1195188707818123,
  "y": -0.0005022723563216027,
  "z": 0.7742772825828819,
  "qx": 0.0133370043406377,
  "qy": -0.0011038759761435285,
  "qz": -0.015949612504932036,
  "qw": 0.9997832343233155,
  "source_topic": "/world/robot_world/dynamic_pose/info"
}