{
  "name": "wood_block",
  "x": 0.12113062272793072,
  "y": 0.00022223709448897003,
  "z": 0.7741655930515865,
  "qx": 0.00597887904774373,
  "qy": -0.021287922378243194,
  "qz": -0.00995395579527935,
  "qw": 0.9997059548338081,
  "source_topic": "/world/robot_world/dynamic_pose/info"
}