{
  "name": "wood_block",
  "x": 0.12067393767043337,
  "y": 0.0003108431795882297,
  "z": 0.774925809612612,
  "qx": 0.002806562233057541,
  "qy": -0.011188427284672717,
  "qz": -0.007871918529993093,
  "qw": 0.9999024828461948,
  "source_topic": "/world/robot_world/dynamic_pose/info"
}