{
  "name": "wood_block",
  "x": 0.11745744626696894,
  "y": 0.005324197031518297,
  "z": 0.7729149103734153,
  "qx": -0.021218874571066314,
  "qy": 0.0036941371504029086,
  "qz": 0.03773967747876015,
  "qw": 0.9990554686584978,
  "source_topic": "/world/robot_world/dynamic_pose/info"
}