{
  "name": "wood_block",
  "x": 0.12,
  "y": 3.9870202642356115e-17,
  "z": 0.774984504592217,
  "qx": 2.579169493804496e-16,
  "qy": -1.2241230787639742e-16,
  "qz": 1.1161712347536666e-16,
  "qw": 1.0,
  "source_topic": "/world/robot_world/dynamic_pose/info"
}