{
  "name": "wood_block",
  "x": 0.11856923927106075,
  "y": -0.0018073794871750423,
  "z": 0.7771050325045418,
  "qx": -0.007252129073062239,
  "qy": 0.07071201864902507,
  "qz": 0.026293612552522827,
  "qw": 0.9971237952137264,
  "source_topic": "/world/robot_world/dynamic_pose/info"
}