{
  "name": "wood_block",
  "x": 0.1132088152250063,
  "y": -0.004754601427191373,
  "z": 0.7714865969385419,
  "qx": 0.024029374494367248,
  "qy": 0.020370592478576578,
  "qz": -0.01083522366136924,
  "qw": 0.9994449589905836,
  "source_topic": "/world/robot_world/dynamic_pose/info"
}