{
  "name": "wood_block",
  "x": 0.11688151681958085,
  "y": -0.0027811558352132133,
  "z": 0.7741591400986874,
  "qx": 0.01033744208018402,
  "qy": -0.0128022346349816,
  "qz": 0.02609991306346286,
  "qw": 0.9995239039751223,
  "source_topic": "/world/robot_world/dynamic_pose/info"
}