{
  "name": "wood_block",
  "x": 0.12,
  "y": 1.9976759728280902e-17,
  "z": 0.7744632989606082,
  "qx": 2.0683114655974087e-17,
  "qy": 1.2763902120097626e-16,
  "qz": 1.348048529873159e-16,
  "qw": 1.0,
  "source_topic": "/world/robot_world/dynamic_pose/info"
}