{
  "name": "wood_block",
  "x": 0.1208452413521786,
  "y": 0.00013773592993694672,
  "z": 0.7751893899583913,
  "qx": 0.0058903045061477095,
  "qy": -0.010540618093471059,
  "qz": -0.008456505576164742,
  "qw": 0.9998913376944881,
  "source_topic": "/world/robot_world/dynamic_pose/info"
}