{
  "name": "wood_block",
  "x": 0.11189943130522512,
  "y": -0.00370159373988935,
  "z": 0.7749188059153208,
  "qx": 0.001097065899609166,
  "qy": 0.0011697579898036087,
  "qz": -0.008331566780781051,
  "qw": 0.9999640059060299,
  "source_topic": "/world/robot_world/dynamic_pose/info"
}