{
  "name": "wood_block",
  "x": 0.12017830911234233,
  "y": 0.001199429339213267,
  "z": 0.7749860774150099,
  "qx": -0.018327270585177385,
  "qy": -0.015880384910793615,
  "qz": -0.01309440423251433,
  "qw": 0.9996201584130735,
  "source_topic": "/world/robot_world/dynamic_pose/info"
}