{
  "name": "wood_block",
  "x": 0.12028133497519622,
  "y": 0.00018841030916274466,
  "z": 0.7746324868746912,
  "qx": -0.0004930810654835954,
  "qy": -0.0022820956601065155,
  "qz": -0.0033216834283298705,
  "qw": 0.9999917576308632,
  "source_topic": "/world/robot_world/dynamic_pose/info"
}