{
  "name": "wood_block",
  "x": 0.119320471425288,
  "y": -0.00012754331110666689,
  "z": 0.7747040900255909,
  "qx": -7.694841525341075e-05,
  "qy": -0.0008556007049654936,
  "qz": -0.010365046998886617,
  "qw": 0.9999459124508114,
  "source_topic": "/world/robot_world/dynamic_pose/info"
}