{
  "name": "wood_block",
  "x": 0.12518787170795587,
  "y": 0.004519214547981129,
  "z": 0.7742040330829193,
  "qx": -0.01621701185038437,
  "qy": 0.01613480860276796,
  "qz": -0.08432201000139065,
  "qw": 0.996175925781848,
  "source_topic": "/world/robot_world/dynamic_pose/info"
}