{
  "name": "wood_block",
  "x": 0.11957474020602893,
  "y": 6.61043060144021e-05,
  "z": 0.7748885926445993,
  "qx": 0.0020162795076778513,
  "qy": -0.0001668478328061255,
  "qz": -0.01593977691601432,
  "qw": 0.9998709068127822,
  "source_topic": "/world/robot_world/dynamic_pose/info"
}