{
  "name": "wood_block",
  "x": 0.1206563901651142,
  "y": 0.0006124389987984843,
  "z": 0.774349143449914,
  "qx": -0.008186001886571979,
  "qy": 0.0014486177820509248,
  "qz": -0.002994019842883958,
  "qw": 0.9999609626004482,
  "source_topic": "/world/robot_world/dynamic_pose/info"
}