{
  "name": "wood_block",
  "x": 0.11903458021373382,
  "y": 0.00026746498694503115,
  "z": 0.7751017216169472,
  "qx": -0.005628895559319855,
  "qy": -0.011071672701092215,
  "qz": -0.003588520808279928,
  "qw": 0.9999164245659687,
  "source_topic": "/world/robot_world/dynamic_pose/info"
}