{
  "name": "wood_block",
  "x": 0.11091518133110773,
  "y": 0.003597509619551474,
  "z": 0.7738388768207972,
  "qx": 0.005816979075890586,
  "qy": 0.017341252528917373,
  "qz": 0.09177475293691309,
  "qw": 0.9956117910302827,
  "source_topic": "/world/robot_world/dynamic_pose/info"
}