{
  "name": "wood_block",
  "x": 0.12,
  "y": 9.656451342392233e-18,
  "z": 0.7749834086112631,
  "qx": 2.221278461512985e-17,
  "qy": -1.5628905119207665e-16,
  "qz": 2.2250332884548087e-16,
  "qw": 1.0,
  "source_topic": "/world/robot_world/dynamic_pose/info"
}