{
  "name": "wood_block",
  "x": 0.11995873315757527,
  "y": -4.372841890597601e-05,
  "z": 0.7738717236807597,
  "qx": -0.0032828712021649186,
  "qy": -0.013364472440632566,
  "qz": -0.017029274677047884,
  "qw": 0.999760279985671,
  "source_topic": "/world/robot_world/dynamic_pose/info"
}