{
  "name": "wood_block",
  "x": 0.12,
  "y": -9.24232548089882e-18,
  "z": 0.7749956925160869,
  "qx": 8.463591743827726e-17,
  "qy": 9.756986077476205e-17,
  "qz": 3.2246226615193523e-16,
  "qw": 1.0,
  "source_topic": "/world/robot_world/dynamic_pose/info"
}