{
  "name": "wood_block",
  "x": 0.12027368430102654,
  "y": -0.0015814055035095643,
  "z": 0.7773440551640225,
  "qx": 0.004125624827180856,
  "qy": 0.073037142032248,
  "qz": 0.02655319836410781,
  "qw": 0.9969671422670774,
  "source_topic": "/world/robot_world/dynamic_pose/info"
}