{
  "name": "wood_block",
  "x": 0.12034875118623777,
  "y": 0.0003897404145277999,
  "z": 0.7746806885481479,
  "qx": -0.0012246382013579922,
  "qy": -0.0013966675142007162,
  "qz": -0.006588380789655941,
  "qw": 0.9999765711353946,
  "source_topic": "/world/robot_world/dynamic_pose/info"
}