{
  "name": "wood_block",
  "x": 0.11631052373697669,
  "y": 0.0001909623761162367,
  "z": 0.7739833973559148,
  "qx": 0.0046246363190543885,
  "qy": 0.0005064355489884138,
  "qz": -0.013456496436310226,
  "qw": 0.9998986343453075,
  "source_topic": "/world/robot_world/dynamic_pose/info"
}