{
  "name": "wood_block",
  "x": 0.1206476393529868,
  "y": 0.0007254302668559556,
  "z": 0.7739495174492736,
  "qx": -0.00336219852276979,
  "qy": 0.0022566797700933673,
  "qz": -0.01194241088608463,
  "qw": 0.9999204877587701,
  "source_topic": "/world/robot_world/dynamic_pose/info"
}