{
  "name": "wood_block",
  "x": 0.11921764914026399,
  "y": 0.00029596664512188,
  "z": 0.7746377164934006,
  "qx": 0.0002947764566887065,
  "qy": -0.005905738953502591,
  "qz": -0.006972868720667014,
  "qw": 0.9999582063546746,
  "source_topic": "/world/robot_world/dynamic_pose/info"
}