{
  "name": "wood_block",
  "x": 0.12071214330399489,
  "y": -0.0002210333286716644,
  "z": 0.7729286474004589,
  "qx": 0.009881489256421317,
  "qy": -0.030460010910165158,
  "qz": -0.0052219432962417114,
  "qw": 0.9994734990051706,
  "source_topic": "/world/robot_world/dynamic_pose/info"
}