{
  "name": "wood_block",
  "x": 0.1112661508875265,
  "y": -0.00034686665540033815,
  "z": 0.774464268340462,
  "qx": 0.006946416765053297,
  "qy": -0.00689825259063893,
  "qz": 0.020723992013907108,
  "qw": 0.9997373042756429,
  "source_topic": "/world/robot_world/dynamic_pose/info"
}