{
  "name": "wood_block",
  "x": 0.11969983695762837,
  "y": 0.0002995028875780832,
  "z": 0.7746899350867911,
  "qx": -0.0008474493616458126,
  "qy": -0.006309870721163089,
  "qz": -0.005099432216479976,
  "qw": 0.9999667310226532,
  "source_topic": "/world/robot_world/dynamic_pose/info"
}