{
  "name": "wood_block",
  "x": 0.12,
  "y": 1.4115941108075553e-17,
  "z": 0.7749875172379103,
  "qx": 5.04764938974361e-17,
  "qy": -1.168126822531847e-16,
  "qz": 1.516723535134535e-16,
  "qw": 1.0,
  "source_topic": "/world/robot_world/dynamic_pose/info"
}