{
  "name": "wood_block",
  "x": 0.11772076034123255,
  "y": -0.0009247958602974385,
  "z": 0.7771633205768746,
  "qx": 0.004044195540566633,
  "qy": 0.07523786603929539,
  "qz": 0.013596776855380216,
  "qw": 0.9970647098636215,
  "source_topic": "/world/robot_world/dynamic_pose/info"
}