{
  "name": "wood_block",
  "x": 0.1199998221236511,
  "y": 4.835004584041047e-07,
  "z": 0.7744250744632156,
  "qx": -6.143809186946149e-06,
  "qy": -2.2602064820271453e-06,
  "qz": 3.792183717262627e-09,
  "qw": 0.9999999999785725,
  "source_topic": "/world/robot_world/dynamic_pose/info"
}