{
  "name": "wood_block",
  "x": 0.11907009965058465,
  "y": -4.109047708257984e-05,
  "z": 0.7738475997944407,
  "qx": 0.00032988136044212414,
  "qy": -0.020324674812360076,
  "qz": -0.0010159515737658367,
  "qw": 0.9997928618541241,
  "source_topic": "/world/robot_world/dynamic_pose/info"
}