{
  "name": "wood_block",
  "x": 0.11363599039410296,
  "y": -0.001909626856829448,
  "z": 0.7748756504166925,
  "qx": -0.00028713196282721735,
  "qy": -0.00093889632704765,
  "qz": 0.03464928464571057,
  "qw": 0.9993990509813703,
  "source_topic": "/world/robot_world/dynamic_pose/info"
}