{
  "name": "wood_block",
  "x": 0.1199999525106099,
  "y": 4.77259755588385e-07,
  "z": 0.774436197411137,
  "qx": -6.065220741629409e-06,
  "qy": -6.035096785665836e-07,
  "qz": 2.4283904516396997e-09,
  "qw": 0.9999999999814244,
  "source_topic": "/world/robot_world/dynamic_pose/info"
}