{
  "name": "wood_block",
  "x": 0.12,
  "y": 3.962665298993472e-18,
  "z": 0.7745939795894908,
  "qx": 4.9742878125014836e-17,
  "qy": 2.8247159476521933e-17,
  "qz": 2.7346990258941107e-16,
  "qw": 1.0,
  "source_topic": "/world/robot_world/dynamic_pose/info"
}