{
  "name": "wood_block",
  "x": 0.12087959761473041,
  "y": -0.000610245854216174,
  "z": 0.7726368734220984,
  "qx": 0.018943940016922213,
  "qy": -0.027230509107890807,
  "qz": -0.006508876127053166,
  "qw": 0.9994284671960886,
  "source_topic": "/world/robot_world/dynamic_pose/info"
}