{
  "name": "wood_block",
  "x": 0.12,
  "y": 2.439998205872377e-17,
  "z": 0.7749906325688805,
  "qx": 1.153606114010216e-17,
  "qy": -1.5691632975695978e-16,
  "qz": 1.4311024153362237e-16,
  "qw": 1.0,
  "source_topic": "/world/robot_world/dynamic_pose/info"
}