{
  "name": "wood_block",
  "x": 0.11520263094364298,
  "y": 0.004063930740391229,
  "z": 0.7749761557224397,
  "qx": -0.00010829557052167357,
  "qy": -0.0001573048124826026,
  "qz": 0.08524496397537934,
  "qw": 0.9963600050403979,
  "source_topic": "/world/robot_world/dynamic_pose/info"
}