{
  "name": "wood_block",
  "x": 0.12,
  "y": 3.2655519663181528e-18,
  "z": 0.7685970990483473,
  "qx": 4.156852149221776e-17,
  "qy": 1.2838042856668768e-16,
  "qz": 5.204614274625848e-19,
  "qw": 1.0,
  "source_topic": "/world/robot_world/dynamic_pose/info"
}