{
  "name": "wood_block",
  "x": 0.11890633237512835,
  "y": -0.0004704359225040109,
  "z": 0.7745116650106973,
  "qx": 0.0015920634982528835,
  "qy": -0.005304055454008974,
  "qz": 0.007680928577353923,
  "qw": 0.9999551668278673,
  "source_topic": "/world/robot_world/dynamic_pose/info"
}