{
  "name": "wood_block",
  "x": 0.11910750467185874,
  "y": -3.931666266502256e-05,
  "z": 0.7738878235412057,
  "qx": 0.00030493784574216984,
  "qy": -0.019581542962489526,
  "qz": -0.0010287896417657818,
  "qw": 0.9998076873979272,
  "source_topic": "/world/robot_world/dynamic_pose/info"
}