{
  "name": "wood_block",
  "x": 0.11930644675750762,
  "y": 0.0005011991557145908,
  "z": 0.7745025146232642,
  "qx": 5.5563499186255364e-05,
  "qy": -0.0004688640335394265,
  "qz": 0.002633709394576899,
  "qw": 0.9999964203206132,
  "source_topic": "/world/robot_world/dynamic_pose/info"
}