{
  "name": "wood_block",
  "x": 0.11362528892006621,
  "y": 0.0057111462098407145,
  "z": 0.7749450946360089,
  "qx": -0.00035880852236952894,
  "qy": 0.00047121358900937123,
  "qz": 0.09632271733401586,
  "qw": 0.9953499803283211,
  "source_topic": "/world/robot_world/dynamic_pose/info"
}