{
  "name": "wood_block",
  "x": 0.12,
  "y": 8.035422038193383e-18,
  "z": 0.7749906324952879,
  "qx": 2.885716541701234e-17,
  "qy": -1.4164873462171346e-16,
  "qz": 3.5719293157103696e-16,
  "qw": 1.0,
  "source_topic": "/world/robot_world/dynamic_pose/info"
}