{
  "name": "wood_block",
  "x": 0.12009818224393186,
  "y": -0.0008691437054981051,
  "z": 0.774956557059285,
  "qx": 0.012614270608578865,
  "qy": 0.01664679195141048,
  "qz": 0.003131265365510509,
  "qw": 0.9997769549614307,
  "source_topic": "/world/robot_world/dynamic_pose/info"
}