{
  "name": "wood_block",
  "x": 0.1200000885936214,
  "y": 3.742673007594814e-08,
  "z": 0.7744187261356542,
  "qx": -4.857855037283084e-07,
  "qy": 1.1494365408631252e-06,
  "qz": -7.029469735141359e-10,
  "qw": 0.9999999999992214,
  "source_topic": "/world/robot_world/dynamic_pose/info"
}