{
  "name": "wood_block",
  "x": 0.11967512023042172,
  "y": 0.0005114718197356446,
  "z": 0.7748792490588228,
  "qx": -0.004016937287883297,
  "qy": -0.004276075997011701,
  "qz": -0.006143389847871104,
  "qw": 0.999963918424095,
  "source_topic": "/world/robot_world/dynamic_pose/info"
}