{
  "name": "wood_block",
  "x": 0.11999999999998384,
  "y": -5.485458155644223e-15,
  "z": 0.7744791227116756,
  "qx": 6.819150750089469e-14,
  "qy": -2.0220373516512772e-13,
  "qz": 3.589484898914187e-17,
  "qw": 1.0,
  "source_topic": "/world/robot_world/dynamic_pose/info"
}