{
  "name": "wood_block",
  "x": 0.1190102592052828,
  "y": -4.0820932905555e-05,
  "z": 0.7737928814248579,
  "qx": 0.00030947071270214654,
  "qy": -0.021438267560768828,
  "qz": -0.000998890556401917,
  "qw": 0.9997696270289107,
  "source_topic": "/world/robot_world/dynamic_pose/info"
}