{
  "name": "wood_block",
  "x": 0.12,
  "y": 2.4693308881273184e-17,
  "z": 0.7749834087667536,
  "qx": 5.0277331896122657e-17,
  "qy": 1.346722656266964e-16,
  "qz": 5.1676700386418127e-17,
  "qw": 1.0,
  "source_topic": "/world/robot_world/dynamic_pose/info"
}