{
  "name": "wood_block",
  "x": 0.12,
  "y": 1.2504301627712527e-17,
  "z": 0.7749855056099985,
  "qx": 6.77167281995012e-18,
  "qy": -1.2321775850822943e-16,
  "qz": 1.5180605135112405e-16,
  "qw": 1.0,
  "source_topic": "/world/robot_world/dynamic_pose/info"
}