{
  "name": "wood_block",
  "x": 0.11821376140621666,
  "y": -0.0007192405090333879,
  "z": 0.7763656009212967,
  "qx": 0.009783469706229914,
  "qy": -0.020478364145599504,
  "qz": 0.0068492344702419895,
  "qw": 0.9997189646643696,
  "source_topic": "/world/robot_world/dynamic_pose/info"
}