{
  "name": "wood_block",
  "x": 0.12,
  "y": 8.820253058726908e-19,
  "z": 0.7749855056344398,
  "qx": -5.256441112984576e-18,
  "qy": -1.2730415528250224e-16,
  "qz": 1.0449742030222466e-17,
  "qw": 1.0,
  "source_topic": "/world/robot_world/dynamic_pose/info"
}