{
  "name": "wood_block",
  "x": 0.11459022531498751,
  "y": -0.0024887648730285558,
  "z": 0.7748399600321157,
  "qx": -0.001057343166442576,
  "qy": 0.002627298864554226,
  "qz": 0.03150422405956785,
  "qw": 0.9994996063993768,
  "source_topic": "/world/robot_world/dynamic_pose/info"
}