{
  "name": "wood_block",
  "x": 0.12000000000004507,
  "y": -3.703068813764437e-14,
  "z": 0.7746212961437287,
  "qx": 4.0420452170581654e-13,
  "qy": 4.912030407241778e-13,
  "qz": -1.9871209666632028e-16,
  "qw": 1.0,
  "source_topic": "/world/robot_world/dynamic_pose/info"
}