{
  "name": "wood_block",
  "x": 0.1192249314181359,
  "y": 0.0007601773955126074,
  "z": 0.7748095769538156,
  "qx": -0.007784422539972066,
  "qy": -0.009518898656796459,
  "qz": -0.007328602213008568,
  "qw": 0.9998975372125307,
  "source_topic": "/world/robot_world/dynamic_pose/info"
}