{
  "name": "wood_block",
  "x": 0.12063378037829849,
  "y": 0.00013468894427114524,
  "z": 0.7734683552051264,
  "qx": 0.0014612425547188015,
  "qy": 0.002644997861593514,
  "qz": -0.004172103941353124,
  "qw": 0.9999867310645731,
  "source_topic": "/world/robot_world/dynamic_pose/info"
}