{
  "name": "wood_block",
  "x": 0.12,
  "y": 2.7791820573361525e-18,
  "z": 0.7745093968043647,
  "qx": 2.8798421296070286e-17,
  "qy": 9.595902618124934e-17,
  "qz": 1.579363634676493e-16,
  "qw": 1.0,
  "source_topic": "/world/robot_world/dynamic_pose/info"
}