{
  "name": "wood_block",
  "x": 0.11999999151136452,
  "y": -8.41438225902047e-09,
  "z": 0.7744301974714005,
  "qx": 1.0847378963063172e-07,
  "qy": -1.0943101228245261e-07,
  "qz": 8.216856379993183e-13,
  "qw": 0.9999999999999881,
  "source_topic": "/world/robot_world/dynamic_pose/info"
}