{
  "name": "wood_block",
  "x": 0.1219386547979902,
  "y": -6.358092524349557e-05,
  "z": 0.7746781446084666,
  "qx": 0.0030180568518145164,
  "qy": -0.005983684497753139,
  "qz": -0.0020361792155220966,
  "qw": 0.9999754701125787,
  "source_topic": "/world/robot_world/dynamic_pose/info"
}