{
  "name": "wood_block",
  "x": 0.12438245150182976,
  "y": -0.005447347838115508,
  "z": 0.774179006892694,
  "qx": 0.022106401100795585,
  "qy": 0.03791631364060633,
  "qz": 0.05324469616170167,
  "qw": 0.9976164907021766,
  "source_topic": "/world/robot_world/dynamic_pose/info"
}