{
  "name": "wood_block",
  "x": 0.12000000569626519,
  "y": 3.5396027643361932e-09,
  "z": 0.7744469891589393,
  "qx": -2.1847227495376478e-13,
  "qy": 1.7753049300017365e-08,
  "qz": 7.078934544712764e-08,
  "qw": 0.9999999999999973,
  "source_topic": "/world/robot_world/dynamic_pose/info"
}