{
  "name": "wood_block",
  "x": 0.11999999804163775,
  "y": 3.4820193115038917e-09,
  "z": 0.7749823473336206,
  "qx": -2.938213372354396e-09,
  "qy": -1.652513156832099e-09,
  "qz": 3.589308651769598e-13,
  "qw": 1.0,
  "source_topic": "/world/robot_world/dynamic_pose/info"
}