{
  "name": "wood_block",
  "x": 0.12,
  "y": 1.391403834158852e-17,
  "z": 0.7749916695260781,
  "qx": 2.754324564814652e-16,
  "qy": -4.798046327401037e-16,
  "qz": -3.8976992337652826e-17,
  "qw": 1.0,
  "source_topic": "/world/robot_world/dynamic_pose/info"
}