{
  "name": "wood_block",
  "x": 0.12,
  "y": -2.8337949713522624e-18,
  "z": 0.7749956925163922,
  "qx": 5.272069994749577e-17,
  "qy": -1.5737058635494668e-16,
  "qz": 9.865759396646815e-18,
  "qw": 1.0,
  "source_topic": "/world/robot_world/dynamic_pose/info"
}