{
  "name": "wood_block",
  "x": 0.12125968687497383,
  "y": -0.0008507803116611261,
  "z": 0.7728292351295216,
  "qx": 0.02471879485438789,
  "qy": -0.017886288768619085,
  "qz": -0.00783540371460539,
  "qw": 0.9995037110004451,
  "source_topic": "/world/robot_world/dynamic_pose/info"
}