{
  "name": "wood_block",
  "x": 0.1199998810735546,
  "y": -8.67237335160209e-07,
  "z": 0.7744250053322399,
  "qx": 1.1042148836383783e-05,
  "qy": -1.5219131413772296e-06,
  "qz": 1.294697160366783e-07,
  "qw": 0.9999999999378689,
  "source_topic": "/world/robot_world/dynamic_pose/info"
}