{
  "name": "wood_block",
  "x": 0.12000162297572821,
  "y": -9.326250387170597e-07,
  "z": 0.7745945808992319,
  "qx": 1.0172345352475751e-05,
  "qy": 1.770735256731124e-05,
  "qz": 5.073200491344607e-07,
  "qw": 0.9999999997913578,
  "source_topic": "/world/robot_world/dynamic_pose/info"
}