{
  "name": "wood_block",
  "x": 0.12082716716087294,
  "y": 0.0004248365686677941,
  "z": 0.7751328955092222,
  "qx": 0.007178030139719175,
  "qy": -0.004100570732337035,
  "qz": -0.001189787985744434,
  "qw": 0.9999651221955351,
  "source_topic": "/world/robot_world/dynamic_pose/info"
}