{
  "name": "wood_block",
  "x": 0.1199990503113615,
  "y": 4.3039162764807137e-07,
  "z": 0.7744305267640491,
  "qx": -5.488460719386019e-06,
  "qy": -1.2115173786909768e-05,
  "qz": 1.398970137641137e-07,
  "qw": 0.9999999999115399,
  "source_topic": "/world/robot_world/dynamic_pose/info"
}