{
  "name": "wood_block",
  "x": 0.12006716644666918,
  "y": 0.001313704624234844,
  "z": 0.7744554113738504,
  "qx": -0.015203047046215303,
  "qy": -0.006310985609062012,
  "qz": -0.011559715760425105,
  "qw": 0.999797685430753,
  "source_topic": "/world/robot_world/dynamic_pose/info"
}