{
  "name": "wood_block",
  "x": 0.11998460007674255,
  "y": 0.00029152331528304725,
  "z": 0.7736825058669852,
  "qx": -0.0022439703500863124,
  "qy": 0.0022588259880330424,
  "qz": -0.0037155422777921175,
  "qw": 0.9999880284522439,
  "source_topic": "/world/robot_world/dynamic_pose/info"
}