{
  "name": "wood_block",
  "x": 0.12,
  "y": -1.819041965172137e-18,
  "z": 0.7747453602829609,
  "qx": 8.913724192729935e-17,
  "qy": -1.0216722329714527e-16,
  "qz": 7.414489322853408e-17,
  "qw": 1.0,
  "source_topic": "/world/robot_world/dynamic_pose/info"
}