{
  "name": "wood_block",
  "x": 0.12000001139139466,
  "y": 3.1305329228760754e-07,
  "z": 0.774468856131917,
  "qx": -3.9044356709897794e-06,
  "qy": 1.4207244151715794e-07,
  "qz": 3.957680215070489e-11,
  "qw": 0.9999999999923675,
  "source_topic": "/world/robot_world/dynamic_pose/info"
}