{
  "name": "wood_block",
  "x": 0.11884574511022485,
  "y": 0.0007133823283116389,
  "z": 0.7793319691070207,
  "qx": -0.009715399373185447,
  "qy": 0.12144056187237212,
  "qz": 0.017426117683826976,
  "qw": 0.9923981717887289,
  "source_topic": "/world/robot_world/dynamic_pose/info"
}