{
  "name": "wood_block",
  "x": 0.1186672454531776,
  "y": -0.0015268561341896093,
  "z": 0.7749831207954336,
  "qx": -0.00012210645102632672,
  "qy": 0.00018338484276078472,
  "qz": 0.02921712183800941,
  "qw": 0.9995730644887931,
  "source_topic": "/world/robot_world/dynamic_pose/info"
}