{
  "name": "wood_block",
  "x": 0.11999965023786764,
  "y": 1.5861080995089392e-07,
  "z": 0.7749906358111192,
  "qx": -5.2843256383219385e-08,
  "qy": -1.1664568022975789e-07,
  "qz": 1.3989701455724934e-07,
  "qw": 0.999999999999982,
  "source_topic": "/world/robot_world/dynamic_pose/info"
}