{
  "name": "wood_block",
  "x": 0.12,
  "y": -9.532482614051617e-18,
  "z": 0.7748792744718488,
  "qx": -5.4723784078962444e-17,
  "qy": -9.773922029727498e-17,
  "qz": 1.9368834900135805e-16,
  "qw": 1.0,
  "source_topic": "/world/robot_world/dynamic_pose/info"
}