{
  "name": "wood_block",
  "x": 0.11368963948618918,
  "y": 0.005770767016030579,
  "z": 0.7747938382504859,
  "qx": -0.00142171995614328,
  "qy": 0.0018671077116057763,
  "qz": 0.09632282517697627,
  "qw": 0.9953473795470028,
  "source_topic": "/world/robot_world/dynamic_pose/info"
}