{
  "name": "wood_block",
  "x": 0.12,
  "y": 1.750140514880128e-17,
  "z": 0.7744994932892836,
  "qx": 3.008814416381382e-16,
  "qy": -1.4770356714150582e-16,
  "qz": 8.419173270559822e-17,
  "qw": 1.0,
  "source_topic": "/world/robot_world/dynamic_pose/info"
}