{
  "name": "wood_block",
  "x": 0.12000006203965487,
  "y": -2.135035947869799e-08,
  "z": 0.7749906351938544,
  "qx": 7.164192254679428e-09,
  "qy": 2.0817823011229733e-08,
  "qz": -3.333338729255995e-10,
  "qw": 0.9999999999999998,
  "source_topic": "/world/robot_world/dynamic_pose/info"
}