{
  "name": "wood_block",
  "x": 0.11999999809148645,
  "y": 3.3933869570582596e-09,
  "z": 0.7749906325565356,
  "qx": -1.1655663184321795e-09,
  "qy": -6.555390437185491e-10,
  "qz": 3.588990028580415e-13,
  "qw": 1.0,
  "source_topic": "/world/robot_world/dynamic_pose/info"
}