{
  "name": "wood_block",
  "x": 0.1200149829007785,
  "y": -4.035438701791514e-05,
  "z": 0.7749891870617988,
  "qx": 2.04675414393037e-06,
  "qy": -9.974955741611166e-06,
  "qz": -0.0007262733409013982,
  "qw": 0.9999997362116378,
  "source_topic": "/world/robot_world/dynamic_pose/info"
}