{
  "name": "wood_block",
  "x": 0.11999999999999413,
  "y": 5.345845286150238e-15,
  "z": 0.7684374126004003,
  "qx": -9.247381348382732e-14,
  "qy": -1.0172074762620978e-13,
  "qz": 2.3105925346531686e-18,
  "qw": 1.0,
  "source_topic": "/world/robot_world/dynamic_pose/info"
}