{
  "name": "wood_block",
  "x": 0.11963538304297419,
  "y": -6.63481346017442e-06,
  "z": 0.7728566045288852,
  "qx": 0.00012051698192164626,
  "qy": -0.008695433459236717,
  "qz": 1.5066291221023209e-05,
  "qw": 0.9999621866278844,
  "source_topic": "/world/robot_world/dynamic_pose/info"
}