{
  "name": "wood_block",
  "x": 0.12,
  "y": 2.0896547140302426e-18,
  "z": 0.7749956925160869,
  "qx": 6.2728337175355044e-18,
  "qy": -1.5518972870520255e-16,
  "qz": 2.235373404772907e-16,
  "qw": 1.0,
  "source_topic": "/world/robot_world/dynamic_pose/info"
}