{
  "name": "wood_block",
  "x": 0.11574433797093042,
  "y": -0.0006765448000317616,
  "z": 0.7771753139746425,
  "qx": 0.004070935810165581,
  "qy": 0.050975581972913506,
  "qz": 0.006798160596257601,
  "qw": 0.9986684647753026,
  "source_topic": "/world/robot_world/dynamic_pose/info"
}