{
  "name": "wood_block",
  "x": 0.11394118195556102,
  "y": 0.00600384451901277,
  "z": 0.7741995047106237,
  "qx": -0.005576555436127323,
  "qy": 0.007323523394498331,
  "qz": 0.09632590873364766,
  "qw": 0.9953072828735833,
  "source_topic": "/world/robot_world/dynamic_pose/info"
}