{
  "name": "wood_block",
  "x": 0.12071661964453004,
  "y": 0.00048451575363815376,
  "z": 0.7748568231177674,
  "qx": 0.0010044036283721484,
  "qy": 0.0010716369757456845,
  "qz": -0.010185907731513646,
  "qw": 0.9999470436234255,
  "source_topic": "/world/robot_world/dynamic_pose/info"
}