{
  "name": "wood_block",
  "x": 0.11832081996733175,
  "y": -0.0028064923536408348,
  "z": 0.7745929592185399,
  "qx": 0.005894847149677337,
  "qy": -0.012935613475627829,
  "qz": 0.031121044154171447,
  "qw": 0.9994145292579277,
  "source_topic": "/world/robot_world/dynamic_pose/info"
}