{
  "name": "wood_block",
  "x": 0.11906301734380935,
  "y": 0.0005433592483875633,
  "z": 0.7733361808587619,
  "qx": -0.015684720449323154,
  "qy": -0.00537315219295187,
  "qz": 0.006278787470950927,
  "qw": 0.999842835453569,
  "source_topic": "/world/robot_world/dynamic_pose/info"
}