{
  "name": "wood_block",
  "x": 0.1193343002087551,
  "y": -0.0013162675224649817,
  "z": 0.7758175450377003,
  "qx": 0.001023086490537537,
  "qy": 0.028484279919190995,
  "qz": 0.012636227314409438,
  "qw": 0.9995138442516825,
  "source_topic": "/world/robot_world/dynamic_pose/info"
}