{
  "name": "wood_block",
  "x": 0.1215022067895295,
  "y": 0.00034555985666559946,
  "z": 0.7744718993074691,
  "qx": 0.0029229598004438047,
  "qy": -0.013451937195259332,
  "qz": -0.009549927466650707,
  "qw": 0.9998596404381375,
  "source_topic": "/world/robot_world/dynamic_pose/info"
}