{
  "name": "wood_block",
  "x": 0.12005747558172312,
  "y": -3.2716517685675992e-06,
  "z": 0.7749893338929614,
  "qx": 9.325530295839408e-05,
  "qy": 8.298635672512707e-05,
  "qz": -4.6745773261965486e-05,
  "qw": 0.999999991115773,
  "source_topic": "/world/robot_world/dynamic_pose/info"
}