{
  "name": "wood_block",
  "x": 0.11953755753776427,
  "y": 0.0005527195677865529,
  "z": 0.7746289451111381,
  "qx": 0.000452643445947347,
  "qy": -0.0035433325219654268,
  "qz": -0.011159024244190494,
  "qw": 0.9999313556872128,
  "source_topic": "/world/robot_world/dynamic_pose/info"
}