{
  "name": "wood_block",
  "x": 0.12,
  "y": -1.277381142383101e-17,
  "z": 0.7745332501956144,
  "qx": 8.278036044807252e-17,
  "qy": -1.4828127337211345e-16,
  "qz": -2.864356397861903e-17,
  "qw": 1.0,
  "source_topic": "/world/robot_world/dynamic_pose/info"
}