{
  "name": "wood_block",
  "x": 0.12,
  "y": 1.1150585847637019e-19,
  "z": 0.7745238310049996,
  "qx": 2.2564387014665225e-17,
  "qy": -1.136679890491865e-16,
  "qz": 8.199666521219377e-17,
  "qw": 1.0,
  "source_topic": "/world/robot_world/dynamic_pose/info"
}