{
  "name": "wood_block",
  "x": 0.12067940176362216,
  "y": -0.00047053952285029476,
  "z": 0.7762437677063494,
  "qx": 0.0010508303219762497,
  "qy": 0.02731912786179852,
  "qz": 0.008385431201474603,
  "qw": 0.9995910391515475,
  "source_topic": "/world/robot_world/dynamic_pose/info"
}