{
  "name": "wood_block",
  "x": 0.11999999398752183,
  "y": 4.882299560794937e-08,
  "z": 0.7749845114439815,
  "qx": -3.393481291491673e-08,
  "qy": -4.179001432876623e-09,
  "qz": 6.946762399610638e-11,
  "qw": 0.9999999999999994,
  "source_topic": "/world/robot_world/dynamic_pose/info"
}