{
  "name": "wood_block",
  "x": 0.1204436363703101,
  "y": 0.0003886403599365285,
  "z": 0.7746091591784264,
  "qx": 0.0004669175607875858,
  "qy": 0.0032390704161193704,
  "qz": -0.008605571541392245,
  "qw": 0.9999576163764526,
  "source_topic": "/world/robot_world/dynamic_pose/info"
}