{
  "name": "wood_block",
  "x": 0.12,
  "y": 5.647127614356371e-18,
  "z": 0.7744358412951031,
  "qx": 3.3589368329514455e-17,
  "qy": -1.8338978241027705e-16,
  "qz": 1.5954703453538404e-16,
  "qw": 1.0,
  "source_topic": "/world/robot_world/dynamic_pose/info"
}