{
  "name": "wood_block",
  "x": 0.11999998774668377,
  "y": -7.651766444884405e-09,
  "z": 0.7749834087747772,
  "qx": 5.965756928937798e-09,
  "qy": -9.553390812859178e-09,
  "qz": -1.361723689068548e-11,
  "qw": 0.9999999999999999,
  "source_topic": "/world/robot_world/dynamic_pose/info"
}