{
  "name": "wood_block",
  "x": 0.11958846588732933,
  "y": -5.455249788926229e-06,
  "z": 0.7746777848068997,
  "qx": 0.0001574757838746959,
  "qy": -0.0006410153550879571,
  "qz": -0.008014738698992342,
  "qw": 0.9999676636093183,
  "source_topic": "/world/robot_world/dynamic_pose/info"
}