{
  "name": "wood_block",
  "x": 0.11999998782831069,
  "y": 2.7388180057697176e-08,
  "z": 0.7749823486048224,
  "qx": -2.3009552879512252e-08,
  "qy": -1.022575032848431e-08,
  "qz": -3.296482302200453e-11,
  "qw": 0.9999999999999997,
  "source_topic": "/world/robot_world/dynamic_pose/info"
}