{
  "name": "wood_block",
  "x": 0.12025530480121235,
  "y": -2.7449812533452343e-05,
  "z": 0.774892163768442,
  "qx": 0.0014276517147303429,
  "qy": 0.0010355349343623829,
  "qz": -0.0008956685826334293,
  "qw": 0.9999980436259719,
  "source_topic": "/world/robot_world/dynamic_pose/info"
}