{
  "name": "wood_block",
  "x": 0.11999995029308716,
  "y": -4.794942215978514e-08,
  "z": 0.7749906361235552,
  "qx": 1.595979041758393e-08,
  "qy": -1.6544763284579182e-08,
  "qz": -6.582446876908027e-11,
  "qw": 0.9999999999999997,
  "source_topic": "/world/robot_world/dynamic_pose/info"
}