{
  "name": "wood_block",
  "x": 0.1136122742611677,
  "y": 0.004446198181214013,
  "z": 0.7760792007169158,
  "qx": 0.03149532959541961,
  "qy": -0.021827324368889768,
  "qz": 0.0912834079593873,
  "qw": 0.9950874090027927,
  "source_topic": "/world/robot_world/dynamic_pose/info"
}