{
  "name": "wood_block",
  "x": 0.12,
  "y": 1.1627793051020165e-17,
  "z": 0.7747868537026759,
  "qx": -9.610579029999736e-18,
  "qy": -1.47635555924493e-16,
  "qz": 1.6739422644763495e-16,
  "qw": 1.0,
  "source_topic": "/world/robot_world/dynamic_pose/info"
}