{
  "name": "wood_block",
  "x": 0.1178934432855722,
  "y": 0.0005622464221925882,
  "z": 0.7749608198286887,
  "qx": -0.0016020622087274206,
  "qy": 0.0019033465971417254,
  "qz": 0.024380112975957186,
  "qw": 0.9996996652793728,
  "source_topic": "/world/robot_world/dynamic_pose/info"
}