{
  "name": "wood_block",
  "x": 0.1164783953638901,
  "y": 0.00045506832783444735,
  "z": 0.7763555241810471,
  "qx": -0.02082335342439432,
  "qy": -0.008828429676746786,
  "qz": 0.02686690909636639,
  "qw": 0.9993831177167308,
  "source_topic": "/world/robot_world/dynamic_pose/info"
}