{
  "name": "wood_block",
  "x": 0.11946139939810876,
  "y": 0.00013774191478863203,
  "z": 0.7748965230351397,
  "qx": 0.006503562653921662,
  "qy": -0.004785326849777358,
  "qz": -0.010748175339853469,
  "qw": 0.9999096364405191,
  "source_topic": "/world/robot_world/dynamic_pose/info"
}