{
  "name": "wood_block",
  "x": 0.11507666053710164,
  "y": 0.004135652819043206,
  "z": 0.7746731986340948,
  "qx": -0.001752296835330384,
  "qy": -0.00254529832973612,
  "qz": 0.08524514671918418,
  "qw": 0.9963552157102599,
  "source_topic": "/world/robot_world/dynamic_pose/info"
}