{
  "name": "wood_block",
  "x": 0.12006446163969657,
  "y": 3.0479429608140606e-06,
  "z": 0.774986020563349,
  "qx": -6.682678661670954e-06,
  "qy": 6.584251287449909e-06,
  "qz": -7.71239711570426e-05,
  "qw": 0.9999999969819412,
  "source_topic": "/world/robot_world/dynamic_pose/info"
}