{
  "name": "wood_block",
  "x": 0.12,
  "y": 1.874194660525765e-17,
  "z": 0.7748369546794055,
  "qx": 1.1399023543222247e-16,
  "qy": -3.811141430140333e-17,
  "qz": -3.5625874195319416e-17,
  "qw": 1.0,
  "source_topic": "/world/robot_world/dynamic_pose/info"
}