{
  "name": "wood_block",
  "x": 0.120066854223148,
  "y": 0.00010534266887031034,
  "z": 0.7748583751095495,
  "qx": -0.002038612161583775,
  "qy": 0.0002726174455945923,
  "qz": -3.657121077983238e-05,
  "qw": 0.9999978841991265,
  "source_topic": "/world/robot_world/dynamic_pose/info"
}