{
  "name": "wood_block",
  "x": 0.11999999468556337,
  "y": 9.449210586783646e-09,
  "z": 0.7744244726057337,
  "qx": -1.2228202727778753e-07,
  "qy": -6.877399386886549e-08,
  "qz": 3.5897753571570654e-13,
  "qw": 0.9999999999999901,
  "source_topic": "/world/robot_world/dynamic_pose/info"
}