{
  "name": "wood_block",
  "x": 0.11949634521683795,
  "y": 0.0001242072488669612,
  "z": 0.7748546817218779,
  "qx": -0.0003487961497981547,
  "qy": -6.34579474757204e-05,
  "qz": 0.02254303793133018,
  "qw": 0.999745810571448,
  "source_topic": "/world/robot_world/dynamic_pose/info"
}