{
  "name": "wood_block",
  "x": 0.13780662245828448,
  "y": 0.0026671353746214404,
  "z": 0.7737955790381706,
  "qx": 0.052061853445416535,
  "qy": -0.712244859561584,
  "qz": 0.035603246904814256,
  "qw": 0.6990917194859072,
  "source_topic": "/world/robot_world/dynamic_pose/info"
}