{
  "name": "wood_block",
  "x": 0.12,
  "y": -9.344426101273873e-18,
  "z": 0.7749956925160869,
  "qx": 3.5453710637770905e-17,
  "qy": -9.557222880528863e-17,
  "qz": 5.751553268223055e-17,
  "qw": 1.0,
  "source_topic": "/world/robot_world/dynamic_pose/info"
}