{
  "name": "wood_block",
  "x": 0.12,
  "y": 1.1616469895367827e-17,
  "z": 0.7749823471792193,
  "qx": 4.894079919669992e-17,
  "qy": 3.194318528147011e-18,
  "qz": 3.2665808788714613e-16,
  "qw": 1.0,
  "source_topic": "/world/robot_world/dynamic_pose/info"
}