{
  "name": "wood_block",
  "x": 0.12058745657885435,
  "y": -0.0003649024377519683,
  "z": 0.7750901461741856,
  "qx": 0.014389429411864335,
  "qy": 0.0075207199146775615,
  "qz": 0.001233903439632708,
  "qw": 0.9998674214992044,
  "source_topic": "/world/robot_world/dynamic_pose/info"
}