{
  "name": "wood_block",
  "x": 0.11999979690100152,
  "y": -6.943595768252028e-07,
  "z": 0.7745051324677128,
  "qx": 8.281541946683017e-06,
  "qy": -2.4221798685311575e-06,
  "qz": -6.872033500186769e-09,
  "qw": 0.9999999999627744,
  "source_topic": "/world/robot_world/dynamic_pose/info"
}