{
  "name": "wood_block",
  "x": 0.12,
  "y": 2.1996368110152317e-18,
  "z": 0.7744842922850685,
  "qx": 3.0320507095840383e-16,
  "qy": -5.178717934361977e-16,
  "qz": -2.042506676062023e-17,
  "qw": 1.0,
  "source_topic": "/world/robot_world/dynamic_pose/info"
}