{
  "name": "wood_block",
  "x": 0.1199246285641665,
  "y": 0.00014646294194937436,
  "z": 0.7749492810612651,
  "qx": 4.870176315952281e-05,
  "qy": 0.00016980807376727012,
  "qz": -0.004458740174301664,
  "qw": 0.9999900441651479,
  "source_topic": "/world/robot_world/dynamic_pose/info"
}