{
  "name": "wood_block",
  "x": 0.12106317943322562,
  "y": 0.0004487420979408952,
  "z": 0.7723281849243696,
  "qx": 0.0009757692691721168,
  "qy": -0.020219279176673998,
  "qz": -0.00936656727756151,
  "qw": 0.9997512170741999,
  "source_topic": "/world/robot_world/dynamic_pose/info"
}