{
  "name": "wood_block",
  "x": 0.12074848502047457,
  "y": 0.00021261703304792476,
  "z": 0.7751374989900199,
  "qx": 0.00485787002669041,
  "qy": -0.011306750417755475,
  "qz": -0.00787751180966448,
  "qw": 0.9998932459525282,
  "source_topic": "/world/robot_world/dynamic_pose/info"
}