{
  "name": "wood_block",
  "x": 0.11999964136785943,
  "y": 1.6262913232405122e-07,
  "z": 0.7749823555382207,
  "qx": -1.332097204179169e-07,
  "qy": -2.940458163970428e-07,
  "qz": 1.398970145555646e-07,
  "qw": 0.9999999999999382,
  "source_topic": "/world/robot_world/dynamic_pose/info"
}