{
  "name": "wood_block",
  "x": 0.12,
  "y": -4.4049034219956404e-18,
  "z": 0.7744524809465411,
  "qx": 2.1982507804261913e-17,
  "qy": -1.4920008952258914e-16,
  "qz": 1.4497159834287564e-16,
  "qw": 1.0,
  "source_topic": "/world/robot_world/dynamic_pose/info"
}