{
  "name": "wood_block",
  "x": 0.12137806160335682,
  "y": -0.000898107315255734,
  "z": 0.7728769969030425,
  "qx": 0.02557491706674055,
  "qy": -0.01511673124862096,
  "qz": -0.007858209233978572,
  "qw": 0.9995277167747882,
  "source_topic": "/world/robot_world/dynamic_pose/info"
}