{
  "name": "wood_block",
  "x": 0.11952245983722778,
  "y": 0.0005902652308148111,
  "z": 0.7768454013472474,
  "qx": 0.01237790582659734,
  "qy": -0.050784607662615215,
  "qz": 0.019786321704734454,
  "qw": 0.9984368846077848,
  "source_topic": "/world/robot_world/dynamic_pose/info"
}