{
  "name": "wood_block",
  "x": 0.12,
  "y": -1.6344856106283143e-17,
  "z": 0.7745142424088131,
  "qx": 2.665595071159049e-16,
  "qy": -1.436323124989658e-16,
  "qz": -2.7971268803304546e-17,
  "qw": 1.0,
  "source_topic": "/world/robot_world/dynamic_pose/info"
}