{
  "name": "wood_block",
  "x": 0.12054882637585693,
  "y": -9.572361999045781e-05,
  "z": 0.7738107425138051,
  "qx": 0.007790968979986446,
  "qy": -0.009755267836261107,
  "qz": -0.0058416579607159964,
  "qw": 0.9999050007796069,
  "source_topic": "/world/robot_world/dynamic_pose/info"
}