{
  "name": "wood_block",
  "x": 0.11895649791485259,
  "y": -0.0010166811045391009,
  "z": 0.7747118941133334,
  "qx": 0.01638475897481903,
  "qy": -0.011240307136537252,
  "qz": 0.009929168690392298,
  "qw": 0.9997532729518475,
  "source_topic": "/world/robot_world/dynamic_pose/info"
}