{
  "name": "wood_block",
  "x": 0.12056075769807889,
  "y": -0.0030129624992621656,
  "z": 0.7774827685746312,
  "qx": 0.05839602883667976,
  "qy": 0.003835248021408291,
  "qz": -0.001780607969080835,
  "qw": 0.9982845406616194,
  "source_topic": "/world/robot_world/dynamic_pose/info"
}