{
  "name": "wood_block",
  "x": 0.12091289065252296,
  "y": -0.00013271756064234388,
  "z": 0.7738015880450877,
  "qx": 0.006100404652566132,
  "qy": -0.02454042617874916,
  "qz": -0.0034124497438401905,
  "qw": 0.9996744008589927,
  "source_topic": "/world/robot_world/dynamic_pose/info"
}