{
  "name": "wood_block",
  "x": 0.11360904821420578,
  "y": 0.005696099178755638,
  "z": 0.7749832166448477,
  "qx": -9.055409508219502e-05,
  "qy": 0.00011892225484096585,
  "qz": 0.09632271046513102,
  "qw": 0.9953501459818568,
  "source_topic": "/world/robot_world/dynamic_pose/info"
}