{
  "name": "wood_block",
  "x": 0.12070131674302409,
  "y": -0.0003235358880091647,
  "z": 0.7738331462720361,
  "qx": 0.011869409661873918,
  "qy": 0.002145011117978475,
  "qz": -0.004654809544032351,
  "qw": 0.9999164209021127,
  "source_topic": "/world/robot_world/dynamic_pose/info"
}