{
  "name": "wood_block",
  "x": 0.12005811767634257,
  "y": 0.00038676285947931386,
  "z": 0.7746814090254657,
  "qx": 0.0025961386704307565,
  "qy": -0.0006102022625996718,
  "qz": -0.010220546794229358,
  "qw": 0.9999442125140929,
  "source_topic": "/world/robot_world/dynamic_pose/info"
}