{
  "name": "wood_block",
  "x": 0.12,
  "y": 5.7395541939616496e-18,
  "z": 0.774643228441102,
  "qx": 3.6869334596361185e-17,
  "qy": -1.1870011211623849e-16,
  "qz": 7.60399161457638e-18,
  "qw": 1.0,
  "source_topic": "/world/robot_world/dynamic_pose/info"
}