{
  "name": "wood_block",
  "x": 0.12,
  "y": 6.8066144121572986e-18,
  "z": 0.7744633242030354,
  "qx": 1.558774337451481e-17,
  "qy": 9.626491285896446e-17,
  "qz": 6.213426449174457e-17,
  "qw": 1.0,
  "source_topic": "/world/robot_world/dynamic_pose/info"
}