{
  "name": "wood_block",
  "x": 0.12009606451841544,
  "y": 0.00042107498033510494,
  "z": 0.7745710308421065,
  "qx": 0.0012672172102640438,
  "qy": -0.0027127251453339,
  "qz": -0.00968975622779273,
  "qw": 0.9999485706310469,
  "source_topic": "/world/robot_world/dynamic_pose/info"
}