{
  "name": "wood_block",
  "x": 0.12045003955043067,
  "y": -0.00027265987820736617,
  "z": 0.7749763375616395,
  "qx": -0.00010891300793568284,
  "qy": -0.0002445164247092599,
  "qz": -0.015796047250583662,
  "qw": 0.9998751988328004,
  "source_topic": "/world/robot_world/dynamic_pose/info"
}