{
  "name": "wood_block",
  "x": 0.11947679478610627,
  "y": 0.00021942339855420134,
  "z": 0.7740790048533993,
  "qx": -0.002261467014245963,
  "qy": -0.00041143870436724343,
  "qz": 0.022543067214550145,
  "qw": 0.9997432303375184,
  "source_topic": "/world/robot_world/dynamic_pose/info"
}