{
  "name": "wood_block",
  "x": 0.12036808133244639,
  "y": -0.00022982488522083422,
  "z": 0.7749188411276791,
  "qx": 0.00048199799402603684,
  "qy": -0.0005768915614204535,
  "qz": 0.004019198564399743,
  "qw": 0.9999916404235387,
  "source_topic": "/world/robot_world/dynamic_pose/info"
}