{
  "name": "wood_block",
  "x": 0.12,
  "y": 6.1491962968314706e-18,
  "z": 0.7744301823177084,
  "qx": 2.4149361551666563e-16,
  "qy": -1.1048621607801251e-16,
  "qz": -2.7083716254613434e-18,
  "qw": 1.0,
  "source_topic": "/world/robot_world/dynamic_pose/info"
}