{
  "name": "wood_block",
  "x": 0.11635105782056342,
  "y": 0.0007320410070848774,
  "z": 0.774856711453845,
  "qx": 0.0011569504931983159,
  "qy": 0.0007298914532976229,
  "qz": 0.001979219205334337,
  "qw": 0.9999971057034915,
  "source_topic": "/world/robot_world/dynamic_pose/info"
}