{
  "name": "wood_block",
  "x": 0.11936230012651665,
  "y": -0.0015921934979606898,
  "z": 0.7789981696499517,
  "qx": -0.006879992962109616,
  "qy": 0.09183464320496833,
  "qz": 0.039161191492567464,
  "qw": 0.9949801330102727,
  "source_topic": "/world/robot_world/dynamic_pose/info"
}