{
  "name": "wood_block",
  "x": 0.12,
  "y": -7.30071175730168e-19,
  "z": 0.7744470183923128,
  "qx": 5.639963028957251e-18,
  "qy": 1.4449658891943022e-16,
  "qz": 9.113132740225944e-17,
  "qw": 1.0,
  "source_topic": "/world/robot_world/dynamic_pose/info"
}