{
  "name": "wood_block",
  "x": 0.11997057730918459,
  "y": 0.00013306259353024018,
  "z": 0.7746956077649608,
  "qx": 0.0003126087966417018,
  "qy": 0.001089970722040549,
  "qz": -0.004458741593335392,
  "qw": 0.9999894168754833,
  "source_topic": "/world/robot_world/dynamic_pose/info"
}