{
  "name": "wood_block",
  "x": 0.12136478687316127,
  "y": -0.0008743209734700439,
  "z": 0.7729560125798042,
  "qx": 0.025048623434236913,
  "qy": -0.014681102036477961,
  "qz": -0.007805399000235773,
  "qw": 0.9995479515528464,
  "source_topic": "/world/robot_world/dynamic_pose/info"
}