{
  "name": "wood_block",
  "x": 0.12,
  "y": 2.15321031295585e-17,
  "z": 0.7749956925160869,
  "qx": 2.1127649129179266e-16,
  "qy": -1.4795624793756562e-16,
  "qz": 1.453289296814357e-16,
  "qw": 1.0,
  "source_topic": "/world/robot_world/dynamic_pose/info"
}