{
  "name": "wood_block",
  "x": 0.11999993410958833,
  "y": 1.7909454351875272e-07,
  "z": 0.7749909049901347,
  "qx": -5.569150102613044e-08,
  "qy": -2.048798843887243e-08,
  "qz": 3.792183662402743e-09,
  "qw": 0.9999999999999982,
  "source_topic": "/world/robot_world/dynamic_pose/info"
}