{
  "name": "wood_block",
  "x": 0.11735460183073158,
  "y": 0.002047765913220315,
  "z": 0.774742262960825,
  "qx": 0.002602993161526708,
  "qy": 0.0008141785196139521,
  "qz": -0.04935283902862451,
  "qw": 0.9987776823796944,
  "source_topic": "/world/robot_world/dynamic_pose/info"
}