{
  "name": "wood_block",
  "x": 0.1194225227570112,
  "y": -0.0010543198827255814,
  "z": 0.7755143559708654,
  "qx": 0.028110504574713792,
  "qy": -0.050901285274311335,
  "qz": -0.010057550539563006,
  "qw": 0.9982573337407156,
  "source_topic": "/world/robot_world/dynamic_pose/info"
}