{
  "name": "wood_block",
  "x": 0.11520885582850406,
  "y": 0.004060386587082867,
  "z": 0.7749911025231468,
  "qx": -2.7057720173160356e-05,
  "qy": -3.930271190311919e-05,
  "qz": 0.08524496331848125,
  "qw": 0.996360022257019,
  "source_topic": "/world/robot_world/dynamic_pose/info"
}