{
  "name": "wood_block",
  "x": 0.11967659272392708,
  "y": -0.0011119759298268458,
  "z": 0.7765775454239684,
  "qx": 0.03507911579072644,
  "qy": 0.0020635265603523266,
  "qz": -0.00706866127487896,
  "qw": 0.9993574092992239,
  "source_topic": "/world/robot_world/dynamic_pose/info"
}