{
  "name": "wood_block",
  "x": 0.11999998813677443,
  "y": 2.6694087844691323e-08,
  "z": 0.774990633060793,
  "qx": -9.127710170462783e-09,
  "qy": -4.056475080094597e-09,
  "qz": -3.296482395565692e-11,
  "qw": 0.9999999999999999,
  "source_topic": "/world/robot_world/dynamic_pose/info"
}