{
  "name": "wood_block",
  "x": 0.12,
  "y": -1.33867610872371e-17,
  "z": 0.7749823471800595,
  "qx": 2.2635914933068276e-17,
  "qy": -1.1028573108676065e-16,
  "qz": -7.976227739422328e-17,
  "qw": 1.0,
  "source_topic": "/world/robot_world/dynamic_pose/info"
}