{
  "name": "wood_block",
  "x": 0.11665646653119897,
  "y": -0.00027697448847147614,
  "z": 0.7748397050759123,
  "qx": 0.0022938999301224334,
  "qy": 0.0052448527496711346,
  "qz": 0.006356882173892636,
  "qw": 0.99996340912644,
  "source_topic": "/world/robot_world/dynamic_pose/info"
}