{
  "name": "wood_block",
  "x": 0.11999984919305905,
  "y": -1.454748590297935e-07,
  "z": 0.7743251916350078,
  "qx": 1.9664683308571883e-06,
  "qy": -2.038545120404049e-06,
  "qz": -6.582451664590616e-11,
  "qw": 0.9999999999959887,
  "source_topic": "/world/robot_world/dynamic_pose/info"
}