{
  "name": "wood_block",
  "x": 0.12145664129771891,
  "y": -0.000787308914359961,
  "z": 0.7730361716781882,
  "qx": 0.024575832841301822,
  "qy": -0.013947404941284776,
  "qz": -0.009086725388753348,
  "qw": 0.9995593678002671,
  "source_topic": "/world/robot_world/dynamic_pose/info"
}