{
  "name": "wood_block",
  "x": 0.12105824994132727,
  "y": -0.001087766768059882,
  "z": 0.7779655455572801,
  "qx": 0.006159957552061638,
  "qy": 0.07542264324301108,
  "qz": 0.014885621321009216,
  "qw": 0.9970215133521854,
  "source_topic": "/world/robot_world/dynamic_pose/info"
}