{
  "name": "wood_block",
  "x": 0.11999991571264099,
  "y": 1.1410645489521865e-08,
  "z": 0.7744844165245363,
  "qx": -1.4119947823926405e-07,
  "qy": -1.043003785273145e-06,
  "qz": 2.1554439743097586e-11,
  "qw": 0.9999999999994461,
  "source_topic": "/world/robot_world/dynamic_pose/info"
}