{
  "name": "wood_block",
  "x": 0.1205161496746306,
  "y": -0.0008927488930756938,
  "z": 0.7763366343227575,
  "qx": 0.002142375810339199,
  "qy": 0.030588669280846432,
  "qz": 0.015184313304790047,
  "qw": 0.9994144186307181,
  "source_topic": "/world/robot_world/dynamic_pose/info"
}