{
  "name": "wood_block",
  "x": 0.12,
  "y": -1.6874898479417566e-17,
  "z": 0.7744633252548081,
  "qx": 2.668733680129698e-16,
  "qy": -1.6750153052889325e-16,
  "qz": -2.816973931042128e-17,
  "qw": 1.0,
  "source_topic": "/world/robot_world/dynamic_pose/info"
}