{
  "name": "wood_block",
  "x": 0.1815688950411036,
  "y": -0.007963663897228074,
  "z": 0.7741099084901248,
  "qx": -0.053304632652796814,
  "qy": -0.05270824053379368,
  "qz": -0.047027656875414846,
  "qw": 0.9960767324892147,
  "source_topic": "/world/robot_world/dynamic_pose/info"
}