{
  "name": "wood_block",
  "x": 0.11749556285300052,
  "y": 0.001442295855067718,
  "z": 0.7735140438139774,
  "qx": 0.014558474487526172,
  "qy": 0.004227923333927012,
  "qz": -0.04929490411366896,
  "qw": 0.9986692084535813,
  "source_topic": "/world/robot_world/dynamic_pose/info"
}