{
  "name": "wood_block",
  "x": 0.12,
  "y": 1.111026427864621e-17,
  "z": 0.7749321722402933,
  "qx": -4.5119139434414484e-17,
  "qy": 1.0101761784980294e-16,
  "qz": 8.622246557258047e-17,
  "qw": 1.0,
  "source_topic": "/world/robot_world/dynamic_pose/info"
}