{
  "name": "wood_block",
  "x": 0.12,
  "y": 3.2029546477974646e-17,
  "z": 0.7749956925163056,
  "qx": 5.043359516474354e-17,
  "qy": 9.77825265936111e-17,
  "qz": 5.561144398220077e-16,
  "qw": 1.0,
  "source_topic": "/world/robot_world/dynamic_pose/info"
}