{
  "name": "wood_block",
  "x": 0.12000006381393057,
  "y": -2.1960954141939716e-08,
  "z": 0.7749813535454744,
  "qx": 1.937608436750613e-08,
  "qy": 5.630333185716356e-08,
  "qz": -3.333338468426946e-10,
  "qw": 0.9999999999999982,
  "source_topic": "/world/robot_world/dynamic_pose/info"
}