{
  "name": "wood_block",
  "x": 0.1084598539651841,
  "y": 0.002990153140068692,
  "z": 0.7758527018633911,
  "qx": 0.017893589083474395,
  "qy": -0.061231337384539286,
  "qz": 0.0872953423351353,
  "qw": 0.9941378506014164,
  "source_topic": "/world/robot_world/dynamic_pose/info"
}