{
  "name": "wood_block",
  "x": 0.1173584225659999,
  "y": 0.004469195920630528,
  "z": 0.7746553812577948,
  "qx": -0.004219529894531236,
  "qy": 0.0010623037118724225,
  "qz": 0.037902073592630224,
  "qw": 0.9992719849448756,
  "source_topic": "/world/robot_world/dynamic_pose/info"
}