{
  "name": "wood_block",
  "x": 0.12,
  "y": -6.2311786651774465e-18,
  "z": 0.7744686263836423,
  "qx": 3.5571243687931095e-17,
  "qy": -1.7415823349072496e-16,
  "qz": 1.4920704605760504e-16,
  "qw": 1.0,
  "source_topic": "/world/robot_world/dynamic_pose/info"
}