{
  "name": "wood_block",
  "x": 0.12168003675151513,
  "y": -4.886756021871783e-05,
  "z": 0.7745874624244529,
  "qx": 0.0031231478959063974,
  "qy": -0.00961806079474504,
  "qz": -0.0023623097393933464,
  "qw": 0.9999460777194259,
  "source_topic": "/world/robot_world/dynamic_pose/info"
}