{
  "name": "wood_block",
  "x": 0.12,
  "y": -1.2951673514221757e-18,
  "z": 0.7749936906292919,
  "qx": -1.554059209571518e-18,
  "qy": -1.3249262347469647e-16,
  "qz": 1.4426077168961642e-16,
  "qw": 1.0,
  "source_topic": "/world/robot_world/dynamic_pose/info"
}