{
  "name": "wood_block",
  "x": 0.11841826951953031,
  "y": 0.001030700334934898,
  "z": 0.7747788000845592,
  "qx": -0.010710502304095457,
  "qy": 0.012624245815289975,
  "qz": 0.024405165662923733,
  "qw": 0.9995650561353945,
  "source_topic": "/world/robot_world/dynamic_pose/info"
}