{
  "name": "wood_block",
  "x": 0.12,
  "y": 9.593974712258275e-19,
  "z": 0.7744470116546928,
  "qx": 3.462372387379354e-17,
  "qy": -1.2999573282277737e-16,
  "qz": 1.0148253880160618e-16,
  "qw": 1.0,
  "source_topic": "/world/robot_world/dynamic_pose/info"
}