{
  "name": "wood_block",
  "x": 0.12123850921557416,
  "y": -0.0013420391804915893,
  "z": 0.7780806977323612,
  "qx": 0.006900717713842613,
  "qy": 0.08212012563044883,
  "qz": 0.019265650672953594,
  "qw": 0.9964123141378878,
  "source_topic": "/world/robot_world/dynamic_pose/info"
}