{
  "name": "wood_block",
  "x": 0.12166728017676277,
  "y": 1.059894366380152e-06,
  "z": 0.774192992351992,
  "qx": 0.002005026410159927,
  "qy": -0.01366459447793955,
  "qz": -0.002180492942703039,
  "qw": 0.9999022473108933,
  "source_topic": "/world/robot_world/dynamic_pose/info"
}