{
  "name": "wood_block",
  "x": 0.12,
  "y": 6.511530425417522e-18,
  "z": 0.7749834087284404,
  "qx": -2.557252210343641e-18,
  "qy": 7.243586208110874e-17,
  "qz": 9.002019049040398e-17,
  "qw": 1.0,
  "source_topic": "/world/robot_world/dynamic_pose/info"
}