{
  "name": "wood_block",
  "x": 0.12056378499958179,
  "y": 0.0006657769284703611,
  "z": 0.7747934695182362,
  "qx": -0.003861019061751423,
  "qy": 0.005567600496747418,
  "qz": -0.009036213206507902,
  "qw": 0.9999362185696645,
  "source_topic": "/world/robot_world/dynamic_pose/info"
}