{
  "name": "wood_block",
  "x": 0.11999998194631477,
  "y": 1.8143344250092297e-07,
  "z": 0.7749823559085387,
  "qx": -1.486950803693942e-07,
  "qy": -1.4795656090899296e-08,
  "qz": 2.428390449546175e-09,
  "qw": 0.9999999999999888,
  "source_topic": "/world/robot_world/dynamic_pose/info"
}