{
  "name": "wood_block",
  "x": 0.11914222120162399,
  "y": -3.800788826461711e-05,
  "z": 0.7739287875990064,
  "qx": 0.00028315035402715354,
  "qy": -0.018867055843602702,
  "qz": -0.0010354693682042124,
  "qw": 0.9998214249719091,
  "source_topic": "/world/robot_world/dynamic_pose/info"
}