{
  "name": "wood_block",
  "x": 0.11347411501887857,
  "y": -0.0007046821833683423,
  "z": 0.7747019421428036,
  "qx": 0.00086728510323631,
  "qy": -0.00269679346520546,
  "qz": 0.011508194994869611,
  "qw": 0.9999297658183377,
  "source_topic": "/world/robot_world/dynamic_pose/info"
}