{
  "name": "wood_block",
  "x": 0.1180193916437886,
  "y": 0.0026018830320147577,
  "z": 0.7748825122985662,
  "qx": -0.0024054351773666895,
  "qy": -0.001922204237109751,
  "qz": 0.0170574963019215,
  "qw": 0.9998497691315372,
  "source_topic": "/world/robot_world/dynamic_pose/info"
}