{
  "name": "wood_block",
  "x": 0.12,
  "y": -8.284758850532039e-19,
  "z": 0.7685970990003919,
  "qx": -2.9898025295002215e-17,
  "qy": 9.608995495693254e-17,
  "qz": 1.15805574309803e-17,
  "qw": 1.0,
  "source_topic": "/world/robot_world/dynamic_pose/info"
}