{
  "name": "wood_block",
  "x": 0.12006262111338369,
  "y": 0.00012235130706646566,
  "z": 0.7748427463333386,
  "qx": -0.002401033757400135,
  "qy": 0.00030644341632685374,
  "qz": -1.2092816476421922e-05,
  "qw": 0.9999970704872551,
  "source_topic": "/world/robot_world/dynamic_pose/info"
}