{
  "name": "wood_block",
  "x": 0.11922121701443197,
  "y": -0.00020951699625680294,
  "z": 0.7748292347894007,
  "qx": -0.0031850021462908286,
  "qy": -0.006104804898245287,
  "qz": 0.007251470953713287,
  "qw": 0.9999500003937647,
  "source_topic": "/world/robot_world/dynamic_pose/info"
}