{
  "name": "wood_block",
  "x": 0.12034292517148809,
  "y": 0.00018004789642351053,
  "z": 0.7745736763347536,
  "qx": 0.001756495509165624,
  "qy": -0.0022988278896446794,
  "qz": -0.005528136528711231,
  "qw": 0.9999805347207414,
  "source_topic": "/world/robot_world/dynamic_pose/info"
}