{
  "name": "wood_block",
  "x": 0.12002227393657751,
  "y": 0.00027629154872787663,
  "z": 0.7747096093883495,
  "qx": -0.005589154421342313,
  "qy": 0.00018386473314950825,
  "qz": 8.961547320494845e-05,
  "qw": 0.9999843596355301,
  "source_topic": "/world/robot_world/dynamic_pose/info"
}