{
  "name": "wood_block",
  "x": 0.11999997034468599,
  "y": -4.342344253946492e-05,
  "z": 0.7747817031352826,
  "qx": 6.364591007751215e-05,
  "qy": -0.00031018143454113195,
  "qz": -0.0007262733593616018,
  "qw": 0.9999996861317924,
  "source_topic": "/world/robot_world/dynamic_pose/info"
}