{
  "name": "wood_block",
  "x": 0.11966460395945638,
  "y": -0.0012916997690756605,
  "z": 0.7795893640586025,
  "qx": -0.006459501758493761,
  "qy": 0.11723273801801821,
  "qz": 0.034488303605986814,
  "qw": 0.9924844164460277,
  "source_topic": "/world/robot_world/dynamic_pose/info"
}