{
  "trial_id": "tune_down_105",
  "use_truth": true,
  "success": false,
  "failure_type": "grasp_no_lift",
  "t_start": 1778484103.439346,
  "stage": "done",
  "truth_before": {
    "name": "wood_block",
    "x": 0.12,
    "y": -9.24232548089882e-18,
    "z": 0.7749956925160869,
    "qx": 8.463591743827726e-17,
    "qy": 9.756986077476205e-17,
    "qz": 3.2246226615193523e-16,
    "qw": 1.0,
    "source_topic": "/world/robot_world/dynamic_pose/info"
  },
  "target_source": "gazebo_truth",
  "perception": null,
  "target_world_xyz": [
    0.12,
    -9.24232548089882e-18,
    0.7749956925160869
  ],
  "target_base_xy": [
    0.32,
    -9.24232548089882e-18
  ],
  "waypoints_base": {
    "pregrasp": [
      0.32,
      -9.24232548089882e-18,
      0.22
    ],
    "down": [
      0.32,
      -9.24232548089882e-18,
      0.105
    ],
    "lift": [
      0.32,
      -9.24232548089882e-18,
      0.26
    ]
  },
  "q_targets": {
    "pregrasp": [
      -0.0003986074681018295,
      -0.409253701623413,
      -0.8211847806165055,
      -0.60184876849865,
      -0.07226377421563239
    ],
    "down": [
      -0.00040420611368152594,
      -0.6000320715971762,
      -0.9823432138937473,
      -0.6869608898265175,
      -0.07219730512488833
    ],
    "lift": [
      -0.00042284490953882004,
      -0.4104069014804467,
      -0.720092724076902,
      -0.5104651834517628,
      -0.07233430951220919
    ]
  },
  "truth_after": {
    "name": "wood_block",
    "x": 0.12,
    "y": -9.24232548089882e-18,
    "z": 0.7749956925160869,
    "qx": 8.463591743827726e-17,
    "qy": 9.756986077476205e-17,
    "qz": 3.2246226615193523e-16,
    "qw": 1.0,
    "source_topic": "/world/robot_world/dynamic_pose/info"
  },
  "t_end": 1778484170.374218,
  "duration_s": 66.93487191200256
}