{
  "trial_id": "tune_down_095",
  "use_truth": true,
  "success": false,
  "failure_type": "grasp_no_lift",
  "t_start": 1778484170.8231795,
  "stage": "done",
  "truth_before": {
    "name": "wood_block",
    "x": 0.12,
    "y": -9.24232548089882e-18,
    "z": 0.7749956925160869,
    "qx": 8.463591743827726e-17,
    "qy": 9.756986077476205e-17,
    "qz": 3.2246226615193523e-16,
    "qw": 1.0,
    "source_topic": "/world/robot_world/dynamic_pose/info"
  },
  "target_source": "gazebo_truth",
  "perception": null,
  "target_world_xyz": [
    0.12,
    -9.24232548089882e-18,
    0.7749956925160869
  ],
  "target_base_xy": [
    0.32,
    -9.24232548089882e-18
  ],
  "waypoints_base": {
    "pregrasp": [
      0.32,
      -9.24232548089882e-18,
      0.22
    ],
    "down": [
      0.32,
      -9.24232548089882e-18,
      0.095
    ],
    "lift": [
      0.32,
      -9.24232548089882e-18,
      0.26
    ]
  },
  "q_targets": {
    "pregrasp": [
      -3.039520470011185e-05,
      -0.3853290370797882,
      -0.8885314848832667,
      -0.5281537111832347,
      -0.00471037361459604
    ],
    "down": [
      -2.016375166453994e-05,
      -0.6023512017306205,
      -1.0553538525154722,
      -0.6090191671667109,
      -0.004713485773988601
    ],
    "lift": [
      -3.497144110557177e-05,
      -0.3891863309657301,
      -0.7841669439875621,
      -0.4392892203796869,
      -0.004707038130034074
    ]
  },
  "truth_after": {
    "name": "wood_block",
    "x": 0.12,
    "y": -9.24232548089882e-18,
    "z": 0.7749956925160869,
    "qx": 8.463591743827726e-17,
    "qy": 9.756986077476205e-17,
    "qz": 3.2246226615193523e-16,
    "qw": 1.0,
    "source_topic": "/world/robot_world/dynamic_pose/info"
  },
  "t_end": 1778484240.1710145,
  "duration_s": 69.34783506393433
}