{
  "trial_id": "tune_down_085",
  "use_truth": true,
  "success": false,
  "failure_type": "grasp_no_lift",
  "t_start": 1778484240.6442544,
  "stage": "done",
  "truth_before": {
    "name": "wood_block",
    "x": 0.12,
    "y": -9.24232548089882e-18,
    "z": 0.7749956925160869,
    "qx": 8.463591743827726e-17,
    "qy": 9.756986077476205e-17,
    "qz": 3.2246226615193523e-16,
    "qw": 1.0,
    "source_topic": "/world/robot_world/dynamic_pose/info"
  },
  "target_source": "gazebo_truth",
  "perception": null,
  "target_world_xyz": [
    0.12,
    -9.24232548089882e-18,
    0.7749956925160869
  ],
  "target_base_xy": [
    0.32,
    -9.24232548089882e-18
  ],
  "waypoints_base": {
    "pregrasp": [
      0.32,
      -9.24232548089882e-18,
      0.22
    ],
    "down": [
      0.32,
      -9.24232548089882e-18,
      0.085
    ],
    "lift": [
      0.32,
      -9.24232548089882e-18,
      0.26
    ]
  },
  "q_targets": {
    "pregrasp": [
      3.04408366859532e-05,
      -0.39973821395710674,
      -0.8473316360601153,
      -0.5737736537385268,
      0.005087771701454211
    ],
    "down": [
      2.9162493548509292e-05,
      -0.6471434079409554,
      -1.01924289119925,
      -0.6489570166587221,
      0.005075957461821441
    ],
    "lift": [
      3.722701715488553e-05,
      -0.4020073538548469,
      -0.7448138671019015,
      -0.48354902056915844,
      0.005101715694395085
    ]
  },
  "truth_after": {
    "name": "wood_block",
    "x": 0.12,
    "y": -9.24232548089882e-18,
    "z": 0.7749956925160869,
    "qx": 8.463591743827726e-17,
    "qy": 9.756986077476205e-17,
    "qz": 3.2246226615193523e-16,
    "qw": 1.0,
    "source_topic": "/world/robot_world/dynamic_pose/info"
  },
  "t_end": 1778484309.5199158,
  "duration_s": 68.87566137313843
}