{
  "R": [
    [
      -0.5345313361288347,
      0.7673799128044121,
      -0.35412472396122696
    ],
    [
      -0.5384615595558316,
      0.013733761355588582,
      0.8425381490945846
    ],
    [
      0.6514103158355907,
      0.6410455937164846,
      0.4058634588130049
    ]
  ],
  "t": [
    -0.06541795303789913,
    -0.2266652992304949,
    0.8688449343568327
  ],
  "residual_mean": [
    1.850371707708594e-17,
    2.0816681711721685e-17,
    0.0
  ],
  "residual_std": [
    0.0003546106602372719,
    0.0007490997973040309,
    1.1795603932240598e-06
  ],
  "residual_norm_mean": 0.0007859155635852663,
  "note": "calibration maps estimate_base_frame to Gazebo world"
}