{
  "description": "Rigid calibration from estimate_base_frame to Gazebo world frame",
  "formula": "p_world = R @ p_est_base + t",
  "n_used": 12,
  "used_samples": [
    "s0000",
    "s0001",
    "s0002",
    "s0003",
    "s0004",
    "s0005",
    "s0006",
    "s0007",
    "s0008",
    "s0009",
    "s0010",
    "s0011"
  ],
  "R": [
    [
      -0.5507151569115188,
      0.7368251820816099,
      -0.3921753013619343
    ],
    [
      -0.5663899572474753,
      0.015243102244420688,
      0.8239963981493909
    ],
    [
      0.6131192643174116,
      0.6759114578732693,
      0.40893577593371183
    ]
  ],
  "t": [
    -0.06834482663847546,
    -0.23279720718120228,
    0.8512958732938098
  ],
  "residual_mean_xyz": [
    -2.42861286636753e-17,
    1.7202674470103336e-17,
    9.251858538542972e-17
  ],
  "residual_std_xyz": [
    0.005382703182838271,
    0.0005653864182928992,
    0.0028653864588169035
  ],
  "residual_norm_mean": 0.005218838726504176,
  "residual_norm_std": 0.003204265479269604,
  "residual_norm_min": 0.00167662871842374,
  "residual_norm_max": 0.014766830424405188
}