{
  "n_total": 30,
  "n_detected": 30,
  "n_depth_valid": 30,
  "n_error_valid": 30,
  "miss_rate": 0.0,
  "depth_fail_rate_given_detected": 0.0,
  "error_mean_xyz": [
    -0.0008165038333333332,
    -2.039096666666667e-05,
    -0.0006213983666666665
  ],
  "error_std_xyz": [
    0.004740607024540683,
    0.0023113243272878496,
    0.003082954501326192
  ],
  "error_cov_xyz": [
    [
      2.3248298235645993e-05,
      -5.097675568783869e-06,
      6.095803384543684e-06
    ],
    [
      -5.097675568783869e-06,
      5.526434633702722e-06,
      -1.0851844881298837e-06
    ],
    [
      6.095803384543684e-06,
      -1.0851844881298837e-06,
      9.832353576462859e-06
    ]
  ],
  "error_norm_mean": 0.005770355684480473,
  "error_norm_std": 0.0022530887843877885,
  "error_samples_xyz": [
    [
      -0.005434758,
      0.001272243,
      -0.000282347
    ],
    [
      0.009515155,
      0.0010876,
      0.001554172
    ],
    [
      -0.004302392,
      -0.000751256,
      -0.004852901
    ],
    [
      -0.004988667,
      -9.7881e-05,
      -0.002387037
    ],
    [
      -0.005444088,
      -0.000253957,
      -0.002897322
    ],
    [
      -0.004412917,
      0.003519667,
      0.001169528
    ],
    [
      -0.00383574,
      -0.00177789,
      0.001463639
    ],
    [
      0.009560863,
      -0.001562076,
      -0.002861686
    ],
    [
      -0.004728814,
      -0.000571268,
      -0.004513703
    ],
    [
      0.001636588,
      -0.001836565,
      -0.002497628
    ],
    [
      -0.004393084,
      0.001949142,
      0.000517232
    ],
    [
      -0.00092264,
      -0.000737747,
      -0.004080033
    ],
    [
      0.009725522,
      -0.007434701,
      0.002588139
    ],
    [
      -0.001931,
      -0.001816488,
      -0.005252355
    ],
    [
      -0.004717318,
      0.001953896,
      -0.000629503
    ],
    [
      -0.004392084,
      -0.000239399,
      0.000231359
    ],
    [
      -0.003885095,
      0.002180104,
      -0.003958864
    ],
    [
      0.003993523,
      -0.000600609,
      0.006708056
    ],
    [
      -0.004223573,
      0.000100177,
      -0.003655242
    ],
    [
      0.00681971,
      -0.002499827,
      0.006024658
    ],
    [
      -0.000954551,
      0.001085148,
      -0.00187285
    ],
    [
      -0.003903664,
      -0.000662891,
      0.002822347
    ],
    [
      0.000797142,
      -0.001006318,
      -0.002579899
    ],
    [
      -0.00457477,
      -0.002757407,
      0.001082076
    ],
    [
      0.005764626,
      -0.000393005,
      0.003699224
    ],
    [
      0.001338055,
      -0.001029293,
      -0.003180372
    ],
    [
      -0.000195467,
      0.003085648,
      -0.001249007
    ],
    [
      0.000237693,
      0.000776498,
      0.002830901
    ],
    [
      -0.003039522,
      0.004006318,
      -0.000911939
    ],
    [
      -0.003603848,
      0.004400408,
      -0.001670594
    ]
  ],
  "recommended_sampler": "empirical_or_gaussian"
}