{
  "name": "wood_block",
  "x": 0.12333432494937678,
  "y": -0.047751486018371946,
  "z": 0.7727090239999991,
  "qx": 3.05912171476991e-16,
  "qy": -1.2065877612682272e-16,
  "qz": -0.00200689061561416,
  "qw": 0.9999979861930007,
  "source_topic": "/world/robot_world/dynamic_pose/info"
}