{
  "name": "wood_block",
  "x": 0.11658956218414791,
  "y": 0.05787232696093196,
  "z": 0.7726385434788345,
  "qx": 4.331744572004149e-16,
  "qy": -2.2801407338795173e-16,
  "qz": -0.08009585838142314,
  "qw": 0.9967871655825746,
  "source_topic": "/world/robot_world/dynamic_pose/info"
}