{
  "name": "wood_block",
  "x": 0.06550621115869278,
  "y": 0.06368706605103984,
  "z": 0.7727289847999991,
  "qx": -1.2926868312834499e-16,
  "qy": 2.7465876560604644e-17,
  "qz": 0.12886071717934414,
  "qw": 0.9916627025193723,
  "source_topic": "/world/robot_world/dynamic_pose/info"
}