{
  "name": "wood_block",
  "x": 0.164260672690513,
  "y": -0.027715304522401476,
  "z": 0.7729678481031931,
  "qx": 5.09039137338264e-16,
  "qy": 1.912696655451554e-16,
  "qz": -0.12969020192847577,
  "qw": 0.9915545630593161,
  "source_topic": "/world/robot_world/dynamic_pose/info"
}