{
  "name": "wood_block",
  "x": 0.06440943496436943,
  "y": -0.040228562649684364,
  "z": 0.7738513551382091,
  "qx": 2.2006577899667182e-16,
  "qy": 2.310744782944503e-17,
  "qz": -0.0858734463742072,
  "qw": 0.9963060529816208,
  "source_topic": "/world/robot_world/dynamic_pose/info"
}