{
  "name": "wood_block",
  "x": 0.15166578893560745,
  "y": 0.02316492017380903,
  "z": 0.7727689062062018,
  "qx": 3.0250656104205453e-16,
  "qy": -2.5882722674991147e-16,
  "qz": -0.03169136472077788,
  "qw": 0.999497702549703,
  "source_topic": "/world/robot_world/dynamic_pose/info"
}