{
  "name": "wood_block",
  "x": 0.08377049284813651,
  "y": 0.028272053477767452,
  "z": 0.7727872472668559,
  "qx": 4.6164757018383045e-17,
  "qy": -3.8102714305868566e-16,
  "qz": 0.16351250634691264,
  "qw": 0.9865412613105196,
  "source_topic": "/world/robot_world/dynamic_pose/info"
}