{
  "name": "wood_block",
  "x": 0.11579363889580115,
  "y": 0.034439503941738316,
  "z": 0.772825420690747,
  "qx": 1.2709898994845893e-16,
  "qy": -7.971851334054513e-16,
  "qz": 0.07271630576467616,
  "qw": 0.9973526652473227,
  "source_topic": "/world/robot_world/dynamic_pose/info"
}