{
  "name": "wood_block",
  "x": 0.11132965067863104,
  "y": 0.056139977516283614,
  "z": 0.7725878396273556,
  "qx": 1.71678596972318e-16,
  "qy": 8.071380953404355e-17,
  "qz": -0.16166004537563242,
  "qw": 0.9868465076845276,
  "source_topic": "/world/robot_world/dynamic_pose/info"
}