{
  "name": "wood_block",
  "x": 0.13335032679556352,
  "y": 0.05694531994192893,
  "z": 0.7727480780221423,
  "qx": -2.6822569979487384e-16,
  "qy": -2.3875535143972357e-16,
  "qz": 0.008037955685735232,
  "qw": 0.9999676951123941,
  "source_topic": "/world/robot_world/dynamic_pose/info"
}