{
  "name": "wood_block",
  "x": 0.08121531058519307,
  "y": 0.0663975336571581,
  "z": 0.7720863829717731,
  "qx": -4.8611638177601594e-17,
  "qy": -2.3408942811686446e-16,
  "qz": -0.1309511252704808,
  "qw": 0.9913888252297354,
  "source_topic": "/world/robot_world/dynamic_pose/info"
}