{
  "name": "wood_block",
  "x": 0.15248395898925454,
  "y": -0.07380995228294132,
  "z": 0.7730662605351938,
  "qx": 6.765242251542937e-16,
  "qy": -3.025555763632559e-16,
  "qz": -0.08365335642165754,
  "qw": 0.9964949151698623,
  "source_topic": "/world/robot_world/dynamic_pose/info"
}