{
  "name": "wood_block",
  "x": 0.16384875249266284,
  "y": 0.07960963578928129,
  "z": 0.7718507095999992,
  "qx": 4.570820279365195e-16,
  "qy": 3.5837522067073045e-16,
  "qz": -0.09005563430663723,
  "qw": 0.9959367363089029,
  "source_topic": "/world/robot_world/dynamic_pose/info"
}