{
  "name": "wood_block",
  "x": 0.07529944081172738,
  "y": -0.04469682253688182,
  "z": 0.7719904351999992,
  "qx": -3.474240789668396e-18,
  "qy": 2.1297185728501346e-16,
  "qz": 0.10167018590641407,
  "qw": 0.994818160920756,
  "source_topic": "/world/robot_world/dynamic_pose/info"
}