{
  "name": "wood_block",
  "x": 0.10193406201246241,
  "y": -0.054712348889581326,
  "z": 0.7719904351999992,
  "qx": 3.84612080555212e-16,
  "qy": -3.6062325388619515e-16,
  "qz": 0.019494866521075113,
  "qw": 0.9998099570314978,
  "source_topic": "/world/robot_world/dynamic_pose/info"
}