{
  "name": "wood_block",
  "x": 0.10186998893609221,
  "y": -0.02478085981478527,
  "z": 0.7717509055999993,
  "qx": 3.9310539314637575e-16,
  "qy": -8.91402087661546e-17,
  "qz": 0.16486689653488792,
  "qw": 0.9863158248892464,
  "source_topic": "/world/robot_world/dynamic_pose/info"
}