{
  "name": "wood_block",
  "x": 0.1019395027479494,
  "y": -0.0708184556802877,
  "z": 0.7717509055999993,
  "qx": -7.99794326564149e-17,
  "qy": -9.326160389085169e-17,
  "qz": -0.10668801326819656,
  "qw": 0.9942925463991396,
  "source_topic": "/world/robot_world/dynamic_pose/info"
}