{
  "name": "wood_block",
  "x": 0.13800973923567414,
  "y": -0.04929972851427618,
  "z": 0.7719505135999992,
  "qx": -2.1729184777251828e-16,
  "qy": 1.3627503590187198e-16,
  "qz": -0.07271626156831079,
  "qw": 0.9973526684696488,
  "source_topic": "/world/robot_world/dynamic_pose/info"
}