{
  "name": "wood_block",
  "x": 0.10607537841039716,
  "y": 0.0033807405978160993,
  "z": 0.7718706703999992,
  "qx": 2.497792062389192e-16,
  "qy": -1.0632558077670667e-16,
  "qz": 0.025486561878705363,
  "qw": 0.9996751648228553,
  "source_topic": "/world/robot_world/dynamic_pose/info"
}