{
  "name": "wood_block",
  "x": 0.08376270839785488,
  "y": 0.07734012870525127,
  "z": 0.7719904351999992,
  "qx": 1.5162791193085344e-16,
  "qy": -2.0184614574183444e-16,
  "qz": -0.06709528574308417,
  "qw": 0.9977465723474342,
  "source_topic": "/world/robot_world/dynamic_pose/info"
}