{
  "name": "wood_block",
  "x": 0.07260431643240178,
  "y": 0.0669864567965463,
  "z": 0.7718906311999992,
  "qx": 2.0175614331003726e-16,
  "qy": -7.751412574380583e-17,
  "qz": -0.115636863128333,
  "qw": 0.9932915563347144,
  "source_topic": "/world/robot_world/dynamic_pose/info"
}