{
  "name": "wood_block",
  "x": 0.07546185096466335,
  "y": -0.05038334290489764,
  "z": 0.7717908271999993,
  "qx": 1.7268110124832582e-16,
  "qy": 1.2162399314195594e-16,
  "qz": 0.01996966181377296,
  "qw": 0.999800586420634,
  "source_topic": "/world/robot_world/dynamic_pose/info"
}