{
  "name": "wood_block",
  "x": 0.09627371280547012,
  "y": 0.024628520788123824,
  "z": 0.7720103959999992,
  "qx": -2.318937179624343e-18,
  "qy": -1.6216746200923567e-16,
  "qz": 0.15358984102408446,
  "qw": 0.988134687547298,
  "source_topic": "/world/robot_world/dynamic_pose/info"
}