{
  "name": "wood_block",
  "x": 0.07604336807701995,
  "y": -0.0712737144500767,
  "z": 0.7719505135999992,
  "qx": 6.347147063174219e-16,
  "qy": -2.5595515142741764e-16,
  "qz": -0.16875548363142878,
  "qw": 0.9856579461173752,
  "source_topic": "/world/robot_world/dynamic_pose/info"
}