{
  "name": "wood_block",
  "x": 0.16368359648697606,
  "y": 0.02838288247518688,
  "z": 0.7720103959999992,
  "qx": -5.272843975157477e-19,
  "qy": 2.0138969298350689e-16,
  "qz": 0.15973074232402665,
  "qw": 0.9871606201407224,
  "source_topic": "/world/robot_world/dynamic_pose/info"
}