{
  "name": "wood_block",
  "x": 0.12785113853669441,
  "y": -0.05491132302634781,
  "z": 0.7719105919999992,
  "qx": 5.066436661350286e-16,
  "qy": -3.4661952652879763e-16,
  "qz": -0.1696862263684804,
  "qw": 0.9854981403233721,
  "source_topic": "/world/robot_world/dynamic_pose/info"
}