{
  "name": "wood_block",
  "x": 0.1324959926033441,
  "y": -0.07578100025670594,
  "z": 0.7717309447999993,
  "qx": 2.671991057361112e-16,
  "qy": 5.2252127426361815e-18,
  "qz": -0.13911069207422713,
  "qw": 0.9902768377330803,
  "source_topic": "/world/robot_world/dynamic_pose/info"
}