{
  "name": "wood_block",
  "x": 0.1304711091438289,
  "y": -0.07757892479788231,
  "z": 0.7717708663999993,
  "qx": 1.5797112316262793e-16,
  "qy": 9.927640029208009e-17,
  "qz": 0.15929683911474152,
  "qw": 0.9872307314139143,
  "source_topic": "/world/robot_world/dynamic_pose/info"
}