{
  "name": "wood_block",
  "x": 0.17636413380895516,
  "y": -0.017613148009552097,
  "z": 0.7719904351999992,
  "qx": 1.598137841858083e-16,
  "qy": -4.994854069549229e-16,
  "qz": 0.16708590615274999,
  "qw": 0.9859423410956213,
  "source_topic": "/world/robot_world/dynamic_pose/info"
}