{
  "name": "wood_block",
  "x": 0.10163525437638372,
  "y": 0.02399363689937575,
  "z": 0.7719305527999992,
  "qx": 1.335157159208137e-16,
  "qy": -1.5636699262105821e-16,
  "qz": -0.011949466671973802,
  "qw": 0.9999286025743315,
  "source_topic": "/world/robot_world/dynamic_pose/info"
}