{
  "name": "wood_block",
  "x": 0.12,
  "y": -6.588852270835999e-18,
  "z": 0.7684820567307853,
  "qx": 1.8293100028033986e-16,
  "qy": -4.339337593714922e-17,
  "qz": -3.6783457856879123e-17,
  "qw": 1.0,
  "source_topic": "/world/robot_world/dynamic_pose/info"
}