{
  "name": "wood_block",
  "x": 0.12,
  "y": 4.2812368595340816e-17,
  "z": 0.7749959712078572,
  "qx": 2.6646173331316405e-17,
  "qy": -1.165866007144471e-16,
  "qz": 7.355550646972091e-17,
  "qw": 1.0,
  "source_topic": "/world/robot_world/dynamic_pose/info"
}