{
  "trial_id": "scheme_a_tippad_low_alignment_x0_open_down",
  "params": {
    "trial_id": "scheme_a_tippad_low_alignment_x0_open_down",
    "block_x": 0.12,
    "block_y": 0.0,
    "block_z": 0.775,
    "block_yaw": 0.0,
    "pre_z_base": 0.22,
    "down_z_base": 0.02,
    "x_offset": 0.0,
    "y_offset": 0.0,
    "close": null
  },
  "t_start": 1780044948.2506218,
  "truth_before": {
    "name": "wood_block",
    "x": 0.12,
    "y": 3.2655519663181528e-18,
    "z": 0.7685970990483473,
    "qx": 4.156852149221776e-17,
    "qy": 1.2838042856668768e-16,
    "qz": 5.204614274625848e-19,
    "qw": 1.0,
    "source_topic": "/world/robot_world/dynamic_pose/info"
  },
  "target_base": [
    0.32,
    3.2655519663181528e-18,
    0.018597099048347276
  ],
  "waypoints_base": {
    "pregrasp": [
      0.32,
      3.2655519663181528e-18,
      0.22
    ],
    "down": [
      0.32,
      3.2655519663181528e-18,
      0.02
    ]
  },
  "error": "ik_fail_pregrasp_ik_error_-21",
  "t_end": 1780044970.8603206,
  "duration_s": 22.60969877243042
}