{
  "trial_id": "scheme_a_tippad_low_alignment_x0_stampfix",
  "params": {
    "trial_id": "scheme_a_tippad_low_alignment_x0_stampfix",
    "block_x": 0.12,
    "block_y": 0.0,
    "block_z": 0.775,
    "block_yaw": 0.0,
    "pre_z_base": 0.22,
    "down_z_base": 0.02,
    "x_offset": 0.0,
    "y_offset": 0.0,
    "close": null
  },
  "t_start": 1780045207.6104257,
  "truth_before": {
    "name": "wood_block",
    "x": 0.12,
    "y": -4.852253977883152e-19,
    "z": 0.7684972950005287,
    "qx": -6.897081753094377e-17,
    "qy": 8.647608653078042e-17,
    "qz": 2.110569163854792e-17,
    "qw": 1.0,
    "source_topic": "/world/robot_world/dynamic_pose/info"
  },
  "target_base": [
    0.32,
    -4.852253977883152e-19,
    0.018497295000528657
  ],
  "waypoints_base": {
    "pregrasp": [
      0.32,
      -4.852253977883152e-19,
      0.22
    ],
    "down": [
      0.32,
      -4.852253977883152e-19,
      0.02
    ]
  },
  "error": "ik_fail_pregrasp_ik_error_-21",
  "t_end": 1780045247.2924821,
  "duration_s": 39.68205642700195
}