{
  "trial_id": "scheme_a_tippad_alignment_open_down",
  "params": {
    "trial_id": "scheme_a_tippad_alignment_open_down",
    "block_x": 0.12,
    "block_y": 0.0,
    "block_z": 0.775,
    "block_yaw": 0.0,
    "pre_z_base": 0.22,
    "down_z_base": 0.02,
    "x_offset": 0.0,
    "y_offset": 0.0,
    "close": null
  },
  "t_start": 1780044303.451944,
  "truth_before": {
    "name": "wood_block",
    "x": 0.11999999999999413,
    "y": 5.345845286150238e-15,
    "z": 0.7684374126004003,
    "qx": -9.247381348382732e-14,
    "qy": -1.0172074762620978e-13,
    "qz": 2.3105925346531686e-18,
    "qw": 1.0,
    "source_topic": "/world/robot_world/dynamic_pose/info"
  },
  "target_base": [
    0.3199999999999941,
    5.345845286150238e-15,
    0.018437412600400327
  ],
  "waypoints_base": {
    "pregrasp": [
      0.3199999999999941,
      5.345845286150238e-15,
      0.22
    ],
    "down": [
      0.3199999999999941,
      5.345845286150238e-15,
      0.02
    ]
  },
  "q_targets": {
    "pregrasp": [
      0.00013353941795585,
      -0.4036408572179067,
      -0.8365394776324142,
      -0.5854671819479352,
      0.029404450249040634
    ],
    "down": [
      0.00019329009283391117,
      -0.8770783605729313,
      -1.008900759746764,
      -0.579612316408177,
      0.02940568492112344
    ]
  },
  "frame_positions_base": {
    "grasp_tcp": [
      0.3334786677306562,
      -2.1241699630153916e-05,
      0.06322408120504558
    ],
    "end_effector_link": [
      0.32582635977354313,
      4.2655676300743466e-05,
      0.07330090530844202
    ],
    "link5": [
      0.26898684482353263,
      3.521451054459036e-05,
      0.12959717059199882
    ],
    "l_out_link": [
      0.3244689884470014,
      0.025866322881579976,
      0.08361742402737621
    ],
    "r_out_link": [
      0.32512720863568145,
      -0.025913612217809148,
      0.08507625027044456
    ]
  },
  "pad_centers_base": {
    "l_out_link": [
      0.32547609701997304,
      0.013559590967531364,
      0.06903901252550178
    ],
    "r_out_link": [
      0.32584924144931304,
      -0.014444226506017383,
      0.06981414491075758
    ]
  },
  "pad_midpoint_base": [
    0.32566266923464304,
    -0.0004423177692430098,
    0.06942657871812968
  ],
  "pad_axis_l_to_r_base": [
    0.0003731444293399999,
    -0.02800381747354875,
    0.0007751323852557973
  ],
  "pad_gap_m": 0.028017028037813967,
  "block_center_base": [
    0.3199999999999941,
    5.345845286150238e-15,
    0.018437412600400327
  ],
  "midpoint_error_base": [
    0.0056626692346489205,
    -0.0004423177692483556,
    0.050989166117729356
  ],
  "block_offset_along_pad_axis_m": -0.0019282178480018839,
  "block_offset_perpendicular_to_pad_axis_base": [
    -0.005636988289918995,
    -0.0014849908871803184,
    -0.05093581912825577
  ],
  "block_offset_perpendicular_norm_m": 0.05126829922263931,
  "truth_after_inspect": {
    "name": "wood_block",
    "x": 0.12007072868043256,
    "y": -0.00022597229921995725,
    "z": 0.772657889292809,
    "qx": 0.010447950347322182,
    "qy": -0.020183967327629615,
    "qz": -0.005779136844090725,
    "qw": 0.9997249868707866,
    "source_topic": "/world/robot_world/dynamic_pose/info"
  },
  "t_end": 1780044357.864314,
  "duration_s": 54.41236996650696
}